ISO-10303-21;
HEADER;
/* Generated by software containing ST-Developer
 * from STEP Tools, Inc. (www.steptools.com) 
 */

FILE_DESCRIPTION(
/* description */ (''),
/* implementation_level */ '2;1');

FILE_NAME(
/* name */ 'Coat Hanger.step',
/* time_stamp */ '2023-11-07T18:36:33-05:00',
/* author */ (''),
/* organization */ (''),
/* preprocessor_version */ 'ST-DEVELOPER v20',
/* originating_system */ 'Autodesk Translation Framework v12.14.0.127',

/* authorisation */ '');

FILE_SCHEMA (('AUTOMOTIVE_DESIGN { 1 0 10303 214 3 1 1 }'));
ENDSEC;

DATA;
#10=MECHANICAL_DESIGN_GEOMETRIC_PRESENTATION_REPRESENTATION('',(#27,#28),
#7235);
#11=ITEM_DEFINED_TRANSFORMATION($,$,#4021,#4602);
#12=ITEM_DEFINED_TRANSFORMATION($,$,#4313,#4603);
#13=(
REPRESENTATION_RELATIONSHIP($,$,#7249,#7248)
REPRESENTATION_RELATIONSHIP_WITH_TRANSFORMATION(#11)
SHAPE_REPRESENTATION_RELATIONSHIP()
);
#14=(
REPRESENTATION_RELATIONSHIP($,$,#7250,#7248)
REPRESENTATION_RELATIONSHIP_WITH_TRANSFORMATION(#12)
SHAPE_REPRESENTATION_RELATIONSHIP()
);
#15=CONTEXT_DEPENDENT_SHAPE_REPRESENTATION(#13,#7246);
#16=CONTEXT_DEPENDENT_SHAPE_REPRESENTATION(#14,#7247);
#17=NEXT_ASSEMBLY_USAGE_OCCURRENCE('Component3:1','Component3:1',
'Component3:1',#7252,#7253,'Component3:1');
#18=NEXT_ASSEMBLY_USAGE_OCCURRENCE('Component2:1','Component2:1',
'Component2:1',#7252,#7254,'Component2:1');
#19=(
BOUNDED_SURFACE()
B_SPLINE_SURFACE(2,2,((#7135,#7136,#7137,#7138,#7139),(#7140,#7141,#7142,
#7143,#7144),(#7145,#7146,#7147,#7148,#7149)),.UNSPECIFIED.,.F.,.F.,.F.)
B_SPLINE_SURFACE_WITH_KNOTS((3,3),(3,2,3),(0.,1.57079632679493),(-3.14159265358979,
-1.57079632679488,3.80728135696519E-14),.UNSPECIFIED.)
GEOMETRIC_REPRESENTATION_ITEM()
RATIONAL_B_SPLINE_SURFACE(((1.,0.707106781186541,1.,0.707106781186541,1.),
(0.707106781186562,0.500000000000006,0.707106781186562,0.500000000000006,
0.707106781186562),(1.,0.707106781186541,1.,0.707106781186541,1.)))
REPRESENTATION_ITEM('')
SURFACE()
);
#20=B_SPLINE_CURVE_WITH_KNOTS('',3,(#6734,#6735,#6736,#6737),
 .UNSPECIFIED.,.F.,.F.,(4,4),(1.12318646904288,1.20856652672626),
 .UNSPECIFIED.);
#21=B_SPLINE_CURVE_WITH_KNOTS('',3,(#6739,#6740,#6741,#6742),
 .UNSPECIFIED.,.F.,.F.,(4,4),(0.59334006383984,0.62913725040198),
 .UNSPECIFIED.);
#22=B_SPLINE_CURVE_WITH_KNOTS('',3,(#6786,#6787,#6788,#6789,#6790,#6791),
 .UNSPECIFIED.,.F.,.F.,(4,2,4),(-1.65352997848676,-1.65227745366175,-1.38786245724273),
 .UNSPECIFIED.);
#23=SHAPE_REPRESENTATION_RELATIONSHIP('SRR','None',#7249,#25);
#24=SHAPE_REPRESENTATION_RELATIONSHIP('SRR','None',#7250,#26);
#25=ADVANCED_BREP_SHAPE_REPRESENTATION('',(#29),#7233);
#26=ADVANCED_BREP_SHAPE_REPRESENTATION('',(#30),#7234);
#27=STYLED_ITEM('',(#7268),#29);
#28=STYLED_ITEM('',(#7268),#30);
#29=MANIFOLD_SOLID_BREP('Body1',#3995);
#30=MANIFOLD_SOLID_BREP('Body1',#3996);
#31=ELLIPSE('',#4190,1.11811918793753,1.05);
#32=ELLIPSE('',#4212,1.11811918793754,1.05);
#33=ELLIPSE('',#4231,1.11811918793752,1.05);
#34=ELLIPSE('',#4288,1.11811918793753,1.05);
#35=ELLIPSE('',#4316,1.59731312562507,1.5);
#36=ELLIPSE('',#4336,1.59731312562504,1.5);
#37=ELLIPSE('',#4355,1.59731312562504,1.5);
#38=ELLIPSE('',#4363,1.59731312562504,1.5);
#39=ELLIPSE('',#4367,1.59731312562501,1.5);
#40=ELLIPSE('',#4402,1.59731312562504,1.5);
#41=ELLIPSE('',#4403,1.59731312562504,1.5);
#42=ELLIPSE('',#4442,1.59731312562504,1.5);
#43=FACE_BOUND('',#1043,.T.);
#44=FACE_BOUND('',#1136,.T.);
#45=FACE_BOUND('',#1167,.T.);
#46=FACE_BOUND('',#1176,.T.);
#47=FACE_BOUND('',#1270,.T.);
#48=PLANE('',#4068);
#49=PLANE('',#4071);
#50=PLANE('',#4074);
#51=PLANE('',#4077);
#52=PLANE('',#4120);
#53=PLANE('',#4122);
#54=PLANE('',#4123);
#55=PLANE('',#4130);
#56=PLANE('',#4133);
#57=PLANE('',#4174);
#58=PLANE('',#4177);
#59=PLANE('',#4180);
#60=PLANE('',#4183);
#61=PLANE('',#4185);
#62=PLANE('',#4187);
#63=PLANE('',#4204);
#64=PLANE('',#4205);
#65=PLANE('',#4206);
#66=PLANE('',#4209);
#67=PLANE('',#4225);
#68=PLANE('',#4226);
#69=PLANE('',#4228);
#70=PLANE('',#4283);
#71=PLANE('',#4301);
#72=PLANE('',#4303);
#73=PLANE('',#4305);
#74=PLANE('',#4306);
#75=PLANE('',#4307);
#76=PLANE('',#4310);
#77=PLANE('',#4330);
#78=PLANE('',#4331);
#79=PLANE('',#4332);
#80=PLANE('',#4356);
#81=PLANE('',#4362);
#82=PLANE('',#4364);
#83=PLANE('',#4379);
#84=PLANE('',#4380);
#85=PLANE('',#4387);
#86=PLANE('',#4395);
#87=PLANE('',#4397);
#88=PLANE('',#4413);
#89=PLANE('',#4458);
#90=PLANE('',#4463);
#91=PLANE('',#4476);
#92=PLANE('',#4478);
#93=PLANE('',#4481);
#94=PLANE('',#4484);
#95=PLANE('',#4523);
#96=PLANE('',#4526);
#97=PLANE('',#4529);
#98=PLANE('',#4532);
#99=PLANE('',#4573);
#100=PLANE('',#4577);
#101=PLANE('',#4580);
#102=PLANE('',#4586);
#103=PLANE('',#4588);
#104=PLANE('',#4590);
#105=PLANE('',#4591);
#106=PLANE('',#4592);
#107=PLANE('',#4594);
#108=PLANE('',#4599);
#109=PLANE('',#4601);
#110=CONICAL_SURFACE('',#4066,44.1,0.78539816339745);
#111=CONICAL_SURFACE('',#4069,6.82499999999999,0.785398163397452);
#112=CONICAL_SURFACE('',#4072,9.975,0.785398163397448);
#113=CONICAL_SURFACE('',#4075,36.9435689101798,0.785398163397448);
#114=CONICAL_SURFACE('',#4121,36.9435689101798,0.785398163397448);
#115=CONICAL_SURFACE('',#4175,6.82499999999999,0.785398163397452);
#116=CONICAL_SURFACE('',#4178,9.975,0.785398163397448);
#117=CONICAL_SURFACE('',#4181,36.9435689101798,0.785398163397448);
#118=CONICAL_SURFACE('',#4202,29.59356891018,0.785398163397448);
#119=CONICAL_SURFACE('',#4223,29.5935689101812,0.785398163397455);
#120=CONICAL_SURFACE('',#4240,29.59356891018,0.785398163397448);
#121=CONICAL_SURFACE('',#4282,36.9435689101798,0.785398163397448);
#122=CONICAL_SURFACE('',#4297,29.5935689101812,0.785398163397455);
#123=CONICAL_SURFACE('',#4298,44.1,0.78539816339745);
#124=CONICAL_SURFACE('',#4299,3.67499999999999,0.78539816339745);
#125=CONICAL_SURFACE('',#4300,36.75,0.78539816339745);
#126=CONICAL_SURFACE('',#4302,9.975,0.785398163397449);
#127=CONICAL_SURFACE('',#4308,3.67499999999999,0.78539816339745);
#128=CONICAL_SURFACE('',#4309,36.75,0.78539816339745);
#129=CONICAL_SURFACE('',#4311,9.975,0.785398163397449);
#130=LINE('',#6048,#391);
#131=LINE('',#6049,#392);
#132=LINE('',#6060,#393);
#133=LINE('',#6061,#394);
#134=LINE('',#6072,#395);
#135=LINE('',#6073,#396);
#136=LINE('',#6096,#397);
#137=LINE('',#6097,#398);
#138=LINE('',#6108,#399);
#139=LINE('',#6109,#400);
#140=LINE('',#6117,#401);
#141=LINE('',#6118,#402);
#142=LINE('',#6121,#403);
#143=LINE('',#6124,#404);
#144=LINE('',#6127,#405);
#145=LINE('',#6128,#406);
#146=LINE('',#6131,#407);
#147=LINE('',#6135,#408);
#148=LINE('',#6136,#409);
#149=LINE('',#6139,#410);
#150=LINE('',#6143,#411);
#151=LINE('',#6144,#412);
#152=LINE('',#6147,#413);
#153=LINE('',#6152,#414);
#154=LINE('',#6154,#415);
#155=LINE('',#6158,#416);
#156=LINE('',#6164,#417);
#157=LINE('',#6172,#418);
#158=LINE('',#6192,#419);
#159=LINE('',#6195,#420);
#160=LINE('',#6204,#421);
#161=LINE('',#6207,#422);
#162=LINE('',#6216,#423);
#163=LINE('',#6218,#424);
#164=LINE('',#6225,#425);
#165=LINE('',#6230,#426);
#166=LINE('',#6231,#427);
#167=LINE('',#6233,#428);
#168=LINE('',#6237,#429);
#169=LINE('',#6239,#430);
#170=LINE('',#6240,#431);
#171=LINE('',#6243,#432);
#172=LINE('',#6247,#433);
#173=LINE('',#6251,#434);
#174=LINE('',#6255,#435);
#175=LINE('',#6256,#436);
#176=LINE('',#6259,#437);
#177=LINE('',#6263,#438);
#178=LINE('',#6264,#439);
#179=LINE('',#6270,#440);
#180=LINE('',#6273,#441);
#181=LINE('',#6282,#442);
#182=LINE('',#6285,#443);
#183=LINE('',#6294,#444);
#184=LINE('',#6310,#445);
#185=LINE('',#6318,#446);
#186=LINE('',#6327,#447);
#187=LINE('',#6330,#448);
#188=LINE('',#6336,#449);
#189=LINE('',#6338,#450);
#190=LINE('',#6339,#451);
#191=LINE('',#6342,#452);
#192=LINE('',#6346,#453);
#193=LINE('',#6347,#454);
#194=LINE('',#6350,#455);
#195=LINE('',#6354,#456);
#196=LINE('',#6355,#457);
#197=LINE('',#6358,#458);
#198=LINE('',#6362,#459);
#199=LINE('',#6363,#460);
#200=LINE('',#6365,#461);
#201=LINE('',#6367,#462);
#202=LINE('',#6369,#463);
#203=LINE('',#6371,#464);
#204=LINE('',#6375,#465);
#205=LINE('',#6379,#466);
#206=LINE('',#6389,#467);
#207=LINE('',#6392,#468);
#208=LINE('',#6400,#469);
#209=LINE('',#6401,#470);
#210=LINE('',#6404,#471);
#211=LINE('',#6407,#472);
#212=LINE('',#6410,#473);
#213=LINE('',#6411,#474);
#214=LINE('',#6414,#475);
#215=LINE('',#6415,#476);
#216=LINE('',#6418,#477);
#217=LINE('',#6420,#478);
#218=LINE('',#6421,#479);
#219=LINE('',#6424,#480);
#220=LINE('',#6428,#481);
#221=LINE('',#6429,#482);
#222=LINE('',#6432,#483);
#223=LINE('',#6436,#484);
#224=LINE('',#6446,#485);
#225=LINE('',#6452,#486);
#226=LINE('',#6455,#487);
#227=LINE('',#6458,#488);
#228=LINE('',#6461,#489);
#229=LINE('',#6462,#490);
#230=LINE('',#6465,#491);
#231=LINE('',#6466,#492);
#232=LINE('',#6468,#493);
#233=LINE('',#6478,#494);
#234=LINE('',#6484,#495);
#235=LINE('',#6494,#496);
#236=LINE('',#6517,#497);
#237=LINE('',#6518,#498);
#238=LINE('',#6529,#499);
#239=LINE('',#6530,#500);
#240=LINE('',#6539,#501);
#241=LINE('',#6547,#502);
#242=LINE('',#6553,#503);
#243=LINE('',#6555,#504);
#244=LINE('',#6559,#505);
#245=LINE('',#6561,#506);
#246=LINE('',#6565,#507);
#247=LINE('',#6575,#508);
#248=LINE('',#6581,#509);
#249=LINE('',#6583,#510);
#250=LINE('',#6585,#511);
#251=LINE('',#6587,#512);
#252=LINE('',#6589,#513);
#253=LINE('',#6591,#514);
#254=LINE('',#6594,#515);
#255=LINE('',#6596,#516);
#256=LINE('',#6600,#517);
#257=LINE('',#6602,#518);
#258=LINE('',#6604,#519);
#259=LINE('',#6611,#520);
#260=LINE('',#6615,#521);
#261=LINE('',#6627,#522);
#262=LINE('',#6628,#523);
#263=LINE('',#6636,#524);
#264=LINE('',#6637,#525);
#265=LINE('',#6640,#526);
#266=LINE('',#6643,#527);
#267=LINE('',#6646,#528);
#268=LINE('',#6647,#529);
#269=LINE('',#6650,#530);
#270=LINE('',#6651,#531);
#271=LINE('',#6657,#532);
#272=LINE('',#6659,#533);
#273=LINE('',#6662,#534);
#274=LINE('',#6668,#535);
#275=LINE('',#6671,#536);
#276=LINE('',#6682,#537);
#277=LINE('',#6683,#538);
#278=LINE('',#6694,#539);
#279=LINE('',#6695,#540);
#280=LINE('',#6706,#541);
#281=LINE('',#6707,#542);
#282=LINE('',#6710,#543);
#283=LINE('',#6712,#544);
#284=LINE('',#6720,#545);
#285=LINE('',#6722,#546);
#286=LINE('',#6726,#547);
#287=LINE('',#6730,#548);
#288=LINE('',#6744,#549);
#289=LINE('',#6745,#550);
#290=LINE('',#6748,#551);
#291=LINE('',#6749,#552);
#292=LINE('',#6754,#553);
#293=LINE('',#6763,#554);
#294=LINE('',#6769,#555);
#295=LINE('',#6772,#556);
#296=LINE('',#6775,#557);
#297=LINE('',#6778,#558);
#298=LINE('',#6779,#559);
#299=LINE('',#6782,#560);
#300=LINE('',#6783,#561);
#301=LINE('',#6794,#562);
#302=LINE('',#6803,#563);
#303=LINE('',#6804,#564);
#304=LINE('',#6805,#565);
#305=LINE('',#6819,#566);
#306=LINE('',#6823,#567);
#307=LINE('',#6824,#568);
#308=LINE('',#6838,#569);
#309=LINE('',#6845,#570);
#310=LINE('',#6851,#571);
#311=LINE('',#6859,#572);
#312=LINE('',#6860,#573);
#313=LINE('',#6883,#574);
#314=LINE('',#6884,#575);
#315=LINE('',#6896,#576);
#316=LINE('',#6899,#577);
#317=LINE('',#6900,#578);
#318=LINE('',#6911,#579);
#319=LINE('',#6912,#580);
#320=LINE('',#6918,#581);
#321=LINE('',#6921,#582);
#322=LINE('',#6924,#583);
#323=LINE('',#6928,#584);
#324=LINE('',#6932,#585);
#325=LINE('',#6933,#586);
#326=LINE('',#6936,#587);
#327=LINE('',#6940,#588);
#328=LINE('',#6944,#589);
#329=LINE('',#6945,#590);
#330=LINE('',#6966,#591);
#331=LINE('',#6967,#592);
#332=LINE('',#6969,#593);
#333=LINE('',#6972,#594);
#334=LINE('',#6973,#595);
#335=LINE('',#6977,#596);
#336=LINE('',#6980,#597);
#337=LINE('',#6984,#598);
#338=LINE('',#6987,#599);
#339=LINE('',#6990,#600);
#340=LINE('',#6993,#601);
#341=LINE('',#6998,#602);
#342=LINE('',#7007,#603);
#343=LINE('',#7016,#604);
#344=LINE('',#7017,#605);
#345=LINE('',#7026,#606);
#346=LINE('',#7034,#607);
#347=LINE('',#7042,#608);
#348=LINE('',#7055,#609);
#349=LINE('',#7057,#610);
#350=LINE('',#7058,#611);
#351=LINE('',#7061,#612);
#352=LINE('',#7065,#613);
#353=LINE('',#7066,#614);
#354=LINE('',#7069,#615);
#355=LINE('',#7073,#616);
#356=LINE('',#7074,#617);
#357=LINE('',#7077,#618);
#358=LINE('',#7081,#619);
#359=LINE('',#7082,#620);
#360=LINE('',#7087,#621);
#361=LINE('',#7096,#622);
#362=LINE('',#7104,#623);
#363=LINE('',#7115,#624);
#364=LINE('',#7116,#625);
#365=LINE('',#7127,#626);
#366=LINE('',#7128,#627);
#367=LINE('',#7163,#628);
#368=LINE('',#7167,#629);
#369=LINE('',#7168,#630);
#370=LINE('',#7170,#631);
#371=LINE('',#7172,#632);
#372=LINE('',#7177,#633);
#373=LINE('',#7181,#634);
#374=LINE('',#7184,#635);
#375=LINE('',#7187,#636);
#376=LINE('',#7194,#637);
#377=LINE('',#7196,#638);
#378=LINE('',#7199,#639);
#379=LINE('',#7200,#640);
#380=LINE('',#7202,#641);
#381=LINE('',#7204,#642);
#382=LINE('',#7206,#643);
#383=LINE('',#7209,#644);
#384=LINE('',#7210,#645);
#385=LINE('',#7212,#646);
#386=LINE('',#7214,#647);
#387=LINE('',#7217,#648);
#388=LINE('',#7219,#649);
#389=LINE('',#7221,#650);
#390=LINE('',#7224,#651);
#391=VECTOR('',#4622,10.5);
#392=VECTOR('',#4623,10.5);
#393=VECTOR('',#4636,10.5);
#394=VECTOR('',#4637,10.5);
#395=VECTOR('',#4650,10.5);
#396=VECTOR('',#4651,10.5);
#397=VECTOR('',#4680,10.5);
#398=VECTOR('',#4681,10.5);
#399=VECTOR('',#4694,10.5);
#400=VECTOR('',#4695,10.5);
#401=VECTOR('',#4706,10.5);
#402=VECTOR('',#4707,10.5);
#403=VECTOR('',#4710,10.5);
#404=VECTOR('',#4713,10.5);
#405=VECTOR('',#4716,10.5);
#406=VECTOR('',#4717,10.5);
#407=VECTOR('',#4720,10.5);
#408=VECTOR('',#4725,10.5);
#409=VECTOR('',#4726,10.5);
#410=VECTOR('',#4729,10.5);
#411=VECTOR('',#4734,10.5);
#412=VECTOR('',#4735,10.5);
#413=VECTOR('',#4738,10.5);
#414=VECTOR('',#4743,10.5);
#415=VECTOR('',#4744,10.5);
#416=VECTOR('',#4747,10.5);
#417=VECTOR('',#4754,10.5);
#418=VECTOR('',#4765,10.5);
#419=VECTOR('',#4792,10.5);
#420=VECTOR('',#4795,10.5);
#421=VECTOR('',#4806,10.5);
#422=VECTOR('',#4809,10.5);
#423=VECTOR('',#4820,10.5);
#424=VECTOR('',#4823,10.5);
#425=VECTOR('',#4832,10.5);
#426=VECTOR('',#4841,10.5);
#427=VECTOR('',#4842,10.5);
#428=VECTOR('',#4845,10.5);
#429=VECTOR('',#4850,10.5);
#430=VECTOR('',#4851,10.5);
#431=VECTOR('',#4852,10.5);
#432=VECTOR('',#4855,10.5);
#433=VECTOR('',#4860,10.5);
#434=VECTOR('',#4865,10.5);
#435=VECTOR('',#4870,10.5);
#436=VECTOR('',#4871,10.5);
#437=VECTOR('',#4874,10.5);
#438=VECTOR('',#4879,10.5);
#439=VECTOR('',#4880,10.5);
#440=VECTOR('',#4885,10.5);
#441=VECTOR('',#4888,10.5);
#442=VECTOR('',#4899,10.5);
#443=VECTOR('',#4902,10.5);
#444=VECTOR('',#4915,10.5);
#445=VECTOR('',#4938,10.5);
#446=VECTOR('',#4949,10.5);
#447=VECTOR('',#4960,10.5);
#448=VECTOR('',#4963,10.5);
#449=VECTOR('',#4972,10.5);
#450=VECTOR('',#4973,10.5);
#451=VECTOR('',#4974,10.5);
#452=VECTOR('',#4977,10.5);
#453=VECTOR('',#4982,10.5);
#454=VECTOR('',#4983,10.5);
#455=VECTOR('',#4986,10.5);
#456=VECTOR('',#4991,10.5);
#457=VECTOR('',#4992,10.5);
#458=VECTOR('',#4995,10.5);
#459=VECTOR('',#5000,10.5);
#460=VECTOR('',#5001,10.5);
#461=VECTOR('',#5004,10.5);
#462=VECTOR('',#5007,10.5);
#463=VECTOR('',#5010,10.5);
#464=VECTOR('',#5013,10.5);
#465=VECTOR('',#5016,10.5);
#466=VECTOR('',#5019,10.5);
#467=VECTOR('',#5032,10.5);
#468=VECTOR('',#5035,10.5);
#469=VECTOR('',#5046,10.5);
#470=VECTOR('',#5047,10.5);
#471=VECTOR('',#5050,10.5);
#472=VECTOR('',#5053,10.5);
#473=VECTOR('',#5056,10.5);
#474=VECTOR('',#5057,10.5);
#475=VECTOR('',#5060,10.5);
#476=VECTOR('',#5061,10.5);
#477=VECTOR('',#5064,10.5);
#478=VECTOR('',#5065,10.5);
#479=VECTOR('',#5066,10.5);
#480=VECTOR('',#5069,10.5);
#481=VECTOR('',#5074,10.5);
#482=VECTOR('',#5075,10.5);
#483=VECTOR('',#5078,10.5);
#484=VECTOR('',#5081,10.5);
#485=VECTOR('',#5096,10.5);
#486=VECTOR('',#5105,10.5);
#487=VECTOR('',#5108,10.5);
#488=VECTOR('',#5111,10.5);
#489=VECTOR('',#5114,10.5);
#490=VECTOR('',#5115,10.5);
#491=VECTOR('',#5118,10.5);
#492=VECTOR('',#5119,10.5);
#493=VECTOR('',#5122,10.5);
#494=VECTOR('',#5139,10.5);
#495=VECTOR('',#5150,10.5);
#496=VECTOR('',#5163,10.5);
#497=VECTOR('',#5192,10.5);
#498=VECTOR('',#5193,10.5);
#499=VECTOR('',#5206,10.5);
#500=VECTOR('',#5207,10.5);
#501=VECTOR('',#5220,10.5);
#502=VECTOR('',#5231,10.5);
#503=VECTOR('',#5240,10.5);
#504=VECTOR('',#5243,10.5);
#505=VECTOR('',#5246,10.5);
#506=VECTOR('',#5247,10.5);
#507=VECTOR('',#5250,10.5);
#508=VECTOR('',#5267,10.5);
#509=VECTOR('',#5278,10.5);
#510=VECTOR('',#5281,10.5);
#511=VECTOR('',#5284,10.5);
#512=VECTOR('',#5287,10.5);
#513=VECTOR('',#5290,10.5);
#514=VECTOR('',#5293,10.5);
#515=VECTOR('',#5298,10.5);
#516=VECTOR('',#5301,10.5);
#517=VECTOR('',#5308,10.5);
#518=VECTOR('',#5311,10.5);
#519=VECTOR('',#5314,10.5);
#520=VECTOR('',#5323,10.);
#521=VECTOR('',#5326,10.);
#522=VECTOR('',#5341,10.);
#523=VECTOR('',#5342,10.);
#524=VECTOR('',#5353,10.);
#525=VECTOR('',#5354,10.);
#526=VECTOR('',#5357,10.);
#527=VECTOR('',#5360,10.);
#528=VECTOR('',#5363,10.);
#529=VECTOR('',#5364,10.);
#530=VECTOR('',#5367,10.);
#531=VECTOR('',#5368,10.);
#532=VECTOR('',#5373,10.);
#533=VECTOR('',#5374,10.);
#534=VECTOR('',#5377,10.);
#535=VECTOR('',#5382,10.);
#536=VECTOR('',#5385,10.);
#537=VECTOR('',#5398,10.);
#538=VECTOR('',#5399,10.);
#539=VECTOR('',#5412,10.);
#540=VECTOR('',#5413,10.);
#541=VECTOR('',#5426,10.);
#542=VECTOR('',#5427,10.);
#543=VECTOR('',#5430,10.);
#544=VECTOR('',#5431,10.);
#545=VECTOR('',#5438,10.);
#546=VECTOR('',#5439,10.);
#547=VECTOR('',#5442,10.);
#548=VECTOR('',#5447,10.);
#549=VECTOR('',#5450,10.);
#550=VECTOR('',#5451,10.);
#551=VECTOR('',#5454,10.);
#552=VECTOR('',#5455,10.);
#553=VECTOR('',#5460,10.);
#554=VECTOR('',#5473,10.);
#555=VECTOR('',#5482,10.);
#556=VECTOR('',#5485,10.);
#557=VECTOR('',#5488,10.);
#558=VECTOR('',#5491,10.);
#559=VECTOR('',#5492,10.);
#560=VECTOR('',#5495,10.);
#561=VECTOR('',#5496,10.);
#562=VECTOR('',#5501,10.);
#563=VECTOR('',#5512,10.);
#564=VECTOR('',#5513,10.);
#565=VECTOR('',#5514,10.);
#566=VECTOR('',#5531,10.);
#567=VECTOR('',#5536,10.);
#568=VECTOR('',#5537,10.);
#569=VECTOR('',#5560,10.);
#570=VECTOR('',#5571,10.);
#571=VECTOR('',#5578,10.);
#572=VECTOR('',#5589,10.);
#573=VECTOR('',#5590,10.);
#574=VECTOR('',#5619,10.);
#575=VECTOR('',#5620,10.);
#576=VECTOR('',#5633,10.);
#577=VECTOR('',#5636,10.);
#578=VECTOR('',#5637,10.);
#579=VECTOR('',#5650,10.);
#580=VECTOR('',#5651,10.);
#581=VECTOR('',#5660,10.);
#582=VECTOR('',#5663,10.);
#583=VECTOR('',#5666,10.);
#584=VECTOR('',#5671,10.);
#585=VECTOR('',#5676,14.5);
#586=VECTOR('',#5677,10.);
#587=VECTOR('',#5680,14.5);
#588=VECTOR('',#5685,10.);
#589=VECTOR('',#5690,10.);
#590=VECTOR('',#5691,10.);
#591=VECTOR('',#5718,10.);
#592=VECTOR('',#5719,10.);
#593=VECTOR('',#5722,10.);
#594=VECTOR('',#5725,10.);
#595=VECTOR('',#5726,10.);
#596=VECTOR('',#5731,10.);
#597=VECTOR('',#5734,10.);
#598=VECTOR('',#5737,10.);
#599=VECTOR('',#5740,10.);
#600=VECTOR('',#5743,10.);
#601=VECTOR('',#5746,10.);
#602=VECTOR('',#5751,10.);
#603=VECTOR('',#5764,10.);
#604=VECTOR('',#5775,10.);
#605=VECTOR('',#5776,10.);
#606=VECTOR('',#5789,10.);
#607=VECTOR('',#5800,10.);
#608=VECTOR('',#5811,10.);
#609=VECTOR('',#5830,10.);
#610=VECTOR('',#5831,10.);
#611=VECTOR('',#5832,10.);
#612=VECTOR('',#5835,10.);
#613=VECTOR('',#5840,10.);
#614=VECTOR('',#5841,10.);
#615=VECTOR('',#5844,10.);
#616=VECTOR('',#5849,10.);
#617=VECTOR('',#5850,10.);
#618=VECTOR('',#5853,10.);
#619=VECTOR('',#5858,10.);
#620=VECTOR('',#5859,10.);
#621=VECTOR('',#5864,10.);
#622=VECTOR('',#5877,10.);
#623=VECTOR('',#5888,10.);
#624=VECTOR('',#5901,10.);
#625=VECTOR('',#5902,10.);
#626=VECTOR('',#5915,10.);
#627=VECTOR('',#5916,10.);
#628=VECTOR('',#5943,10.);
#629=VECTOR('',#5950,10.);
#630=VECTOR('',#5951,10.);
#631=VECTOR('',#5954,10.);
#632=VECTOR('',#5957,10.);
#633=VECTOR('',#5962,10.);
#634=VECTOR('',#5965,10.);
#635=VECTOR('',#5968,10.);
#636=VECTOR('',#5971,10.);
#637=VECTOR('',#5980,10.);
#638=VECTOR('',#5983,10.);
#639=VECTOR('',#5988,10.);
#640=VECTOR('',#5989,10.);
#641=VECTOR('',#5992,10.);
#642=VECTOR('',#5995,10.);
#643=VECTOR('',#5998,10.);
#644=VECTOR('',#6003,10.);
#645=VECTOR('',#6004,10.);
#646=VECTOR('',#6007,10.);
#647=VECTOR('',#6010,10.);
#648=VECTOR('',#6015,10.);
#649=VECTOR('',#6018,10.);
#650=VECTOR('',#6021,10.);
#651=VECTOR('',#6026,10.);
#652=CYLINDRICAL_SURFACE('',#4027,1.05);
#653=CYLINDRICAL_SURFACE('',#4033,1.05);
#654=CYLINDRICAL_SURFACE('',#4039,1.05);
#655=CYLINDRICAL_SURFACE('',#4053,1.05);
#656=CYLINDRICAL_SURFACE('',#4059,1.05);
#657=CYLINDRICAL_SURFACE('',#4065,1.05);
#658=CYLINDRICAL_SURFACE('',#4080,1.05);
#659=CYLINDRICAL_SURFACE('',#4086,1.05);
#660=CYLINDRICAL_SURFACE('',#4099,1.05);
#661=CYLINDRICAL_SURFACE('',#4105,1.05);
#662=CYLINDRICAL_SURFACE('',#4111,1.05);
#663=CYLINDRICAL_SURFACE('',#4116,1.05);
#664=CYLINDRICAL_SURFACE('',#4124,35.175);
#665=CYLINDRICAL_SURFACE('',#4126,5.25);
#666=CYLINDRICAL_SURFACE('',#4128,45.675);
#667=CYLINDRICAL_SURFACE('',#4131,8.4);
#668=CYLINDRICAL_SURFACE('',#4134,1.05);
#669=CYLINDRICAL_SURFACE('',#4141,1.05);
#670=CYLINDRICAL_SURFACE('',#4147,1.05);
#671=CYLINDRICAL_SURFACE('',#4158,1.05);
#672=CYLINDRICAL_SURFACE('',#4163,1.05);
#673=CYLINDRICAL_SURFACE('',#4169,1.05);
#674=CYLINDRICAL_SURFACE('',#4184,8.4);
#675=CYLINDRICAL_SURFACE('',#4186,38.5185689101798);
#676=CYLINDRICAL_SURFACE('',#4188,1.05);
#677=CYLINDRICAL_SURFACE('',#4195,1.05);
#678=CYLINDRICAL_SURFACE('',#4201,1.05);
#679=CYLINDRICAL_SURFACE('',#4207,28.0185689101812);
#680=CYLINDRICAL_SURFACE('',#4210,1.05);
#681=CYLINDRICAL_SURFACE('',#4217,1.05);
#682=CYLINDRICAL_SURFACE('',#4222,1.05);
#683=CYLINDRICAL_SURFACE('',#4227,28.01856891018);
#684=CYLINDRICAL_SURFACE('',#4229,1.05);
#685=CYLINDRICAL_SURFACE('',#4234,1.05);
#686=CYLINDRICAL_SURFACE('',#4239,1.05);
#687=CYLINDRICAL_SURFACE('',#4245,1.05);
#688=CYLINDRICAL_SURFACE('',#4259,1.05);
#689=CYLINDRICAL_SURFACE('',#4265,1.05);
#690=CYLINDRICAL_SURFACE('',#4271,1.05);
#691=CYLINDRICAL_SURFACE('',#4276,1.05);
#692=CYLINDRICAL_SURFACE('',#4281,1.05);
#693=CYLINDRICAL_SURFACE('',#4286,1.05);
#694=CYLINDRICAL_SURFACE('',#4291,1.05);
#695=CYLINDRICAL_SURFACE('',#4296,1.05);
#696=CYLINDRICAL_SURFACE('',#4304,38.5185689101798);
#697=CYLINDRICAL_SURFACE('',#4312,8.4);
#698=CYLINDRICAL_SURFACE('',#4314,1.5);
#699=CYLINDRICAL_SURFACE('',#4321,1.5);
#700=CYLINDRICAL_SURFACE('',#4327,1.5);
#701=CYLINDRICAL_SURFACE('',#4328,26.6843513430297);
#702=CYLINDRICAL_SURFACE('',#4335,1.5);
#703=CYLINDRICAL_SURFACE('',#4342,1.5);
#704=CYLINDRICAL_SURFACE('',#4348,1.5);
#705=CYLINDRICAL_SURFACE('',#4354,1.5);
#706=CYLINDRICAL_SURFACE('',#4365,1.5);
#707=CYLINDRICAL_SURFACE('',#4371,1.5);
#708=CYLINDRICAL_SURFACE('',#4376,1.5);
#709=CYLINDRICAL_SURFACE('',#4377,29.6843513430286);
#710=CYLINDRICAL_SURFACE('',#4381,1.5);
#711=CYLINDRICAL_SURFACE('',#4388,6.5);
#712=CYLINDRICAL_SURFACE('',#4398,29.6843513430296);
#713=CYLINDRICAL_SURFACE('',#4400,1.5);
#714=CYLINDRICAL_SURFACE('',#4407,1.5);
#715=CYLINDRICAL_SURFACE('',#4412,1.5);
#716=CYLINDRICAL_SURFACE('',#4414,26.6843513430286);
#717=CYLINDRICAL_SURFACE('',#4415,1.5);
#718=CYLINDRICAL_SURFACE('',#4420,1.5);
#719=CYLINDRICAL_SURFACE('',#4434,1.5);
#720=CYLINDRICAL_SURFACE('',#4440,1.5);
#721=CYLINDRICAL_SURFACE('',#4447,1.5);
#722=CYLINDRICAL_SURFACE('',#4452,33.5);
#723=CYLINDRICAL_SURFACE('',#4454,5.);
#724=CYLINDRICAL_SURFACE('',#4456,43.5);
#725=CYLINDRICAL_SURFACE('',#4459,14.5);
#726=CYLINDRICAL_SURFACE('',#4461,10.5);
#727=CYLINDRICAL_SURFACE('',#4477,14.5);
#728=CYLINDRICAL_SURFACE('',#4479,36.6843513430284);
#729=CYLINDRICAL_SURFACE('',#4486,1.5);
#730=CYLINDRICAL_SURFACE('',#4492,1.5);
#731=CYLINDRICAL_SURFACE('',#4497,1.5);
#732=CYLINDRICAL_SURFACE('',#4503,1.5);
#733=CYLINDRICAL_SURFACE('',#4508,1.5);
#734=CYLINDRICAL_SURFACE('',#4513,1.5);
#735=CYLINDRICAL_SURFACE('',#4524,33.6843513430284);
#736=CYLINDRICAL_SURFACE('',#4527,33.6843513430284);
#737=CYLINDRICAL_SURFACE('',#4530,14.5);
#738=CYLINDRICAL_SURFACE('',#4533,1.5);
#739=CYLINDRICAL_SURFACE('',#4539,1.5);
#740=CYLINDRICAL_SURFACE('',#4544,1.5);
#741=CYLINDRICAL_SURFACE('',#4550,1.5);
#742=CYLINDRICAL_SURFACE('',#4556,1.5);
#743=CYLINDRICAL_SURFACE('',#4569,1.5);
#744=CYLINDRICAL_SURFACE('',#4574,40.5);
#745=CYLINDRICAL_SURFACE('',#4575,2.00000000000003);
#746=CYLINDRICAL_SURFACE('',#4576,36.4999999999999);
#747=CYLINDRICAL_SURFACE('',#4584,6.5);
#748=CYLINDRICAL_SURFACE('',#4585,14.5);
#749=CYLINDRICAL_SURFACE('',#4587,29.6843513430296);
#750=CYLINDRICAL_SURFACE('',#4589,29.6843513430286);
#751=CYLINDRICAL_SURFACE('',#4593,33.6843513430284);
#752=CYLINDRICAL_SURFACE('',#4595,33.6843513430284);
#753=CYLINDRICAL_SURFACE('',#4596,40.5);
#754=CYLINDRICAL_SURFACE('',#4597,2.00000000000003);
#755=CYLINDRICAL_SURFACE('',#4598,36.4999999999999);
#756=CYLINDRICAL_SURFACE('',#4600,36.6843513430284);
#757=FACE_OUTER_BOUND('',#1021,.T.);
#758=FACE_OUTER_BOUND('',#1022,.T.);
#759=FACE_OUTER_BOUND('',#1023,.T.);
#760=FACE_OUTER_BOUND('',#1024,.T.);
#761=FACE_OUTER_BOUND('',#1025,.T.);
#762=FACE_OUTER_BOUND('',#1026,.T.);
#763=FACE_OUTER_BOUND('',#1027,.T.);
#764=FACE_OUTER_BOUND('',#1028,.T.);
#765=FACE_OUTER_BOUND('',#1029,.T.);
#766=FACE_OUTER_BOUND('',#1030,.T.);
#767=FACE_OUTER_BOUND('',#1031,.T.);
#768=FACE_OUTER_BOUND('',#1032,.T.);
#769=FACE_OUTER_BOUND('',#1033,.T.);
#770=FACE_OUTER_BOUND('',#1034,.T.);
#771=FACE_OUTER_BOUND('',#1035,.T.);
#772=FACE_OUTER_BOUND('',#1036,.T.);
#773=FACE_OUTER_BOUND('',#1037,.T.);
#774=FACE_OUTER_BOUND('',#1038,.T.);
#775=FACE_OUTER_BOUND('',#1039,.T.);
#776=FACE_OUTER_BOUND('',#1040,.T.);
#777=FACE_OUTER_BOUND('',#1041,.T.);
#778=FACE_OUTER_BOUND('',#1042,.T.);
#779=FACE_OUTER_BOUND('',#1044,.T.);
#780=FACE_OUTER_BOUND('',#1045,.T.);
#781=FACE_OUTER_BOUND('',#1046,.T.);
#782=FACE_OUTER_BOUND('',#1047,.T.);
#783=FACE_OUTER_BOUND('',#1048,.T.);
#784=FACE_OUTER_BOUND('',#1049,.T.);
#785=FACE_OUTER_BOUND('',#1050,.T.);
#786=FACE_OUTER_BOUND('',#1051,.T.);
#787=FACE_OUTER_BOUND('',#1052,.T.);
#788=FACE_OUTER_BOUND('',#1053,.T.);
#789=FACE_OUTER_BOUND('',#1054,.T.);
#790=FACE_OUTER_BOUND('',#1055,.T.);
#791=FACE_OUTER_BOUND('',#1056,.T.);
#792=FACE_OUTER_BOUND('',#1057,.T.);
#793=FACE_OUTER_BOUND('',#1058,.T.);
#794=FACE_OUTER_BOUND('',#1059,.T.);
#795=FACE_OUTER_BOUND('',#1060,.T.);
#796=FACE_OUTER_BOUND('',#1061,.T.);
#797=FACE_OUTER_BOUND('',#1062,.T.);
#798=FACE_OUTER_BOUND('',#1063,.T.);
#799=FACE_OUTER_BOUND('',#1064,.T.);
#800=FACE_OUTER_BOUND('',#1065,.T.);
#801=FACE_OUTER_BOUND('',#1066,.T.);
#802=FACE_OUTER_BOUND('',#1067,.T.);
#803=FACE_OUTER_BOUND('',#1068,.T.);
#804=FACE_OUTER_BOUND('',#1069,.T.);
#805=FACE_OUTER_BOUND('',#1070,.T.);
#806=FACE_OUTER_BOUND('',#1071,.T.);
#807=FACE_OUTER_BOUND('',#1072,.T.);
#808=FACE_OUTER_BOUND('',#1073,.T.);
#809=FACE_OUTER_BOUND('',#1074,.T.);
#810=FACE_OUTER_BOUND('',#1075,.T.);
#811=FACE_OUTER_BOUND('',#1076,.T.);
#812=FACE_OUTER_BOUND('',#1077,.T.);
#813=FACE_OUTER_BOUND('',#1078,.T.);
#814=FACE_OUTER_BOUND('',#1079,.T.);
#815=FACE_OUTER_BOUND('',#1080,.T.);
#816=FACE_OUTER_BOUND('',#1081,.T.);
#817=FACE_OUTER_BOUND('',#1082,.T.);
#818=FACE_OUTER_BOUND('',#1083,.T.);
#819=FACE_OUTER_BOUND('',#1084,.T.);
#820=FACE_OUTER_BOUND('',#1085,.T.);
#821=FACE_OUTER_BOUND('',#1086,.T.);
#822=FACE_OUTER_BOUND('',#1087,.T.);
#823=FACE_OUTER_BOUND('',#1088,.T.);
#824=FACE_OUTER_BOUND('',#1089,.T.);
#825=FACE_OUTER_BOUND('',#1090,.T.);
#826=FACE_OUTER_BOUND('',#1091,.T.);
#827=FACE_OUTER_BOUND('',#1092,.T.);
#828=FACE_OUTER_BOUND('',#1093,.T.);
#829=FACE_OUTER_BOUND('',#1094,.T.);
#830=FACE_OUTER_BOUND('',#1095,.T.);
#831=FACE_OUTER_BOUND('',#1096,.T.);
#832=FACE_OUTER_BOUND('',#1097,.T.);
#833=FACE_OUTER_BOUND('',#1098,.T.);
#834=FACE_OUTER_BOUND('',#1099,.T.);
#835=FACE_OUTER_BOUND('',#1100,.T.);
#836=FACE_OUTER_BOUND('',#1101,.T.);
#837=FACE_OUTER_BOUND('',#1102,.T.);
#838=FACE_OUTER_BOUND('',#1103,.T.);
#839=FACE_OUTER_BOUND('',#1104,.T.);
#840=FACE_OUTER_BOUND('',#1105,.T.);
#841=FACE_OUTER_BOUND('',#1106,.T.);
#842=FACE_OUTER_BOUND('',#1107,.T.);
#843=FACE_OUTER_BOUND('',#1108,.T.);
#844=FACE_OUTER_BOUND('',#1109,.T.);
#845=FACE_OUTER_BOUND('',#1110,.T.);
#846=FACE_OUTER_BOUND('',#1111,.T.);
#847=FACE_OUTER_BOUND('',#1112,.T.);
#848=FACE_OUTER_BOUND('',#1113,.T.);
#849=FACE_OUTER_BOUND('',#1114,.T.);
#850=FACE_OUTER_BOUND('',#1115,.T.);
#851=FACE_OUTER_BOUND('',#1116,.T.);
#852=FACE_OUTER_BOUND('',#1117,.T.);
#853=FACE_OUTER_BOUND('',#1118,.T.);
#854=FACE_OUTER_BOUND('',#1119,.T.);
#855=FACE_OUTER_BOUND('',#1120,.T.);
#856=FACE_OUTER_BOUND('',#1121,.T.);
#857=FACE_OUTER_BOUND('',#1122,.T.);
#858=FACE_OUTER_BOUND('',#1123,.T.);
#859=FACE_OUTER_BOUND('',#1124,.T.);
#860=FACE_OUTER_BOUND('',#1125,.T.);
#861=FACE_OUTER_BOUND('',#1126,.T.);
#862=FACE_OUTER_BOUND('',#1127,.T.);
#863=FACE_OUTER_BOUND('',#1128,.T.);
#864=FACE_OUTER_BOUND('',#1129,.T.);
#865=FACE_OUTER_BOUND('',#1130,.T.);
#866=FACE_OUTER_BOUND('',#1131,.T.);
#867=FACE_OUTER_BOUND('',#1132,.T.);
#868=FACE_OUTER_BOUND('',#1133,.T.);
#869=FACE_OUTER_BOUND('',#1134,.T.);
#870=FACE_OUTER_BOUND('',#1135,.T.);
#871=FACE_OUTER_BOUND('',#1137,.T.);
#872=FACE_OUTER_BOUND('',#1138,.T.);
#873=FACE_OUTER_BOUND('',#1139,.T.);
#874=FACE_OUTER_BOUND('',#1140,.T.);
#875=FACE_OUTER_BOUND('',#1141,.T.);
#876=FACE_OUTER_BOUND('',#1142,.T.);
#877=FACE_OUTER_BOUND('',#1143,.T.);
#878=FACE_OUTER_BOUND('',#1144,.T.);
#879=FACE_OUTER_BOUND('',#1145,.T.);
#880=FACE_OUTER_BOUND('',#1146,.T.);
#881=FACE_OUTER_BOUND('',#1147,.T.);
#882=FACE_OUTER_BOUND('',#1148,.T.);
#883=FACE_OUTER_BOUND('',#1149,.T.);
#884=FACE_OUTER_BOUND('',#1150,.T.);
#885=FACE_OUTER_BOUND('',#1151,.T.);
#886=FACE_OUTER_BOUND('',#1152,.T.);
#887=FACE_OUTER_BOUND('',#1153,.T.);
#888=FACE_OUTER_BOUND('',#1154,.T.);
#889=FACE_OUTER_BOUND('',#1155,.T.);
#890=FACE_OUTER_BOUND('',#1156,.T.);
#891=FACE_OUTER_BOUND('',#1157,.T.);
#892=FACE_OUTER_BOUND('',#1158,.T.);
#893=FACE_OUTER_BOUND('',#1159,.T.);
#894=FACE_OUTER_BOUND('',#1160,.T.);
#895=FACE_OUTER_BOUND('',#1161,.T.);
#896=FACE_OUTER_BOUND('',#1162,.T.);
#897=FACE_OUTER_BOUND('',#1163,.T.);
#898=FACE_OUTER_BOUND('',#1164,.T.);
#899=FACE_OUTER_BOUND('',#1165,.T.);
#900=FACE_OUTER_BOUND('',#1166,.T.);
#901=FACE_OUTER_BOUND('',#1168,.T.);
#902=FACE_OUTER_BOUND('',#1169,.T.);
#903=FACE_OUTER_BOUND('',#1170,.T.);
#904=FACE_OUTER_BOUND('',#1171,.T.);
#905=FACE_OUTER_BOUND('',#1172,.T.);
#906=FACE_OUTER_BOUND('',#1173,.T.);
#907=FACE_OUTER_BOUND('',#1174,.T.);
#908=FACE_OUTER_BOUND('',#1175,.T.);
#909=FACE_OUTER_BOUND('',#1177,.T.);
#910=FACE_OUTER_BOUND('',#1178,.T.);
#911=FACE_OUTER_BOUND('',#1179,.T.);
#912=FACE_OUTER_BOUND('',#1180,.T.);
#913=FACE_OUTER_BOUND('',#1181,.T.);
#914=FACE_OUTER_BOUND('',#1182,.T.);
#915=FACE_OUTER_BOUND('',#1183,.T.);
#916=FACE_OUTER_BOUND('',#1184,.T.);
#917=FACE_OUTER_BOUND('',#1185,.T.);
#918=FACE_OUTER_BOUND('',#1186,.T.);
#919=FACE_OUTER_BOUND('',#1187,.T.);
#920=FACE_OUTER_BOUND('',#1188,.T.);
#921=FACE_OUTER_BOUND('',#1189,.T.);
#922=FACE_OUTER_BOUND('',#1190,.T.);
#923=FACE_OUTER_BOUND('',#1191,.T.);
#924=FACE_OUTER_BOUND('',#1192,.T.);
#925=FACE_OUTER_BOUND('',#1193,.T.);
#926=FACE_OUTER_BOUND('',#1194,.T.);
#927=FACE_OUTER_BOUND('',#1195,.T.);
#928=FACE_OUTER_BOUND('',#1196,.T.);
#929=FACE_OUTER_BOUND('',#1197,.T.);
#930=FACE_OUTER_BOUND('',#1198,.T.);
#931=FACE_OUTER_BOUND('',#1199,.T.);
#932=FACE_OUTER_BOUND('',#1200,.T.);
#933=FACE_OUTER_BOUND('',#1201,.T.);
#934=FACE_OUTER_BOUND('',#1202,.T.);
#935=FACE_OUTER_BOUND('',#1203,.T.);
#936=FACE_OUTER_BOUND('',#1204,.T.);
#937=FACE_OUTER_BOUND('',#1205,.T.);
#938=FACE_OUTER_BOUND('',#1206,.T.);
#939=FACE_OUTER_BOUND('',#1207,.T.);
#940=FACE_OUTER_BOUND('',#1208,.T.);
#941=FACE_OUTER_BOUND('',#1209,.T.);
#942=FACE_OUTER_BOUND('',#1210,.T.);
#943=FACE_OUTER_BOUND('',#1211,.T.);
#944=FACE_OUTER_BOUND('',#1212,.T.);
#945=FACE_OUTER_BOUND('',#1213,.T.);
#946=FACE_OUTER_BOUND('',#1214,.T.);
#947=FACE_OUTER_BOUND('',#1215,.T.);
#948=FACE_OUTER_BOUND('',#1216,.T.);
#949=FACE_OUTER_BOUND('',#1217,.T.);
#950=FACE_OUTER_BOUND('',#1218,.T.);
#951=FACE_OUTER_BOUND('',#1219,.T.);
#952=FACE_OUTER_BOUND('',#1220,.T.);
#953=FACE_OUTER_BOUND('',#1221,.T.);
#954=FACE_OUTER_BOUND('',#1222,.T.);
#955=FACE_OUTER_BOUND('',#1223,.T.);
#956=FACE_OUTER_BOUND('',#1224,.T.);
#957=FACE_OUTER_BOUND('',#1225,.T.);
#958=FACE_OUTER_BOUND('',#1226,.T.);
#959=FACE_OUTER_BOUND('',#1227,.T.);
#960=FACE_OUTER_BOUND('',#1228,.T.);
#961=FACE_OUTER_BOUND('',#1229,.T.);
#962=FACE_OUTER_BOUND('',#1230,.T.);
#963=FACE_OUTER_BOUND('',#1231,.T.);
#964=FACE_OUTER_BOUND('',#1232,.T.);
#965=FACE_OUTER_BOUND('',#1233,.T.);
#966=FACE_OUTER_BOUND('',#1234,.T.);
#967=FACE_OUTER_BOUND('',#1235,.T.);
#968=FACE_OUTER_BOUND('',#1236,.T.);
#969=FACE_OUTER_BOUND('',#1237,.T.);
#970=FACE_OUTER_BOUND('',#1238,.T.);
#971=FACE_OUTER_BOUND('',#1239,.T.);
#972=FACE_OUTER_BOUND('',#1240,.T.);
#973=FACE_OUTER_BOUND('',#1241,.T.);
#974=FACE_OUTER_BOUND('',#1242,.T.);
#975=FACE_OUTER_BOUND('',#1243,.T.);
#976=FACE_OUTER_BOUND('',#1244,.T.);
#977=FACE_OUTER_BOUND('',#1245,.T.);
#978=FACE_OUTER_BOUND('',#1246,.T.);
#979=FACE_OUTER_BOUND('',#1247,.T.);
#980=FACE_OUTER_BOUND('',#1248,.T.);
#981=FACE_OUTER_BOUND('',#1249,.T.);
#982=FACE_OUTER_BOUND('',#1250,.T.);
#983=FACE_OUTER_BOUND('',#1251,.T.);
#984=FACE_OUTER_BOUND('',#1252,.T.);
#985=FACE_OUTER_BOUND('',#1253,.T.);
#986=FACE_OUTER_BOUND('',#1254,.T.);
#987=FACE_OUTER_BOUND('',#1255,.T.);
#988=FACE_OUTER_BOUND('',#1256,.T.);
#989=FACE_OUTER_BOUND('',#1257,.T.);
#990=FACE_OUTER_BOUND('',#1258,.T.);
#991=FACE_OUTER_BOUND('',#1259,.T.);
#992=FACE_OUTER_BOUND('',#1260,.T.);
#993=FACE_OUTER_BOUND('',#1261,.T.);
#994=FACE_OUTER_BOUND('',#1262,.T.);
#995=FACE_OUTER_BOUND('',#1263,.T.);
#996=FACE_OUTER_BOUND('',#1264,.T.);
#997=FACE_OUTER_BOUND('',#1265,.T.);
#998=FACE_OUTER_BOUND('',#1266,.T.);
#999=FACE_OUTER_BOUND('',#1267,.T.);
#1000=FACE_OUTER_BOUND('',#1268,.T.);
#1001=FACE_OUTER_BOUND('',#1269,.T.);
#1002=FACE_OUTER_BOUND('',#1271,.T.);
#1003=FACE_OUTER_BOUND('',#1272,.T.);
#1004=FACE_OUTER_BOUND('',#1273,.T.);
#1005=FACE_OUTER_BOUND('',#1274,.T.);
#1006=FACE_OUTER_BOUND('',#1275,.T.);
#1007=FACE_OUTER_BOUND('',#1276,.T.);
#1008=FACE_OUTER_BOUND('',#1277,.T.);
#1009=FACE_OUTER_BOUND('',#1278,.T.);
#1010=FACE_OUTER_BOUND('',#1279,.T.);
#1011=FACE_OUTER_BOUND('',#1280,.T.);
#1012=FACE_OUTER_BOUND('',#1281,.T.);
#1013=FACE_OUTER_BOUND('',#1282,.T.);
#1014=FACE_OUTER_BOUND('',#1283,.T.);
#1015=FACE_OUTER_BOUND('',#1284,.T.);
#1016=FACE_OUTER_BOUND('',#1285,.T.);
#1017=FACE_OUTER_BOUND('',#1286,.T.);
#1018=FACE_OUTER_BOUND('',#1287,.T.);
#1019=FACE_OUTER_BOUND('',#1288,.T.);
#1020=FACE_OUTER_BOUND('',#1289,.T.);
#1021=EDGE_LOOP('',(#2495,#2496,#2497,#2498));
#1022=EDGE_LOOP('',(#2499,#2500,#2501,#2502));
#1023=EDGE_LOOP('',(#2503,#2504,#2505,#2506));
#1024=EDGE_LOOP('',(#2507,#2508,#2509,#2510));
#1025=EDGE_LOOP('',(#2511,#2512,#2513,#2514));
#1026=EDGE_LOOP('',(#2515,#2516,#2517,#2518));
#1027=EDGE_LOOP('',(#2519,#2520,#2521,#2522));
#1028=EDGE_LOOP('',(#2523,#2524,#2525,#2526));
#1029=EDGE_LOOP('',(#2527,#2528,#2529,#2530));
#1030=EDGE_LOOP('',(#2531,#2532,#2533,#2534));
#1031=EDGE_LOOP('',(#2535,#2536,#2537,#2538));
#1032=EDGE_LOOP('',(#2539,#2540,#2541,#2542));
#1033=EDGE_LOOP('',(#2543,#2544,#2545,#2546));
#1034=EDGE_LOOP('',(#2547,#2548,#2549,#2550));
#1035=EDGE_LOOP('',(#2551,#2552,#2553,#2554));
#1036=EDGE_LOOP('',(#2555,#2556,#2557,#2558));
#1037=EDGE_LOOP('',(#2559,#2560,#2561,#2562));
#1038=EDGE_LOOP('',(#2563,#2564,#2565,#2566));
#1039=EDGE_LOOP('',(#2567,#2568,#2569,#2570));
#1040=EDGE_LOOP('',(#2571,#2572,#2573,#2574));
#1041=EDGE_LOOP('',(#2575,#2576,#2577,#2578));
#1042=EDGE_LOOP('',(#2579,#2580,#2581,#2582,#2583,#2584,#2585,#2586,#2587,
#2588,#2589,#2590,#2591,#2592));
#1043=EDGE_LOOP('',(#2593,#2594,#2595,#2596,#2597));
#1044=EDGE_LOOP('',(#2598,#2599,#2600,#2601));
#1045=EDGE_LOOP('',(#2602,#2603,#2604,#2605));
#1046=EDGE_LOOP('',(#2606,#2607,#2608,#2609));
#1047=EDGE_LOOP('',(#2610,#2611,#2612,#2613));
#1048=EDGE_LOOP('',(#2614,#2615,#2616,#2617));
#1049=EDGE_LOOP('',(#2618,#2619,#2620,#2621));
#1050=EDGE_LOOP('',(#2622,#2623,#2624,#2625));
#1051=EDGE_LOOP('',(#2626,#2627,#2628,#2629));
#1052=EDGE_LOOP('',(#2630,#2631,#2632,#2633));
#1053=EDGE_LOOP('',(#2634,#2635,#2636,#2637));
#1054=EDGE_LOOP('',(#2638,#2639,#2640,#2641));
#1055=EDGE_LOOP('',(#2642,#2643,#2644,#2645));
#1056=EDGE_LOOP('',(#2646,#2647,#2648,#2649));
#1057=EDGE_LOOP('',(#2650,#2651,#2652,#2653));
#1058=EDGE_LOOP('',(#2654,#2655,#2656,#2657));
#1059=EDGE_LOOP('',(#2658,#2659,#2660,#2661));
#1060=EDGE_LOOP('',(#2662,#2663,#2664,#2665));
#1061=EDGE_LOOP('',(#2666,#2667,#2668,#2669));
#1062=EDGE_LOOP('',(#2670,#2671,#2672,#2673));
#1063=EDGE_LOOP('',(#2674,#2675,#2676,#2677));
#1064=EDGE_LOOP('',(#2678,#2679,#2680,#2681));
#1065=EDGE_LOOP('',(#2682,#2683,#2684,#2685));
#1066=EDGE_LOOP('',(#2686,#2687,#2688,#2689));
#1067=EDGE_LOOP('',(#2690,#2691,#2692,#2693));
#1068=EDGE_LOOP('',(#2694,#2695,#2696,#2697));
#1069=EDGE_LOOP('',(#2698,#2699,#2700,#2701));
#1070=EDGE_LOOP('',(#2702,#2703,#2704,#2705));
#1071=EDGE_LOOP('',(#2706,#2707,#2708,#2709));
#1072=EDGE_LOOP('',(#2710,#2711,#2712,#2713));
#1073=EDGE_LOOP('',(#2714,#2715,#2716,#2717));
#1074=EDGE_LOOP('',(#2718,#2719,#2720,#2721));
#1075=EDGE_LOOP('',(#2722,#2723,#2724,#2725));
#1076=EDGE_LOOP('',(#2726,#2727,#2728,#2729));
#1077=EDGE_LOOP('',(#2730,#2731,#2732,#2733));
#1078=EDGE_LOOP('',(#2734,#2735,#2736,#2737));
#1079=EDGE_LOOP('',(#2738,#2739,#2740,#2741));
#1080=EDGE_LOOP('',(#2742,#2743,#2744,#2745));
#1081=EDGE_LOOP('',(#2746,#2747,#2748,#2749));
#1082=EDGE_LOOP('',(#2750,#2751,#2752,#2753));
#1083=EDGE_LOOP('',(#2754,#2755,#2756,#2757));
#1084=EDGE_LOOP('',(#2758,#2759,#2760,#2761));
#1085=EDGE_LOOP('',(#2762,#2763,#2764,#2765));
#1086=EDGE_LOOP('',(#2766,#2767,#2768,#2769));
#1087=EDGE_LOOP('',(#2770,#2771,#2772,#2773));
#1088=EDGE_LOOP('',(#2774,#2775,#2776,#2777));
#1089=EDGE_LOOP('',(#2778,#2779,#2780,#2781));
#1090=EDGE_LOOP('',(#2782,#2783,#2784,#2785));
#1091=EDGE_LOOP('',(#2786,#2787,#2788,#2789));
#1092=EDGE_LOOP('',(#2790,#2791,#2792,#2793));
#1093=EDGE_LOOP('',(#2794,#2795,#2796,#2797));
#1094=EDGE_LOOP('',(#2798,#2799,#2800,#2801));
#1095=EDGE_LOOP('',(#2802,#2803,#2804,#2805));
#1096=EDGE_LOOP('',(#2806,#2807,#2808,#2809));
#1097=EDGE_LOOP('',(#2810,#2811,#2812,#2813));
#1098=EDGE_LOOP('',(#2814,#2815,#2816,#2817));
#1099=EDGE_LOOP('',(#2818,#2819,#2820,#2821));
#1100=EDGE_LOOP('',(#2822,#2823,#2824,#2825));
#1101=EDGE_LOOP('',(#2826,#2827,#2828,#2829));
#1102=EDGE_LOOP('',(#2830,#2831,#2832,#2833));
#1103=EDGE_LOOP('',(#2834,#2835,#2836,#2837));
#1104=EDGE_LOOP('',(#2838,#2839,#2840,#2841));
#1105=EDGE_LOOP('',(#2842,#2843,#2844,#2845));
#1106=EDGE_LOOP('',(#2846,#2847,#2848,#2849));
#1107=EDGE_LOOP('',(#2850,#2851,#2852,#2853));
#1108=EDGE_LOOP('',(#2854,#2855,#2856,#2857));
#1109=EDGE_LOOP('',(#2858,#2859,#2860,#2861));
#1110=EDGE_LOOP('',(#2862,#2863,#2864,#2865));
#1111=EDGE_LOOP('',(#2866,#2867,#2868,#2869));
#1112=EDGE_LOOP('',(#2870,#2871,#2872,#2873));
#1113=EDGE_LOOP('',(#2874,#2875,#2876,#2877));
#1114=EDGE_LOOP('',(#2878,#2879,#2880,#2881));
#1115=EDGE_LOOP('',(#2882,#2883,#2884,#2885));
#1116=EDGE_LOOP('',(#2886,#2887,#2888,#2889));
#1117=EDGE_LOOP('',(#2890,#2891,#2892,#2893));
#1118=EDGE_LOOP('',(#2894,#2895,#2896,#2897));
#1119=EDGE_LOOP('',(#2898,#2899,#2900,#2901));
#1120=EDGE_LOOP('',(#2902,#2903,#2904,#2905));
#1121=EDGE_LOOP('',(#2906,#2907,#2908,#2909));
#1122=EDGE_LOOP('',(#2910,#2911,#2912,#2913));
#1123=EDGE_LOOP('',(#2914,#2915,#2916,#2917));
#1124=EDGE_LOOP('',(#2918,#2919,#2920,#2921));
#1125=EDGE_LOOP('',(#2922,#2923,#2924,#2925));
#1126=EDGE_LOOP('',(#2926,#2927,#2928,#2929));
#1127=EDGE_LOOP('',(#2930,#2931,#2932,#2933));
#1128=EDGE_LOOP('',(#2934,#2935,#2936,#2937));
#1129=EDGE_LOOP('',(#2938,#2939,#2940,#2941));
#1130=EDGE_LOOP('',(#2942,#2943,#2944,#2945));
#1131=EDGE_LOOP('',(#2946,#2947,#2948,#2949));
#1132=EDGE_LOOP('',(#2950,#2951,#2952,#2953));
#1133=EDGE_LOOP('',(#2954,#2955,#2956,#2957));
#1134=EDGE_LOOP('',(#2958,#2959,#2960,#2961));
#1135=EDGE_LOOP('',(#2962,#2963,#2964,#2965,#2966,#2967,#2968,#2969,#2970,
#2971,#2972,#2973,#2974,#2975));
#1136=EDGE_LOOP('',(#2976,#2977,#2978,#2979,#2980));
#1137=EDGE_LOOP('',(#2981,#2982,#2983,#2984));
#1138=EDGE_LOOP('',(#2985,#2986,#2987,#2988));
#1139=EDGE_LOOP('',(#2989,#2990,#2991,#2992));
#1140=EDGE_LOOP('',(#2993,#2994,#2995,#2996));
#1141=EDGE_LOOP('',(#2997,#2998,#2999,#3000));
#1142=EDGE_LOOP('',(#3001,#3002,#3003,#3004));
#1143=EDGE_LOOP('',(#3005,#3006,#3007,#3008));
#1144=EDGE_LOOP('',(#3009,#3010,#3011,#3012));
#1145=EDGE_LOOP('',(#3013,#3014,#3015,#3016));
#1146=EDGE_LOOP('',(#3017,#3018,#3019,#3020));
#1147=EDGE_LOOP('',(#3021,#3022,#3023,#3024));
#1148=EDGE_LOOP('',(#3025,#3026,#3027,#3028));
#1149=EDGE_LOOP('',(#3029,#3030,#3031,#3032));
#1150=EDGE_LOOP('',(#3033,#3034,#3035,#3036));
#1151=EDGE_LOOP('',(#3037,#3038,#3039,#3040));
#1152=EDGE_LOOP('',(#3041,#3042,#3043,#3044));
#1153=EDGE_LOOP('',(#3045,#3046,#3047,#3048));
#1154=EDGE_LOOP('',(#3049,#3050,#3051,#3052));
#1155=EDGE_LOOP('',(#3053,#3054,#3055,#3056));
#1156=EDGE_LOOP('',(#3057,#3058,#3059,#3060));
#1157=EDGE_LOOP('',(#3061,#3062,#3063,#3064));
#1158=EDGE_LOOP('',(#3065,#3066,#3067,#3068));
#1159=EDGE_LOOP('',(#3069,#3070,#3071,#3072));
#1160=EDGE_LOOP('',(#3073,#3074,#3075,#3076));
#1161=EDGE_LOOP('',(#3077,#3078,#3079,#3080));
#1162=EDGE_LOOP('',(#3081,#3082,#3083,#3084));
#1163=EDGE_LOOP('',(#3085,#3086,#3087,#3088));
#1164=EDGE_LOOP('',(#3089,#3090,#3091,#3092));
#1165=EDGE_LOOP('',(#3093,#3094,#3095,#3096));
#1166=EDGE_LOOP('',(#3097,#3098,#3099,#3100,#3101));
#1167=EDGE_LOOP('',(#3102,#3103,#3104,#3105,#3106));
#1168=EDGE_LOOP('',(#3107,#3108,#3109,#3110));
#1169=EDGE_LOOP('',(#3111,#3112,#3113,#3114));
#1170=EDGE_LOOP('',(#3115,#3116,#3117,#3118));
#1171=EDGE_LOOP('',(#3119,#3120,#3121,#3122));
#1172=EDGE_LOOP('',(#3123,#3124,#3125,#3126));
#1173=EDGE_LOOP('',(#3127,#3128,#3129,#3130));
#1174=EDGE_LOOP('',(#3131,#3132,#3133,#3134));
#1175=EDGE_LOOP('',(#3135,#3136,#3137,#3138,#3139,#3140,#3141,#3142,#3143,
#3144,#3145,#3146));
#1176=EDGE_LOOP('',(#3147,#3148,#3149,#3150,#3151));
#1177=EDGE_LOOP('',(#3152,#3153,#3154,#3155,#3156,#3157,#3158,#3159));
#1178=EDGE_LOOP('',(#3160,#3161,#3162,#3163));
#1179=EDGE_LOOP('',(#3164,#3165,#3166,#3167));
#1180=EDGE_LOOP('',(#3168,#3169,#3170,#3171));
#1181=EDGE_LOOP('',(#3172,#3173,#3174,#3175));
#1182=EDGE_LOOP('',(#3176,#3177,#3178,#3179));
#1183=EDGE_LOOP('',(#3180,#3181,#3182,#3183));
#1184=EDGE_LOOP('',(#3184,#3185,#3186,#3187));
#1185=EDGE_LOOP('',(#3188,#3189,#3190,#3191));
#1186=EDGE_LOOP('',(#3192,#3193,#3194,#3195));
#1187=EDGE_LOOP('',(#3196,#3197,#3198,#3199,#3200));
#1188=EDGE_LOOP('',(#3201,#3202,#3203,#3204));
#1189=EDGE_LOOP('',(#3205,#3206,#3207,#3208));
#1190=EDGE_LOOP('',(#3209,#3210,#3211,#3212));
#1191=EDGE_LOOP('',(#3213,#3214,#3215,#3216,#3217,#3218,#3219,#3220));
#1192=EDGE_LOOP('',(#3221,#3222,#3223,#3224,#3225));
#1193=EDGE_LOOP('',(#3226,#3227,#3228,#3229));
#1194=EDGE_LOOP('',(#3230,#3231,#3232,#3233));
#1195=EDGE_LOOP('',(#3234,#3235,#3236,#3237,#3238));
#1196=EDGE_LOOP('',(#3239,#3240,#3241,#3242));
#1197=EDGE_LOOP('',(#3243,#3244,#3245,#3246));
#1198=EDGE_LOOP('',(#3247,#3248,#3249,#3250,#3251));
#1199=EDGE_LOOP('',(#3252,#3253,#3254,#3255,#3256,#3257));
#1200=EDGE_LOOP('',(#3258,#3259,#3260,#3261));
#1201=EDGE_LOOP('',(#3262,#3263,#3264,#3265));
#1202=EDGE_LOOP('',(#3266,#3267,#3268,#3269,#3270,#3271));
#1203=EDGE_LOOP('',(#3272,#3273,#3274,#3275));
#1204=EDGE_LOOP('',(#3276,#3277,#3278,#3279));
#1205=EDGE_LOOP('',(#3280,#3281,#3282,#3283));
#1206=EDGE_LOOP('',(#3284,#3285,#3286,#3287));
#1207=EDGE_LOOP('',(#3288,#3289,#3290,#3291));
#1208=EDGE_LOOP('',(#3292,#3293,#3294,#3295));
#1209=EDGE_LOOP('',(#3296,#3297,#3298,#3299));
#1210=EDGE_LOOP('',(#3300,#3301,#3302,#3303,#3304,#3305));
#1211=EDGE_LOOP('',(#3306,#3307,#3308,#3309));
#1212=EDGE_LOOP('',(#3310,#3311,#3312,#3313));
#1213=EDGE_LOOP('',(#3314,#3315,#3316,#3317));
#1214=EDGE_LOOP('',(#3318,#3319,#3320,#3321));
#1215=EDGE_LOOP('',(#3322,#3323,#3324,#3325));
#1216=EDGE_LOOP('',(#3326,#3327,#3328,#3329));
#1217=EDGE_LOOP('',(#3330,#3331,#3332,#3333));
#1218=EDGE_LOOP('',(#3334,#3335,#3336,#3337));
#1219=EDGE_LOOP('',(#3338,#3339,#3340,#3341));
#1220=EDGE_LOOP('',(#3342,#3343,#3344,#3345));
#1221=EDGE_LOOP('',(#3346,#3347,#3348,#3349));
#1222=EDGE_LOOP('',(#3350,#3351,#3352,#3353));
#1223=EDGE_LOOP('',(#3354,#3355,#3356,#3357));
#1224=EDGE_LOOP('',(#3358,#3359,#3360,#3361));
#1225=EDGE_LOOP('',(#3362,#3363,#3364,#3365));
#1226=EDGE_LOOP('',(#3366,#3367,#3368,#3369));
#1227=EDGE_LOOP('',(#3370,#3371,#3372,#3373));
#1228=EDGE_LOOP('',(#3374,#3375,#3376,#3377,#3378,#3379,#3380));
#1229=EDGE_LOOP('',(#3381,#3382,#3383,#3384));
#1230=EDGE_LOOP('',(#3385,#3386,#3387,#3388,#3389,#3390));
#1231=EDGE_LOOP('',(#3391,#3392,#3393,#3394));
#1232=EDGE_LOOP('',(#3395,#3396,#3397,#3398,#3399,#3400));
#1233=EDGE_LOOP('',(#3401,#3402,#3403,#3404));
#1234=EDGE_LOOP('',(#3405,#3406,#3407,#3408));
#1235=EDGE_LOOP('',(#3409,#3410,#3411,#3412));
#1236=EDGE_LOOP('',(#3413,#3414,#3415,#3416,#3417,#3418));
#1237=EDGE_LOOP('',(#3419,#3420,#3421,#3422));
#1238=EDGE_LOOP('',(#3423,#3424,#3425,#3426));
#1239=EDGE_LOOP('',(#3427,#3428,#3429,#3430));
#1240=EDGE_LOOP('',(#3431,#3432,#3433,#3434,#3435,#3436));
#1241=EDGE_LOOP('',(#3437,#3438,#3439,#3440));
#1242=EDGE_LOOP('',(#3441,#3442,#3443,#3444));
#1243=EDGE_LOOP('',(#3445,#3446,#3447,#3448));
#1244=EDGE_LOOP('',(#3449,#3450,#3451,#3452));
#1245=EDGE_LOOP('',(#3453,#3454,#3455,#3456));
#1246=EDGE_LOOP('',(#3457,#3458,#3459,#3460));
#1247=EDGE_LOOP('',(#3461,#3462,#3463,#3464));
#1248=EDGE_LOOP('',(#3465,#3466,#3467,#3468));
#1249=EDGE_LOOP('',(#3469,#3470,#3471,#3472));
#1250=EDGE_LOOP('',(#3473,#3474,#3475,#3476));
#1251=EDGE_LOOP('',(#3477,#3478,#3479,#3480));
#1252=EDGE_LOOP('',(#3481,#3482,#3483,#3484));
#1253=EDGE_LOOP('',(#3485,#3486,#3487,#3488));
#1254=EDGE_LOOP('',(#3489,#3490,#3491,#3492));
#1255=EDGE_LOOP('',(#3493,#3494,#3495,#3496));
#1256=EDGE_LOOP('',(#3497,#3498,#3499,#3500));
#1257=EDGE_LOOP('',(#3501,#3502,#3503,#3504));
#1258=EDGE_LOOP('',(#3505,#3506,#3507,#3508));
#1259=EDGE_LOOP('',(#3509,#3510,#3511,#3512));
#1260=EDGE_LOOP('',(#3513,#3514,#3515,#3516));
#1261=EDGE_LOOP('',(#3517,#3518,#3519,#3520));
#1262=EDGE_LOOP('',(#3521,#3522,#3523,#3524));
#1263=EDGE_LOOP('',(#3525,#3526,#3527,#3528));
#1264=EDGE_LOOP('',(#3529,#3530,#3531,#3532));
#1265=EDGE_LOOP('',(#3533,#3534,#3535,#3536));
#1266=EDGE_LOOP('',(#3537,#3538,#3539,#3540));
#1267=EDGE_LOOP('',(#3541,#3542,#3543,#3544));
#1268=EDGE_LOOP('',(#3545,#3546,#3547,#3548));
#1269=EDGE_LOOP('',(#3549,#3550,#3551,#3552,#3553,#3554,#3555,#3556,#3557,
#3558,#3559,#3560,#3561,#3562));
#1270=EDGE_LOOP('',(#3563,#3564,#3565,#3566,#3567));
#1271=EDGE_LOOP('',(#3568,#3569,#3570,#3571,#3572,#3573,#3574,#3575,#3576,
#3577,#3578,#3579,#3580));
#1272=EDGE_LOOP('',(#3581,#3582,#3583,#3584));
#1273=EDGE_LOOP('',(#3585,#3586,#3587,#3588));
#1274=EDGE_LOOP('',(#3589,#3590,#3591,#3592));
#1275=EDGE_LOOP('',(#3593,#3594,#3595,#3596));
#1276=EDGE_LOOP('',(#3597,#3598,#3599,#3600));
#1277=EDGE_LOOP('',(#3601,#3602,#3603,#3604));
#1278=EDGE_LOOP('',(#3605,#3606,#3607,#3608));
#1279=EDGE_LOOP('',(#3609,#3610,#3611,#3612));
#1280=EDGE_LOOP('',(#3613,#3614,#3615,#3616));
#1281=EDGE_LOOP('',(#3617,#3618,#3619,#3620));
#1282=EDGE_LOOP('',(#3621,#3622,#3623,#3624));
#1283=EDGE_LOOP('',(#3625,#3626,#3627,#3628));
#1284=EDGE_LOOP('',(#3629,#3630,#3631,#3632));
#1285=EDGE_LOOP('',(#3633,#3634,#3635,#3636));
#1286=EDGE_LOOP('',(#3637,#3638,#3639,#3640));
#1287=EDGE_LOOP('',(#3641,#3642,#3643,#3644,#3645,#3646));
#1288=EDGE_LOOP('',(#3647,#3648,#3649,#3650));
#1289=EDGE_LOOP('',(#3651,#3652,#3653,#3654));
#1290=CIRCLE('',#4023,1.05);
#1291=CIRCLE('',#4024,34.9336446696881);
#1292=CIRCLE('',#4025,1.05);
#1293=CIRCLE('',#4026,35.676106789934);
#1294=CIRCLE('',#4028,1.05000000000001);
#1295=CIRCLE('',#4030,1.05);
#1296=CIRCLE('',#4031,35.676106789934);
#1297=CIRCLE('',#4032,34.9336446696881);
#1298=CIRCLE('',#4034,1.05);
#1299=CIRCLE('',#4036,1.05);
#1300=CIRCLE('',#4037,11.2424621202459);
#1301=CIRCLE('',#4038,11.9849242404918);
#1302=CIRCLE('',#4040,1.05);
#1303=CIRCLE('',#4042,1.05);
#1304=CIRCLE('',#4043,38.0174621202459);
#1305=CIRCLE('',#4044,38.7599242404918);
#1306=CIRCLE('',#4046,1.05);
#1307=CIRCLE('',#4047,2.4075378797541);
#1308=CIRCLE('',#4048,1.66507575950824);
#1309=CIRCLE('',#4050,1.05);
#1310=CIRCLE('',#4051,42.8325378797541);
#1311=CIRCLE('',#4052,42.0900757595082);
#1312=CIRCLE('',#4054,1.05);
#1313=CIRCLE('',#4056,1.05);
#1314=CIRCLE('',#4057,5.55753787975409);
#1315=CIRCLE('',#4058,4.81507575950823);
#1316=CIRCLE('',#4060,1.05);
#1317=CIRCLE('',#4062,1.05);
#1318=CIRCLE('',#4063,11.2424621202459);
#1319=CIRCLE('',#4064,11.9849242404918);
#1320=CIRCLE('',#4067,45.3674621202459);
#1321=CIRCLE('',#4070,8.09246212024587);
#1322=CIRCLE('',#4073,8.70753787975413);
#1323=CIRCLE('',#4076,38.2110310304257);
#1324=CIRCLE('',#4078,31.6034931506717);
#1325=CIRCLE('',#4079,31.6034931506729);
#1326=CIRCLE('',#4081,1.05);
#1327=CIRCLE('',#4082,1.05000000000001);
#1328=CIRCLE('',#4084,8.4);
#1329=CIRCLE('',#4085,1.05);
#1330=CIRCLE('',#4087,1.05);
#1331=CIRCLE('',#4089,45.675);
#1332=CIRCLE('',#4090,1.05);
#1333=CIRCLE('',#4092,5.25);
#1334=CIRCLE('',#4093,1.05);
#1335=CIRCLE('',#4094,4.94246212024586);
#1336=CIRCLE('',#4096,35.175);
#1337=CIRCLE('',#4097,1.05);
#1338=CIRCLE('',#4098,35.4825378797541);
#1339=CIRCLE('',#4100,1.05);
#1340=CIRCLE('',#4102,8.4);
#1341=CIRCLE('',#4103,1.05000000000003);
#1342=CIRCLE('',#4104,8.70753787975412);
#1343=CIRCLE('',#4106,1.04999999999999);
#1344=CIRCLE('',#4108,38.5185689101798);
#1345=CIRCLE('',#4109,1.05);
#1346=CIRCLE('',#4110,38.2110310304257);
#1347=CIRCLE('',#4112,1.05);
#1348=CIRCLE('',#4114,38.5185689101798);
#1349=CIRCLE('',#4115,1.04999999999999);
#1350=CIRCLE('',#4117,1.04999999999999);
#1351=CIRCLE('',#4119,8.4);
#1352=CIRCLE('',#4125,35.175);
#1353=CIRCLE('',#4127,5.25);
#1354=CIRCLE('',#4129,45.675);
#1355=CIRCLE('',#4132,8.4);
#1356=CIRCLE('',#4135,1.05);
#1357=CIRCLE('',#4136,1.05);
#1358=CIRCLE('',#4138,38.5185689101798);
#1359=CIRCLE('',#4139,1.05);
#1360=CIRCLE('',#4140,38.2110310304257);
#1361=CIRCLE('',#4142,1.05);
#1362=CIRCLE('',#4144,8.4);
#1363=CIRCLE('',#4145,1.04999999999999);
#1364=CIRCLE('',#4146,8.70753787975412);
#1365=CIRCLE('',#4148,1.05);
#1366=CIRCLE('',#4150,1.05);
#1367=CIRCLE('',#4151,35.4825378797541);
#1368=CIRCLE('',#4153,1.05);
#1369=CIRCLE('',#4154,4.94246212024586);
#1370=CIRCLE('',#4156,1.05);
#1371=CIRCLE('',#4157,45.3674621202459);
#1372=CIRCLE('',#4159,1.05);
#1373=CIRCLE('',#4161,1.05000000000001);
#1374=CIRCLE('',#4162,8.09246212024587);
#1375=CIRCLE('',#4164,1.04999999999999);
#1376=CIRCLE('',#4166,8.4);
#1377=CIRCLE('',#4167,1.04999999999997);
#1378=CIRCLE('',#4168,8.70753787975413);
#1379=CIRCLE('',#4170,1.05000000000001);
#1380=CIRCLE('',#4172,38.5185689101798);
#1381=CIRCLE('',#4173,38.2110310304257);
#1382=CIRCLE('',#4176,5.55753787975409);
#1383=CIRCLE('',#4179,11.2424621202459);
#1384=CIRCLE('',#4182,35.676106789934);
#1385=CIRCLE('',#4189,1.05000000000001);
#1386=CIRCLE('',#4192,28.0185689101812);
#1387=CIRCLE('',#4193,1.05000000000115);
#1388=CIRCLE('',#4194,28.3261067899353);
#1389=CIRCLE('',#4196,1.05);
#1390=CIRCLE('',#4198,28.01856891018);
#1391=CIRCLE('',#4199,1.05000000000002);
#1392=CIRCLE('',#4200,28.3261067899341);
#1393=CIRCLE('',#4203,30.8610310304259);
#1394=CIRCLE('',#4208,28.0185689101812);
#1395=CIRCLE('',#4211,1.04999999999999);
#1396=CIRCLE('',#4214,28.01856891018);
#1397=CIRCLE('',#4215,1.05000000000001);
#1398=CIRCLE('',#4216,28.3261067899341);
#1399=CIRCLE('',#4218,1.05);
#1400=CIRCLE('',#4220,1.04999999999999);
#1401=CIRCLE('',#4221,28.3261067899353);
#1402=CIRCLE('',#4224,30.8610310304271);
#1403=CIRCLE('',#4230,1.05);
#1404=CIRCLE('',#4233,1.05);
#1405=CIRCLE('',#4235,1.05);
#1406=CIRCLE('',#4237,1.05);
#1407=CIRCLE('',#4238,30.8610310304259);
#1408=CIRCLE('',#4242,1.05000000000003);
#1409=CIRCLE('',#4243,4.81507575950823);
#1410=CIRCLE('',#4244,1.05);
#1411=CIRCLE('',#4246,1.05);
#1412=CIRCLE('',#4248,1.05);
#1413=CIRCLE('',#4249,42.8325378797541);
#1414=CIRCLE('',#4250,42.0900757595082);
#1415=CIRCLE('',#4252,1.05);
#1416=CIRCLE('',#4253,2.4075378797541);
#1417=CIRCLE('',#4254,1.66507575950824);
#1418=CIRCLE('',#4256,1.05);
#1419=CIRCLE('',#4257,38.0174621202459);
#1420=CIRCLE('',#4258,38.7599242404918);
#1421=CIRCLE('',#4260,1.05);
#1422=CIRCLE('',#4262,1.05);
#1423=CIRCLE('',#4263,11.2424621202459);
#1424=CIRCLE('',#4264,11.9849242404918);
#1425=CIRCLE('',#4266,1.05);
#1426=CIRCLE('',#4268,1.05);
#1427=CIRCLE('',#4269,35.676106789934);
#1428=CIRCLE('',#4270,34.9336446696881);
#1429=CIRCLE('',#4272,1.05000000000001);
#1430=CIRCLE('',#4274,1.05);
#1431=CIRCLE('',#4275,34.9336446696881);
#1432=CIRCLE('',#4277,1.05);
#1433=CIRCLE('',#4279,1.05);
#1434=CIRCLE('',#4280,11.9849242404918);
#1435=CIRCLE('',#4284,31.6034931506729);
#1436=CIRCLE('',#4285,31.6034931506717);
#1437=CIRCLE('',#4287,1.05);
#1438=CIRCLE('',#4290,1.05);
#1439=CIRCLE('',#4292,1.05);
#1440=CIRCLE('',#4294,1.05);
#1441=CIRCLE('',#4295,30.8610310304271);
#1442=CIRCLE('',#4315,1.5);
#1443=CIRCLE('',#4318,1.5);
#1444=CIRCLE('',#4319,26.6843513430286);
#1445=CIRCLE('',#4320,28.1843513430286);
#1446=CIRCLE('',#4322,1.5);
#1447=CIRCLE('',#4324,1.5);
#1448=CIRCLE('',#4325,26.6843513430297);
#1449=CIRCLE('',#4326,28.1843513430297);
#1450=CIRCLE('',#4329,26.6843513430297);
#1451=CIRCLE('',#4333,29.6843513430296);
#1452=CIRCLE('',#4334,29.6843513430286);
#1453=CIRCLE('',#4337,1.5);
#1454=CIRCLE('',#4339,1.5);
#1455=CIRCLE('',#4340,6.5);
#1456=CIRCLE('',#4341,8.);
#1457=CIRCLE('',#4343,1.5);
#1458=CIRCLE('',#4345,1.5);
#1459=CIRCLE('',#4346,33.6843513430284);
#1460=CIRCLE('',#4347,32.1843513430284);
#1461=CIRCLE('',#4349,1.5);
#1462=CIRCLE('',#4351,1.5);
#1463=CIRCLE('',#4352,33.6843513430284);
#1464=CIRCLE('',#4353,32.1843513430284);
#1465=CIRCLE('',#4357,40.5);
#1466=CIRCLE('',#4358,2.00000000000003);
#1467=CIRCLE('',#4359,36.4999999999999);
#1468=CIRCLE('',#4360,31.1843513430286);
#1469=CIRCLE('',#4361,31.1843513430296);
#1470=CIRCLE('',#4366,1.5);
#1471=CIRCLE('',#4369,1.5);
#1472=CIRCLE('',#4370,29.6843513430296);
#1473=CIRCLE('',#4372,1.5);
#1474=CIRCLE('',#4374,1.5);
#1475=CIRCLE('',#4375,29.6843513430286);
#1476=CIRCLE('',#4378,29.6843513430286);
#1477=CIRCLE('',#4382,1.50000000000004);
#1478=CIRCLE('',#4384,1.49999999999993);
#1479=CIRCLE('',#4385,5.);
#1480=CIRCLE('',#4386,6.5);
#1481=CIRCLE('',#4390,13.);
#1482=CIRCLE('',#4391,1.50000000000002);
#1483=CIRCLE('',#4392,14.5);
#1484=CIRCLE('',#4393,1.50000000000006);
#1485=CIRCLE('',#4394,13.);
#1486=CIRCLE('',#4396,12.);
#1487=CIRCLE('',#4399,29.6843513430296);
#1488=CIRCLE('',#4401,1.50000000000001);
#1489=CIRCLE('',#4405,1.49999999999999);
#1490=CIRCLE('',#4406,26.6843513430286);
#1491=CIRCLE('',#4408,1.50000000000009);
#1492=CIRCLE('',#4410,1.50000000000002);
#1493=CIRCLE('',#4411,1.50000000000002);
#1494=CIRCLE('',#4416,1.5);
#1495=CIRCLE('',#4417,1.50000000000003);
#1496=CIRCLE('',#4419,10.5);
#1497=CIRCLE('',#4421,1.50000000000006);
#1498=CIRCLE('',#4423,1.49999999999999);
#1499=CIRCLE('',#4424,42.);
#1500=CIRCLE('',#4425,43.5);
#1501=CIRCLE('',#4427,1.49999999999999);
#1502=CIRCLE('',#4428,3.5);
#1503=CIRCLE('',#4429,5.);
#1504=CIRCLE('',#4431,1.50000000000006);
#1505=CIRCLE('',#4432,35.);
#1506=CIRCLE('',#4433,33.5);
#1507=CIRCLE('',#4435,1.50000000000006);
#1508=CIRCLE('',#4437,1.50000000000001);
#1509=CIRCLE('',#4438,16.);
#1510=CIRCLE('',#4439,14.5);
#1511=CIRCLE('',#4441,1.50000000000003);
#1512=CIRCLE('',#4444,1.49999999999999);
#1513=CIRCLE('',#4445,33.6843513430284);
#1514=CIRCLE('',#4446,36.6843513430284);
#1515=CIRCLE('',#4448,1.5);
#1516=CIRCLE('',#4450,33.6843513430284);
#1517=CIRCLE('',#4451,36.6843513430284);
#1518=CIRCLE('',#4453,33.5);
#1519=CIRCLE('',#4455,5.);
#1520=CIRCLE('',#4457,43.5);
#1521=CIRCLE('',#4460,14.5);
#1522=CIRCLE('',#4462,10.5);
#1523=CIRCLE('',#4465,1.5);
#1524=CIRCLE('',#4466,1.5);
#1525=CIRCLE('',#4467,12.);
#1526=CIRCLE('',#4469,1.5);
#1527=CIRCLE('',#4470,13.);
#1528=CIRCLE('',#4472,1.5);
#1529=CIRCLE('',#4473,14.5);
#1530=CIRCLE('',#4474,1.5);
#1531=CIRCLE('',#4475,16.);
#1532=CIRCLE('',#4480,36.6843513430284);
#1533=CIRCLE('',#4482,5.);
#1534=CIRCLE('',#4483,16.);
#1535=CIRCLE('',#4485,13.);
#1536=CIRCLE('',#4487,1.5);
#1537=CIRCLE('',#4488,1.50000000000006);
#1538=CIRCLE('',#4490,1.49999999999993);
#1539=CIRCLE('',#4491,14.5);
#1540=CIRCLE('',#4493,1.5);
#1541=CIRCLE('',#4495,1.5);
#1542=CIRCLE('',#4496,33.6843513430284);
#1543=CIRCLE('',#4498,1.5);
#1544=CIRCLE('',#4500,1.5);
#1545=CIRCLE('',#4501,36.6843513430284);
#1546=CIRCLE('',#4502,33.6843513430284);
#1547=CIRCLE('',#4504,1.50000000000003);
#1548=CIRCLE('',#4506,1.50000000000006);
#1549=CIRCLE('',#4507,6.5);
#1550=CIRCLE('',#4509,1.50000000000003);
#1551=CIRCLE('',#4511,1.50000000000006);
#1552=CIRCLE('',#4512,14.5);
#1553=CIRCLE('',#4514,1.5);
#1554=CIRCLE('',#4516,1.5);
#1555=CIRCLE('',#4517,40.5);
#1556=CIRCLE('',#4519,1.5);
#1557=CIRCLE('',#4520,2.00000000000003);
#1558=CIRCLE('',#4522,36.4999999999999);
#1559=CIRCLE('',#4525,33.6843513430284);
#1560=CIRCLE('',#4528,33.6843513430284);
#1561=CIRCLE('',#4531,14.5);
#1562=CIRCLE('',#4534,1.50000000000004);
#1563=CIRCLE('',#4535,1.5);
#1564=CIRCLE('',#4537,1.5);
#1565=CIRCLE('',#4538,32.1843513430284);
#1566=CIRCLE('',#4540,1.5);
#1567=CIRCLE('',#4542,1.5);
#1568=CIRCLE('',#4543,32.1843513430284);
#1569=CIRCLE('',#4545,1.5);
#1570=CIRCLE('',#4547,1.5);
#1571=CIRCLE('',#4548,6.5);
#1572=CIRCLE('',#4549,8.);
#1573=CIRCLE('',#4551,1.5);
#1574=CIRCLE('',#4553,1.5);
#1575=CIRCLE('',#4554,14.5);
#1576=CIRCLE('',#4555,13.);
#1577=CIRCLE('',#4557,1.5);
#1578=CIRCLE('',#4559,1.5);
#1579=CIRCLE('',#4560,40.5);
#1580=CIRCLE('',#4561,39.);
#1581=CIRCLE('',#4562,1.5);
#1582=CIRCLE('',#4563,2.00000000000003);
#1583=CIRCLE('',#4564,0.500000000000028);
#1584=CIRCLE('',#4566,1.5);
#1585=CIRCLE('',#4567,36.4999999999999);
#1586=CIRCLE('',#4568,37.9999999999999);
#1587=CIRCLE('',#4570,1.5);
#1588=CIRCLE('',#4572,16.);
#1589=CIRCLE('',#4578,29.6843513430296);
#1590=CIRCLE('',#4579,29.6843513430286);
#1591=CIRCLE('',#4581,36.4999999999999);
#1592=CIRCLE('',#4582,2.00000000000003);
#1593=CIRCLE('',#4583,40.5);
#1594=VERTEX_POINT('',#6036);
#1595=VERTEX_POINT('',#6037);
#1596=VERTEX_POINT('',#6039);
#1597=VERTEX_POINT('',#6041);
#1598=VERTEX_POINT('',#6045);
#1599=VERTEX_POINT('',#6046);
#1600=VERTEX_POINT('',#6051);
#1601=VERTEX_POINT('',#6052);
#1602=VERTEX_POINT('',#6057);
#1603=VERTEX_POINT('',#6058);
#1604=VERTEX_POINT('',#6063);
#1605=VERTEX_POINT('',#6064);
#1606=VERTEX_POINT('',#6069);
#1607=VERTEX_POINT('',#6070);
#1608=VERTEX_POINT('',#6075);
#1609=VERTEX_POINT('',#6076);
#1610=VERTEX_POINT('',#6081);
#1611=VERTEX_POINT('',#6082);
#1612=VERTEX_POINT('',#6087);
#1613=VERTEX_POINT('',#6088);
#1614=VERTEX_POINT('',#6093);
#1615=VERTEX_POINT('',#6094);
#1616=VERTEX_POINT('',#6099);
#1617=VERTEX_POINT('',#6100);
#1618=VERTEX_POINT('',#6105);
#1619=VERTEX_POINT('',#6106);
#1620=VERTEX_POINT('',#6111);
#1621=VERTEX_POINT('',#6112);
#1622=VERTEX_POINT('',#6120);
#1623=VERTEX_POINT('',#6122);
#1624=VERTEX_POINT('',#6126);
#1625=VERTEX_POINT('',#6130);
#1626=VERTEX_POINT('',#6134);
#1627=VERTEX_POINT('',#6138);
#1628=VERTEX_POINT('',#6142);
#1629=VERTEX_POINT('',#6146);
#1630=VERTEX_POINT('',#6150);
#1631=VERTEX_POINT('',#6151);
#1632=VERTEX_POINT('',#6153);
#1633=VERTEX_POINT('',#6155);
#1634=VERTEX_POINT('',#6157);
#1635=VERTEX_POINT('',#6161);
#1636=VERTEX_POINT('',#6163);
#1637=VERTEX_POINT('',#6167);
#1638=VERTEX_POINT('',#6171);
#1639=VERTEX_POINT('',#6175);
#1640=VERTEX_POINT('',#6179);
#1641=VERTEX_POINT('',#6181);
#1642=VERTEX_POINT('',#6185);
#1643=VERTEX_POINT('',#6187);
#1644=VERTEX_POINT('',#6191);
#1645=VERTEX_POINT('',#6193);
#1646=VERTEX_POINT('',#6197);
#1647=VERTEX_POINT('',#6199);
#1648=VERTEX_POINT('',#6203);
#1649=VERTEX_POINT('',#6205);
#1650=VERTEX_POINT('',#6209);
#1651=VERTEX_POINT('',#6211);
#1652=VERTEX_POINT('',#6215);
#1653=VERTEX_POINT('',#6220);
#1654=VERTEX_POINT('',#6224);
#1655=VERTEX_POINT('',#6236);
#1656=VERTEX_POINT('',#6238);
#1657=VERTEX_POINT('',#6242);
#1658=VERTEX_POINT('',#6246);
#1659=VERTEX_POINT('',#6250);
#1660=VERTEX_POINT('',#6254);
#1661=VERTEX_POINT('',#6258);
#1662=VERTEX_POINT('',#6262);
#1663=VERTEX_POINT('',#6266);
#1664=VERTEX_POINT('',#6267);
#1665=VERTEX_POINT('',#6269);
#1666=VERTEX_POINT('',#6271);
#1667=VERTEX_POINT('',#6275);
#1668=VERTEX_POINT('',#6277);
#1669=VERTEX_POINT('',#6281);
#1670=VERTEX_POINT('',#6283);
#1671=VERTEX_POINT('',#6288);
#1672=VERTEX_POINT('',#6292);
#1673=VERTEX_POINT('',#6296);
#1674=VERTEX_POINT('',#6300);
#1675=VERTEX_POINT('',#6304);
#1676=VERTEX_POINT('',#6308);
#1677=VERTEX_POINT('',#6312);
#1678=VERTEX_POINT('',#6316);
#1679=VERTEX_POINT('',#6320);
#1680=VERTEX_POINT('',#6322);
#1681=VERTEX_POINT('',#6326);
#1682=VERTEX_POINT('',#6328);
#1683=VERTEX_POINT('',#6335);
#1684=VERTEX_POINT('',#6337);
#1685=VERTEX_POINT('',#6341);
#1686=VERTEX_POINT('',#6345);
#1687=VERTEX_POINT('',#6349);
#1688=VERTEX_POINT('',#6353);
#1689=VERTEX_POINT('',#6357);
#1690=VERTEX_POINT('',#6361);
#1691=VERTEX_POINT('',#6373);
#1692=VERTEX_POINT('',#6374);
#1693=VERTEX_POINT('',#6376);
#1694=VERTEX_POINT('',#6378);
#1695=VERTEX_POINT('',#6382);
#1696=VERTEX_POINT('',#6384);
#1697=VERTEX_POINT('',#6388);
#1698=VERTEX_POINT('',#6390);
#1699=VERTEX_POINT('',#6394);
#1700=VERTEX_POINT('',#6396);
#1701=VERTEX_POINT('',#6403);
#1702=VERTEX_POINT('',#6405);
#1703=VERTEX_POINT('',#6409);
#1704=VERTEX_POINT('',#6413);
#1705=VERTEX_POINT('',#6417);
#1706=VERTEX_POINT('',#6419);
#1707=VERTEX_POINT('',#6423);
#1708=VERTEX_POINT('',#6427);
#1709=VERTEX_POINT('',#6431);
#1710=VERTEX_POINT('',#6433);
#1711=VERTEX_POINT('',#6435);
#1712=VERTEX_POINT('',#6440);
#1713=VERTEX_POINT('',#6444);
#1714=VERTEX_POINT('',#6448);
#1715=VERTEX_POINT('',#6454);
#1716=VERTEX_POINT('',#6456);
#1717=VERTEX_POINT('',#6460);
#1718=VERTEX_POINT('',#6464);
#1719=VERTEX_POINT('',#6476);
#1720=VERTEX_POINT('',#6486);
#1721=VERTEX_POINT('',#6488);
#1722=VERTEX_POINT('',#6492);
#1723=VERTEX_POINT('',#6496);
#1724=VERTEX_POINT('',#6497);
#1725=VERTEX_POINT('',#6502);
#1726=VERTEX_POINT('',#6503);
#1727=VERTEX_POINT('',#6508);
#1728=VERTEX_POINT('',#6509);
#1729=VERTEX_POINT('',#6514);
#1730=VERTEX_POINT('',#6515);
#1731=VERTEX_POINT('',#6520);
#1732=VERTEX_POINT('',#6521);
#1733=VERTEX_POINT('',#6526);
#1734=VERTEX_POINT('',#6527);
#1735=VERTEX_POINT('',#6532);
#1736=VERTEX_POINT('',#6537);
#1737=VERTEX_POINT('',#6541);
#1738=VERTEX_POINT('',#6545);
#1739=VERTEX_POINT('',#6549);
#1740=VERTEX_POINT('',#6557);
#1741=VERTEX_POINT('',#6558);
#1742=VERTEX_POINT('',#6560);
#1743=VERTEX_POINT('',#6562);
#1744=VERTEX_POINT('',#6564);
#1745=VERTEX_POINT('',#6573);
#1746=VERTEX_POINT('',#6609);
#1747=VERTEX_POINT('',#6610);
#1748=VERTEX_POINT('',#6612);
#1749=VERTEX_POINT('',#6614);
#1750=VERTEX_POINT('',#6618);
#1751=VERTEX_POINT('',#6619);
#1752=VERTEX_POINT('',#6624);
#1753=VERTEX_POINT('',#6625);
#1754=VERTEX_POINT('',#6630);
#1755=VERTEX_POINT('',#6631);
#1756=VERTEX_POINT('',#6639);
#1757=VERTEX_POINT('',#6641);
#1758=VERTEX_POINT('',#6645);
#1759=VERTEX_POINT('',#6649);
#1760=VERTEX_POINT('',#6653);
#1761=VERTEX_POINT('',#6654);
#1762=VERTEX_POINT('',#6656);
#1763=VERTEX_POINT('',#6658);
#1764=VERTEX_POINT('',#6660);
#1765=VERTEX_POINT('',#6664);
#1766=VERTEX_POINT('',#6665);
#1767=VERTEX_POINT('',#6667);
#1768=VERTEX_POINT('',#6669);
#1769=VERTEX_POINT('',#6673);
#1770=VERTEX_POINT('',#6674);
#1771=VERTEX_POINT('',#6679);
#1772=VERTEX_POINT('',#6680);
#1773=VERTEX_POINT('',#6685);
#1774=VERTEX_POINT('',#6686);
#1775=VERTEX_POINT('',#6691);
#1776=VERTEX_POINT('',#6692);
#1777=VERTEX_POINT('',#6697);
#1778=VERTEX_POINT('',#6698);
#1779=VERTEX_POINT('',#6703);
#1780=VERTEX_POINT('',#6704);
#1781=VERTEX_POINT('',#6709);
#1782=VERTEX_POINT('',#6711);
#1783=VERTEX_POINT('',#6713);
#1784=VERTEX_POINT('',#6715);
#1785=VERTEX_POINT('',#6718);
#1786=VERTEX_POINT('',#6719);
#1787=VERTEX_POINT('',#6721);
#1788=VERTEX_POINT('',#6723);
#1789=VERTEX_POINT('',#6725);
#1790=VERTEX_POINT('',#6729);
#1791=VERTEX_POINT('',#6731);
#1792=VERTEX_POINT('',#6733);
#1793=VERTEX_POINT('',#6738);
#1794=VERTEX_POINT('',#6743);
#1795=VERTEX_POINT('',#6747);
#1796=VERTEX_POINT('',#6751);
#1797=VERTEX_POINT('',#6753);
#1798=VERTEX_POINT('',#6757);
#1799=VERTEX_POINT('',#6761);
#1800=VERTEX_POINT('',#6765);
#1801=VERTEX_POINT('',#6771);
#1802=VERTEX_POINT('',#6773);
#1803=VERTEX_POINT('',#6777);
#1804=VERTEX_POINT('',#6781);
#1805=VERTEX_POINT('',#6785);
#1806=VERTEX_POINT('',#6792);
#1807=VERTEX_POINT('',#6796);
#1808=VERTEX_POINT('',#6797);
#1809=VERTEX_POINT('',#6802);
#1810=VERTEX_POINT('',#6808);
#1811=VERTEX_POINT('',#6810);
#1812=VERTEX_POINT('',#6812);
#1813=VERTEX_POINT('',#6814);
#1814=VERTEX_POINT('',#6818);
#1815=VERTEX_POINT('',#6822);
#1816=VERTEX_POINT('',#6829);
#1817=VERTEX_POINT('',#6833);
#1818=VERTEX_POINT('',#6840);
#1819=VERTEX_POINT('',#6848);
#1820=VERTEX_POINT('',#6850);
#1821=VERTEX_POINT('',#6856);
#1822=VERTEX_POINT('',#6857);
#1823=VERTEX_POINT('',#6862);
#1824=VERTEX_POINT('',#6863);
#1825=VERTEX_POINT('',#6868);
#1826=VERTEX_POINT('',#6869);
#1827=VERTEX_POINT('',#6874);
#1828=VERTEX_POINT('',#6875);
#1829=VERTEX_POINT('',#6880);
#1830=VERTEX_POINT('',#6881);
#1831=VERTEX_POINT('',#6886);
#1832=VERTEX_POINT('',#6887);
#1833=VERTEX_POINT('',#6892);
#1834=VERTEX_POINT('',#6893);
#1835=VERTEX_POINT('',#6895);
#1836=VERTEX_POINT('',#6897);
#1837=VERTEX_POINT('',#6902);
#1838=VERTEX_POINT('',#6903);
#1839=VERTEX_POINT('',#6908);
#1840=VERTEX_POINT('',#6909);
#1841=VERTEX_POINT('',#6917);
#1842=VERTEX_POINT('',#6919);
#1843=VERTEX_POINT('',#6923);
#1844=VERTEX_POINT('',#6927);
#1845=VERTEX_POINT('',#6931);
#1846=VERTEX_POINT('',#6935);
#1847=VERTEX_POINT('',#6939);
#1848=VERTEX_POINT('',#6943);
#1849=VERTEX_POINT('',#6947);
#1850=VERTEX_POINT('',#6949);
#1851=VERTEX_POINT('',#6953);
#1852=VERTEX_POINT('',#6957);
#1853=VERTEX_POINT('',#6958);
#1854=VERTEX_POINT('',#6960);
#1855=VERTEX_POINT('',#6962);
#1856=VERTEX_POINT('',#6971);
#1857=VERTEX_POINT('',#6975);
#1858=VERTEX_POINT('',#6979);
#1859=VERTEX_POINT('',#6981);
#1860=VERTEX_POINT('',#6983);
#1861=VERTEX_POINT('',#6985);
#1862=VERTEX_POINT('',#6989);
#1863=VERTEX_POINT('',#6991);
#1864=VERTEX_POINT('',#6995);
#1865=VERTEX_POINT('',#6997);
#1866=VERTEX_POINT('',#7001);
#1867=VERTEX_POINT('',#7005);
#1868=VERTEX_POINT('',#7009);
#1869=VERTEX_POINT('',#7013);
#1870=VERTEX_POINT('',#7014);
#1871=VERTEX_POINT('',#7019);
#1872=VERTEX_POINT('',#7024);
#1873=VERTEX_POINT('',#7028);
#1874=VERTEX_POINT('',#7032);
#1875=VERTEX_POINT('',#7036);
#1876=VERTEX_POINT('',#7040);
#1877=VERTEX_POINT('',#7044);
#1878=VERTEX_POINT('',#7048);
#1879=VERTEX_POINT('',#7054);
#1880=VERTEX_POINT('',#7056);
#1881=VERTEX_POINT('',#7060);
#1882=VERTEX_POINT('',#7064);
#1883=VERTEX_POINT('',#7068);
#1884=VERTEX_POINT('',#7072);
#1885=VERTEX_POINT('',#7076);
#1886=VERTEX_POINT('',#7080);
#1887=VERTEX_POINT('',#7084);
#1888=VERTEX_POINT('',#7086);
#1889=VERTEX_POINT('',#7090);
#1890=VERTEX_POINT('',#7094);
#1891=VERTEX_POINT('',#7098);
#1892=VERTEX_POINT('',#7102);
#1893=VERTEX_POINT('',#7106);
#1894=VERTEX_POINT('',#7107);
#1895=VERTEX_POINT('',#7112);
#1896=VERTEX_POINT('',#7113);
#1897=VERTEX_POINT('',#7118);
#1898=VERTEX_POINT('',#7119);
#1899=VERTEX_POINT('',#7124);
#1900=VERTEX_POINT('',#7125);
#1901=VERTEX_POINT('',#7130);
#1902=VERTEX_POINT('',#7131);
#1903=VERTEX_POINT('',#7150);
#1904=VERTEX_POINT('',#7151);
#1905=VERTEX_POINT('',#7156);
#1906=VERTEX_POINT('',#7161);
#1907=VERTEX_POINT('',#7175);
#1908=VERTEX_POINT('',#7176);
#1909=VERTEX_POINT('',#7178);
#1910=VERTEX_POINT('',#7180);
#1911=VERTEX_POINT('',#7182);
#1912=VERTEX_POINT('',#7186);
#1913=VERTEX_POINT('',#7188);
#1914=VERTEX_POINT('',#7190);
#1915=EDGE_CURVE('',#1594,#1595,#1290,.T.);
#1916=EDGE_CURVE('',#1595,#1596,#1291,.T.);
#1917=EDGE_CURVE('',#1596,#1597,#1292,.T.);
#1918=EDGE_CURVE('',#1597,#1594,#1293,.T.);
#1919=EDGE_CURVE('',#1598,#1599,#1294,.T.);
#1920=EDGE_CURVE('',#1599,#1597,#130,.T.);
#1921=EDGE_CURVE('',#1596,#1598,#131,.T.);
#1922=EDGE_CURVE('',#1600,#1601,#1295,.T.);
#1923=EDGE_CURVE('',#1601,#1599,#1296,.T.);
#1924=EDGE_CURVE('',#1598,#1600,#1297,.T.);
#1925=EDGE_CURVE('',#1602,#1603,#1298,.T.);
#1926=EDGE_CURVE('',#1603,#1601,#132,.T.);
#1927=EDGE_CURVE('',#1600,#1602,#133,.T.);
#1928=EDGE_CURVE('',#1604,#1605,#1299,.T.);
#1929=EDGE_CURVE('',#1605,#1603,#1300,.T.);
#1930=EDGE_CURVE('',#1602,#1604,#1301,.T.);
#1931=EDGE_CURVE('',#1606,#1607,#1302,.T.);
#1932=EDGE_CURVE('',#1607,#1605,#134,.T.);
#1933=EDGE_CURVE('',#1604,#1606,#135,.T.);
#1934=EDGE_CURVE('',#1608,#1609,#1303,.T.);
#1935=EDGE_CURVE('',#1609,#1607,#1304,.T.);
#1936=EDGE_CURVE('',#1606,#1608,#1305,.T.);
#1937=EDGE_CURVE('',#1610,#1611,#1306,.T.);
#1938=EDGE_CURVE('',#1611,#1609,#1307,.T.);
#1939=EDGE_CURVE('',#1608,#1610,#1308,.T.);
#1940=EDGE_CURVE('',#1612,#1613,#1309,.T.);
#1941=EDGE_CURVE('',#1613,#1611,#1310,.T.);
#1942=EDGE_CURVE('',#1610,#1612,#1311,.T.);
#1943=EDGE_CURVE('',#1614,#1615,#1312,.T.);
#1944=EDGE_CURVE('',#1615,#1613,#136,.T.);
#1945=EDGE_CURVE('',#1612,#1614,#137,.T.);
#1946=EDGE_CURVE('',#1616,#1617,#1313,.T.);
#1947=EDGE_CURVE('',#1617,#1615,#1314,.T.);
#1948=EDGE_CURVE('',#1614,#1616,#1315,.T.);
#1949=EDGE_CURVE('',#1618,#1619,#1316,.T.);
#1950=EDGE_CURVE('',#1619,#1617,#138,.T.);
#1951=EDGE_CURVE('',#1616,#1618,#139,.T.);
#1952=EDGE_CURVE('',#1620,#1621,#1317,.T.);
#1953=EDGE_CURVE('',#1621,#1619,#1318,.T.);
#1954=EDGE_CURVE('',#1618,#1620,#1319,.T.);
#1955=EDGE_CURVE('',#1594,#1621,#140,.T.);
#1956=EDGE_CURVE('',#1620,#1595,#141,.T.);
#1957=EDGE_CURVE('',#1622,#1613,#142,.T.);
#1958=EDGE_CURVE('',#1623,#1622,#1320,.T.);
#1959=EDGE_CURVE('',#1623,#1611,#143,.T.);
#1960=EDGE_CURVE('',#1624,#1615,#144,.T.);
#1961=EDGE_CURVE('',#1622,#1624,#145,.T.);
#1962=EDGE_CURVE('',#1625,#1617,#146,.T.);
#1963=EDGE_CURVE('',#1624,#1625,#1321,.T.);
#1964=EDGE_CURVE('',#1626,#1619,#147,.T.);
#1965=EDGE_CURVE('',#1625,#1626,#148,.T.);
#1966=EDGE_CURVE('',#1627,#1621,#149,.T.);
#1967=EDGE_CURVE('',#1626,#1627,#1322,.T.);
#1968=EDGE_CURVE('',#1628,#1594,#150,.T.);
#1969=EDGE_CURVE('',#1627,#1628,#151,.T.);
#1970=EDGE_CURVE('',#1597,#1629,#152,.T.);
#1971=EDGE_CURVE('',#1628,#1629,#1323,.T.);
#1972=EDGE_CURVE('',#1630,#1631,#153,.T.);
#1973=EDGE_CURVE('',#1632,#1630,#154,.T.);
#1974=EDGE_CURVE('',#1633,#1632,#1324,.T.);
#1975=EDGE_CURVE('',#1634,#1633,#155,.T.);
#1976=EDGE_CURVE('',#1631,#1634,#1325,.T.);
#1977=EDGE_CURVE('',#1626,#1635,#1326,.T.);
#1978=EDGE_CURVE('',#1635,#1636,#156,.T.);
#1979=EDGE_CURVE('',#1636,#1625,#1327,.T.);
#1980=EDGE_CURVE('',#1636,#1637,#1328,.T.);
#1981=EDGE_CURVE('',#1637,#1624,#1329,.T.);
#1982=EDGE_CURVE('',#1637,#1638,#157,.T.);
#1983=EDGE_CURVE('',#1638,#1622,#1330,.T.);
#1984=EDGE_CURVE('',#1638,#1639,#1331,.T.);
#1985=EDGE_CURVE('',#1639,#1623,#1332,.T.);
#1986=EDGE_CURVE('',#1639,#1640,#1333,.T.);
#1987=EDGE_CURVE('',#1640,#1641,#1334,.T.);
#1988=EDGE_CURVE('',#1641,#1623,#1335,.T.);
#1989=EDGE_CURVE('',#1640,#1642,#1336,.T.);
#1990=EDGE_CURVE('',#1642,#1643,#1337,.T.);
#1991=EDGE_CURVE('',#1643,#1641,#1338,.T.);
#1992=EDGE_CURVE('',#1642,#1644,#158,.T.);
#1993=EDGE_CURVE('',#1644,#1645,#1339,.T.);
#1994=EDGE_CURVE('',#1645,#1643,#159,.T.);
#1995=EDGE_CURVE('',#1644,#1646,#1340,.T.);
#1996=EDGE_CURVE('',#1646,#1647,#1341,.T.);
#1997=EDGE_CURVE('',#1647,#1645,#1342,.T.);
#1998=EDGE_CURVE('',#1646,#1648,#160,.T.);
#1999=EDGE_CURVE('',#1648,#1649,#1343,.T.);
#2000=EDGE_CURVE('',#1649,#1647,#161,.T.);
#2001=EDGE_CURVE('',#1648,#1650,#1344,.T.);
#2002=EDGE_CURVE('',#1650,#1651,#1345,.T.);
#2003=EDGE_CURVE('',#1651,#1649,#1346,.T.);
#2004=EDGE_CURVE('',#1650,#1652,#162,.T.);
#2005=EDGE_CURVE('',#1652,#1629,#1347,.T.);
#2006=EDGE_CURVE('',#1629,#1651,#163,.T.);
#2007=EDGE_CURVE('',#1652,#1653,#1348,.T.);
#2008=EDGE_CURVE('',#1653,#1628,#1349,.T.);
#2009=EDGE_CURVE('',#1653,#1654,#164,.T.);
#2010=EDGE_CURVE('',#1654,#1627,#1350,.T.);
#2011=EDGE_CURVE('',#1654,#1635,#1351,.T.);
#2012=EDGE_CURVE('',#1647,#1603,#165,.T.);
#2013=EDGE_CURVE('',#1649,#1601,#166,.T.);
#2014=EDGE_CURVE('',#1651,#1599,#167,.T.);
#2015=EDGE_CURVE('',#1655,#1642,#168,.T.);
#2016=EDGE_CURVE('',#1656,#1655,#169,.T.);
#2017=EDGE_CURVE('',#1644,#1656,#170,.T.);
#2018=EDGE_CURVE('',#1657,#1640,#171,.T.);
#2019=EDGE_CURVE('',#1655,#1657,#1352,.T.);
#2020=EDGE_CURVE('',#1658,#1639,#172,.T.);
#2021=EDGE_CURVE('',#1657,#1658,#1353,.T.);
#2022=EDGE_CURVE('',#1659,#1638,#173,.T.);
#2023=EDGE_CURVE('',#1658,#1659,#1354,.T.);
#2024=EDGE_CURVE('',#1660,#1637,#174,.T.);
#2025=EDGE_CURVE('',#1659,#1660,#175,.T.);
#2026=EDGE_CURVE('',#1636,#1661,#176,.T.);
#2027=EDGE_CURVE('',#1660,#1661,#1355,.T.);
#2028=EDGE_CURVE('',#1662,#1635,#177,.T.);
#2029=EDGE_CURVE('',#1661,#1662,#178,.T.);
#2030=EDGE_CURVE('',#1663,#1664,#1356,.T.);
#2031=EDGE_CURVE('',#1664,#1665,#179,.T.);
#2032=EDGE_CURVE('',#1665,#1666,#1357,.T.);
#2033=EDGE_CURVE('',#1666,#1663,#180,.T.);
#2034=EDGE_CURVE('',#1665,#1667,#1358,.T.);
#2035=EDGE_CURVE('',#1667,#1668,#1359,.T.);
#2036=EDGE_CURVE('',#1668,#1666,#1360,.T.);
#2037=EDGE_CURVE('',#1667,#1669,#181,.T.);
#2038=EDGE_CURVE('',#1669,#1670,#1361,.T.);
#2039=EDGE_CURVE('',#1670,#1668,#182,.T.);
#2040=EDGE_CURVE('',#1669,#1656,#1362,.T.);
#2041=EDGE_CURVE('',#1656,#1671,#1363,.T.);
#2042=EDGE_CURVE('',#1671,#1670,#1364,.T.);
#2043=EDGE_CURVE('',#1655,#1672,#1365,.T.);
#2044=EDGE_CURVE('',#1672,#1671,#183,.T.);
#2045=EDGE_CURVE('',#1657,#1673,#1366,.T.);
#2046=EDGE_CURVE('',#1673,#1672,#1367,.T.);
#2047=EDGE_CURVE('',#1658,#1674,#1368,.T.);
#2048=EDGE_CURVE('',#1674,#1673,#1369,.T.);
#2049=EDGE_CURVE('',#1659,#1675,#1370,.T.);
#2050=EDGE_CURVE('',#1675,#1674,#1371,.T.);
#2051=EDGE_CURVE('',#1660,#1676,#1372,.T.);
#2052=EDGE_CURVE('',#1676,#1675,#184,.T.);
#2053=EDGE_CURVE('',#1661,#1677,#1373,.T.);
#2054=EDGE_CURVE('',#1677,#1676,#1374,.T.);
#2055=EDGE_CURVE('',#1662,#1678,#1375,.T.);
#2056=EDGE_CURVE('',#1678,#1677,#185,.T.);
#2057=EDGE_CURVE('',#1662,#1679,#1376,.T.);
#2058=EDGE_CURVE('',#1679,#1680,#1377,.T.);
#2059=EDGE_CURVE('',#1680,#1678,#1378,.T.);
#2060=EDGE_CURVE('',#1679,#1681,#186,.T.);
#2061=EDGE_CURVE('',#1681,#1682,#1379,.T.);
#2062=EDGE_CURVE('',#1682,#1680,#187,.T.);
#2063=EDGE_CURVE('',#1681,#1664,#1380,.T.);
#2064=EDGE_CURVE('',#1663,#1682,#1381,.T.);
#2065=EDGE_CURVE('',#1683,#1676,#188,.T.);
#2066=EDGE_CURVE('',#1684,#1683,#189,.T.);
#2067=EDGE_CURVE('',#1684,#1675,#190,.T.);
#2068=EDGE_CURVE('',#1685,#1677,#191,.T.);
#2069=EDGE_CURVE('',#1683,#1685,#1382,.T.);
#2070=EDGE_CURVE('',#1686,#1678,#192,.T.);
#2071=EDGE_CURVE('',#1685,#1686,#193,.T.);
#2072=EDGE_CURVE('',#1687,#1680,#194,.T.);
#2073=EDGE_CURVE('',#1686,#1687,#1383,.T.);
#2074=EDGE_CURVE('',#1682,#1688,#195,.T.);
#2075=EDGE_CURVE('',#1687,#1688,#196,.T.);
#2076=EDGE_CURVE('',#1689,#1663,#197,.T.);
#2077=EDGE_CURVE('',#1688,#1689,#1384,.T.);
#2078=EDGE_CURVE('',#1690,#1666,#198,.T.);
#2079=EDGE_CURVE('',#1689,#1690,#199,.T.);
#2080=EDGE_CURVE('',#1669,#1646,#200,.T.);
#2081=EDGE_CURVE('',#1667,#1648,#201,.T.);
#2082=EDGE_CURVE('',#1665,#1650,#202,.T.);
#2083=EDGE_CURVE('',#1664,#1652,#203,.T.);
#2084=EDGE_CURVE('',#1691,#1692,#204,.T.);
#2085=EDGE_CURVE('',#1692,#1693,#1385,.T.);
#2086=EDGE_CURVE('',#1693,#1694,#205,.T.);
#2087=EDGE_CURVE('',#1694,#1691,#31,.T.);
#2088=EDGE_CURVE('',#1692,#1695,#1386,.T.);
#2089=EDGE_CURVE('',#1695,#1696,#1387,.T.);
#2090=EDGE_CURVE('',#1696,#1693,#1388,.T.);
#2091=EDGE_CURVE('',#1695,#1697,#206,.T.);
#2092=EDGE_CURVE('',#1697,#1698,#1389,.T.);
#2093=EDGE_CURVE('',#1698,#1696,#207,.T.);
#2094=EDGE_CURVE('',#1697,#1699,#1390,.T.);
#2095=EDGE_CURVE('',#1699,#1700,#1391,.T.);
#2096=EDGE_CURVE('',#1700,#1698,#1392,.T.);
#2097=EDGE_CURVE('',#1699,#1691,#208,.T.);
#2098=EDGE_CURVE('',#1694,#1700,#209,.T.);
#2099=EDGE_CURVE('',#1701,#1700,#210,.T.);
#2100=EDGE_CURVE('',#1702,#1701,#1393,.T.);
#2101=EDGE_CURVE('',#1702,#1698,#211,.T.);
#2102=EDGE_CURVE('',#1703,#1694,#212,.T.);
#2103=EDGE_CURVE('',#1701,#1703,#213,.T.);
#2104=EDGE_CURVE('',#1704,#1693,#214,.T.);
#2105=EDGE_CURVE('',#1703,#1704,#215,.T.);
#2106=EDGE_CURVE('',#1695,#1705,#216,.T.);
#2107=EDGE_CURVE('',#1706,#1705,#217,.T.);
#2108=EDGE_CURVE('',#1697,#1706,#218,.T.);
#2109=EDGE_CURVE('',#1692,#1707,#219,.T.);
#2110=EDGE_CURVE('',#1705,#1707,#1394,.T.);
#2111=EDGE_CURVE('',#1691,#1708,#220,.T.);
#2112=EDGE_CURVE('',#1707,#1708,#221,.T.);
#2113=EDGE_CURVE('',#1708,#1709,#222,.T.);
#2114=EDGE_CURVE('',#1709,#1710,#1395,.T.);
#2115=EDGE_CURVE('',#1710,#1711,#223,.T.);
#2116=EDGE_CURVE('',#1711,#1708,#32,.T.);
#2117=EDGE_CURVE('',#1709,#1706,#1396,.T.);
#2118=EDGE_CURVE('',#1706,#1712,#1397,.T.);
#2119=EDGE_CURVE('',#1712,#1710,#1398,.T.);
#2120=EDGE_CURVE('',#1705,#1713,#1399,.T.);
#2121=EDGE_CURVE('',#1713,#1712,#224,.T.);
#2122=EDGE_CURVE('',#1707,#1714,#1400,.T.);
#2123=EDGE_CURVE('',#1714,#1713,#1401,.T.);
#2124=EDGE_CURVE('',#1711,#1714,#225,.T.);
#2125=EDGE_CURVE('',#1714,#1715,#226,.T.);
#2126=EDGE_CURVE('',#1716,#1715,#1402,.T.);
#2127=EDGE_CURVE('',#1713,#1716,#227,.T.);
#2128=EDGE_CURVE('',#1717,#1711,#228,.T.);
#2129=EDGE_CURVE('',#1715,#1717,#229,.T.);
#2130=EDGE_CURVE('',#1710,#1718,#230,.T.);
#2131=EDGE_CURVE('',#1717,#1718,#231,.T.);
#2132=EDGE_CURVE('',#1699,#1709,#232,.T.);
#2133=EDGE_CURVE('',#1631,#1715,#1403,.T.);
#2134=EDGE_CURVE('',#1630,#1717,#33,.T.);
#2135=EDGE_CURVE('',#1634,#1716,#1404,.T.);
#2136=EDGE_CURVE('',#1633,#1719,#1405,.T.);
#2137=EDGE_CURVE('',#1719,#1716,#233,.T.);
#2138=EDGE_CURVE('',#1632,#1718,#1406,.T.);
#2139=EDGE_CURVE('',#1718,#1719,#1407,.T.);
#2140=EDGE_CURVE('',#1712,#1719,#234,.T.);
#2141=EDGE_CURVE('',#1685,#1720,#1408,.T.);
#2142=EDGE_CURVE('',#1720,#1721,#1409,.T.);
#2143=EDGE_CURVE('',#1721,#1683,#1410,.T.);
#2144=EDGE_CURVE('',#1722,#1684,#1411,.T.);
#2145=EDGE_CURVE('',#1721,#1722,#235,.T.);
#2146=EDGE_CURVE('',#1723,#1724,#1412,.T.);
#2147=EDGE_CURVE('',#1724,#1684,#1413,.T.);
#2148=EDGE_CURVE('',#1722,#1723,#1414,.T.);
#2149=EDGE_CURVE('',#1725,#1726,#1415,.T.);
#2150=EDGE_CURVE('',#1726,#1724,#1416,.T.);
#2151=EDGE_CURVE('',#1723,#1725,#1417,.T.);
#2152=EDGE_CURVE('',#1727,#1728,#1418,.T.);
#2153=EDGE_CURVE('',#1728,#1726,#1419,.T.);
#2154=EDGE_CURVE('',#1725,#1727,#1420,.T.);
#2155=EDGE_CURVE('',#1729,#1730,#1421,.T.);
#2156=EDGE_CURVE('',#1730,#1728,#236,.T.);
#2157=EDGE_CURVE('',#1727,#1729,#237,.T.);
#2158=EDGE_CURVE('',#1731,#1732,#1422,.T.);
#2159=EDGE_CURVE('',#1732,#1730,#1423,.T.);
#2160=EDGE_CURVE('',#1729,#1731,#1424,.T.);
#2161=EDGE_CURVE('',#1733,#1734,#1425,.T.);
#2162=EDGE_CURVE('',#1734,#1732,#238,.T.);
#2163=EDGE_CURVE('',#1731,#1733,#239,.T.);
#2164=EDGE_CURVE('',#1735,#1690,#1426,.T.);
#2165=EDGE_CURVE('',#1690,#1734,#1427,.T.);
#2166=EDGE_CURVE('',#1733,#1735,#1428,.T.);
#2167=EDGE_CURVE('',#1736,#1689,#1429,.T.);
#2168=EDGE_CURVE('',#1735,#1736,#240,.T.);
#2169=EDGE_CURVE('',#1737,#1688,#1430,.T.);
#2170=EDGE_CURVE('',#1736,#1737,#1431,.T.);
#2171=EDGE_CURVE('',#1738,#1687,#1432,.T.);
#2172=EDGE_CURVE('',#1737,#1738,#241,.T.);
#2173=EDGE_CURVE('',#1739,#1686,#1433,.T.);
#2174=EDGE_CURVE('',#1738,#1739,#1434,.T.);
#2175=EDGE_CURVE('',#1739,#1720,#242,.T.);
#2176=EDGE_CURVE('',#1734,#1668,#243,.T.);
#2177=EDGE_CURVE('',#1740,#1741,#244,.T.);
#2178=EDGE_CURVE('',#1742,#1740,#245,.T.);
#2179=EDGE_CURVE('',#1743,#1742,#1435,.T.);
#2180=EDGE_CURVE('',#1744,#1743,#246,.T.);
#2181=EDGE_CURVE('',#1741,#1744,#1436,.T.);
#2182=EDGE_CURVE('',#1741,#1701,#1437,.T.);
#2183=EDGE_CURVE('',#1703,#1740,#34,.T.);
#2184=EDGE_CURVE('',#1744,#1702,#1438,.T.);
#2185=EDGE_CURVE('',#1743,#1745,#1439,.T.);
#2186=EDGE_CURVE('',#1745,#1702,#247,.T.);
#2187=EDGE_CURVE('',#1742,#1704,#1440,.T.);
#2188=EDGE_CURVE('',#1704,#1745,#1441,.T.);
#2189=EDGE_CURVE('',#1745,#1696,#248,.T.);
#2190=EDGE_CURVE('',#1724,#1674,#249,.T.);
#2191=EDGE_CURVE('',#1726,#1673,#250,.T.);
#2192=EDGE_CURVE('',#1728,#1672,#251,.T.);
#2193=EDGE_CURVE('',#1730,#1671,#252,.T.);
#2194=EDGE_CURVE('',#1732,#1670,#253,.T.);
#2195=EDGE_CURVE('',#1681,#1653,#254,.T.);
#2196=EDGE_CURVE('',#1654,#1679,#255,.T.);
#2197=EDGE_CURVE('',#1641,#1609,#256,.T.);
#2198=EDGE_CURVE('',#1643,#1607,#257,.T.);
#2199=EDGE_CURVE('',#1645,#1605,#258,.T.);
#2200=EDGE_CURVE('',#1746,#1747,#259,.T.);
#2201=EDGE_CURVE('',#1747,#1748,#1442,.T.);
#2202=EDGE_CURVE('',#1748,#1749,#260,.T.);
#2203=EDGE_CURVE('',#1746,#1749,#35,.T.);
#2204=EDGE_CURVE('',#1750,#1751,#1443,.T.);
#2205=EDGE_CURVE('',#1751,#1748,#1444,.T.);
#2206=EDGE_CURVE('',#1747,#1750,#1445,.T.);
#2207=EDGE_CURVE('',#1752,#1753,#1446,.T.);
#2208=EDGE_CURVE('',#1753,#1751,#261,.T.);
#2209=EDGE_CURVE('',#1750,#1752,#262,.T.);
#2210=EDGE_CURVE('',#1754,#1755,#1447,.T.);
#2211=EDGE_CURVE('',#1755,#1753,#1448,.T.);
#2212=EDGE_CURVE('',#1752,#1754,#1449,.T.);
#2213=EDGE_CURVE('',#1749,#1755,#263,.T.);
#2214=EDGE_CURVE('',#1754,#1746,#264,.T.);
#2215=EDGE_CURVE('',#1755,#1756,#265,.T.);
#2216=EDGE_CURVE('',#1757,#1756,#1450,.T.);
#2217=EDGE_CURVE('',#1753,#1757,#266,.T.);
#2218=EDGE_CURVE('',#1749,#1758,#267,.T.);
#2219=EDGE_CURVE('',#1756,#1758,#268,.T.);
#2220=EDGE_CURVE('',#1748,#1759,#269,.T.);
#2221=EDGE_CURVE('',#1758,#1759,#270,.T.);
#2222=EDGE_CURVE('',#1760,#1761,#1451,.T.);
#2223=EDGE_CURVE('',#1761,#1762,#271,.T.);
#2224=EDGE_CURVE('',#1762,#1763,#272,.T.);
#2225=EDGE_CURVE('',#1763,#1764,#1452,.T.);
#2226=EDGE_CURVE('',#1764,#1760,#273,.T.);
#2227=EDGE_CURVE('',#1765,#1766,#36,.T.);
#2228=EDGE_CURVE('',#1765,#1767,#274,.T.);
#2229=EDGE_CURVE('',#1767,#1768,#1453,.T.);
#2230=EDGE_CURVE('',#1768,#1766,#275,.T.);
#2231=EDGE_CURVE('',#1769,#1770,#1454,.T.);
#2232=EDGE_CURVE('',#1770,#1768,#1455,.T.);
#2233=EDGE_CURVE('',#1767,#1769,#1456,.T.);
#2234=EDGE_CURVE('',#1771,#1772,#1457,.T.);
#2235=EDGE_CURVE('',#1772,#1770,#276,.T.);
#2236=EDGE_CURVE('',#1769,#1771,#277,.T.);
#2237=EDGE_CURVE('',#1773,#1774,#1458,.T.);
#2238=EDGE_CURVE('',#1774,#1772,#1459,.T.);
#2239=EDGE_CURVE('',#1771,#1773,#1460,.T.);
#2240=EDGE_CURVE('',#1775,#1776,#1461,.T.);
#2241=EDGE_CURVE('',#1776,#1774,#278,.T.);
#2242=EDGE_CURVE('',#1773,#1775,#279,.T.);
#2243=EDGE_CURVE('',#1777,#1778,#1462,.T.);
#2244=EDGE_CURVE('',#1778,#1776,#1463,.T.);
#2245=EDGE_CURVE('',#1775,#1777,#1464,.T.);
#2246=EDGE_CURVE('',#1779,#1780,#37,.T.);
#2247=EDGE_CURVE('',#1780,#1778,#280,.T.);
#2248=EDGE_CURVE('',#1777,#1779,#281,.T.);
#2249=EDGE_CURVE('',#1779,#1781,#282,.T.);
#2250=EDGE_CURVE('',#1782,#1765,#283,.T.);
#2251=EDGE_CURVE('',#1783,#1782,#1465,.T.);
#2252=EDGE_CURVE('',#1784,#1783,#1466,.T.);
#2253=EDGE_CURVE('',#1781,#1784,#1467,.T.);
#2254=EDGE_CURVE('',#1785,#1786,#284,.T.);
#2255=EDGE_CURVE('',#1787,#1785,#285,.T.);
#2256=EDGE_CURVE('',#1788,#1787,#1468,.T.);
#2257=EDGE_CURVE('',#1789,#1788,#286,.T.);
#2258=EDGE_CURVE('',#1786,#1789,#1469,.T.);
#2259=EDGE_CURVE('',#1790,#1766,#287,.T.);
#2260=EDGE_CURVE('',#1790,#1791,#38,.T.);
#2261=EDGE_CURVE('',#1791,#1792,#20,.T.);
#2262=EDGE_CURVE('',#1793,#1792,#21,.T.);
#2263=EDGE_CURVE('',#1794,#1793,#288,.T.);
#2264=EDGE_CURVE('',#1794,#1782,#289,.T.);
#2265=EDGE_CURVE('',#1795,#1768,#290,.T.);
#2266=EDGE_CURVE('',#1790,#1795,#291,.T.);
#2267=EDGE_CURVE('',#1786,#1796,#1470,.T.);
#2268=EDGE_CURVE('',#1796,#1797,#292,.T.);
#2269=EDGE_CURVE('',#1785,#1797,#39,.T.);
#2270=EDGE_CURVE('',#1789,#1798,#1471,.T.);
#2271=EDGE_CURVE('',#1798,#1796,#1472,.T.);
#2272=EDGE_CURVE('',#1788,#1799,#1473,.T.);
#2273=EDGE_CURVE('',#1799,#1798,#293,.T.);
#2274=EDGE_CURVE('',#1787,#1800,#1474,.T.);
#2275=EDGE_CURVE('',#1800,#1799,#1475,.T.);
#2276=EDGE_CURVE('',#1797,#1800,#294,.T.);
#2277=EDGE_CURVE('',#1801,#1800,#295,.T.);
#2278=EDGE_CURVE('',#1802,#1801,#1476,.T.);
#2279=EDGE_CURVE('',#1802,#1799,#296,.T.);
#2280=EDGE_CURVE('',#1803,#1797,#297,.T.);
#2281=EDGE_CURVE('',#1801,#1803,#298,.T.);
#2282=EDGE_CURVE('',#1804,#1796,#299,.T.);
#2283=EDGE_CURVE('',#1803,#1804,#300,.T.);
#2284=EDGE_CURVE('',#1805,#1791,#22,.T.);
#2285=EDGE_CURVE('',#1795,#1806,#1477,.T.);
#2286=EDGE_CURVE('',#1806,#1805,#301,.T.);
#2287=EDGE_CURVE('',#1807,#1808,#1478,.T.);
#2288=EDGE_CURVE('',#1808,#1806,#1479,.T.);
#2289=EDGE_CURVE('',#1795,#1807,#1480,.T.);
#2290=EDGE_CURVE('',#1809,#1772,#302,.T.);
#2291=EDGE_CURVE('',#1807,#1809,#303,.T.);
#2292=EDGE_CURVE('',#1770,#1807,#304,.T.);
#2293=EDGE_CURVE('',#1805,#1810,#1481,.T.);
#2294=EDGE_CURVE('',#1811,#1810,#1482,.T.);
#2295=EDGE_CURVE('',#1811,#1812,#1483,.T.);
#2296=EDGE_CURVE('',#1812,#1813,#1484,.T.);
#2297=EDGE_CURVE('',#1813,#1793,#1485,.T.);
#2298=EDGE_CURVE('',#1814,#1808,#305,.T.);
#2299=EDGE_CURVE('',#1810,#1814,#1486,.T.);
#2300=EDGE_CURVE('',#1815,#1802,#306,.T.);
#2301=EDGE_CURVE('',#1815,#1798,#307,.T.);
#2302=EDGE_CURVE('',#1804,#1815,#1487,.T.);
#2303=EDGE_CURVE('',#1801,#1759,#1488,.T.);
#2304=EDGE_CURVE('',#1816,#1803,#40,.T.);
#2305=EDGE_CURVE('',#1816,#1758,#41,.T.);
#2306=EDGE_CURVE('',#1802,#1817,#1489,.T.);
#2307=EDGE_CURVE('',#1759,#1817,#1490,.T.);
#2308=EDGE_CURVE('',#1815,#1757,#1491,.T.);
#2309=EDGE_CURVE('',#1817,#1757,#308,.T.);
#2310=EDGE_CURVE('',#1756,#1818,#1492,.T.);
#2311=EDGE_CURVE('',#1804,#1818,#1493,.T.);
#2312=EDGE_CURVE('',#1751,#1817,#309,.T.);
#2313=EDGE_CURVE('',#1809,#1819,#1494,.T.);
#2314=EDGE_CURVE('',#1819,#1820,#310,.T.);
#2315=EDGE_CURVE('',#1820,#1814,#1495,.T.);
#2316=EDGE_CURVE('',#1820,#1811,#1496,.T.);
#2317=EDGE_CURVE('',#1821,#1822,#1497,.T.);
#2318=EDGE_CURVE('',#1822,#1813,#311,.T.);
#2319=EDGE_CURVE('',#1812,#1821,#312,.T.);
#2320=EDGE_CURVE('',#1823,#1824,#1498,.T.);
#2321=EDGE_CURVE('',#1824,#1822,#1499,.T.);
#2322=EDGE_CURVE('',#1821,#1823,#1500,.T.);
#2323=EDGE_CURVE('',#1825,#1826,#1501,.T.);
#2324=EDGE_CURVE('',#1826,#1824,#1502,.T.);
#2325=EDGE_CURVE('',#1823,#1825,#1503,.T.);
#2326=EDGE_CURVE('',#1827,#1828,#1504,.T.);
#2327=EDGE_CURVE('',#1828,#1826,#1505,.T.);
#2328=EDGE_CURVE('',#1825,#1827,#1506,.T.);
#2329=EDGE_CURVE('',#1829,#1830,#1507,.T.);
#2330=EDGE_CURVE('',#1830,#1828,#313,.T.);
#2331=EDGE_CURVE('',#1827,#1829,#314,.T.);
#2332=EDGE_CURVE('',#1831,#1832,#1508,.T.);
#2333=EDGE_CURVE('',#1832,#1830,#1509,.T.);
#2334=EDGE_CURVE('',#1829,#1831,#1510,.T.);
#2335=EDGE_CURVE('',#1833,#1834,#1511,.T.);
#2336=EDGE_CURVE('',#1833,#1835,#315,.T.);
#2337=EDGE_CURVE('',#1835,#1836,#42,.T.);
#2338=EDGE_CURVE('',#1836,#1832,#316,.T.);
#2339=EDGE_CURVE('',#1831,#1834,#317,.T.);
#2340=EDGE_CURVE('',#1837,#1838,#1512,.T.);
#2341=EDGE_CURVE('',#1837,#1833,#1513,.T.);
#2342=EDGE_CURVE('',#1834,#1838,#1514,.T.);
#2343=EDGE_CURVE('',#1839,#1840,#1515,.T.);
#2344=EDGE_CURVE('',#1839,#1837,#318,.T.);
#2345=EDGE_CURVE('',#1838,#1840,#319,.T.);
#2346=EDGE_CURVE('',#1809,#1839,#1516,.T.);
#2347=EDGE_CURVE('',#1840,#1819,#1517,.T.);
#2348=EDGE_CURVE('',#1841,#1825,#320,.T.);
#2349=EDGE_CURVE('',#1842,#1841,#1518,.T.);
#2350=EDGE_CURVE('',#1842,#1827,#321,.T.);
#2351=EDGE_CURVE('',#1843,#1823,#322,.T.);
#2352=EDGE_CURVE('',#1841,#1843,#1519,.T.);
#2353=EDGE_CURVE('',#1844,#1821,#323,.T.);
#2354=EDGE_CURVE('',#1843,#1844,#1520,.T.);
#2355=EDGE_CURVE('',#1845,#1812,#324,.T.);
#2356=EDGE_CURVE('',#1844,#1845,#325,.T.);
#2357=EDGE_CURVE('',#1811,#1846,#326,.T.);
#2358=EDGE_CURVE('',#1845,#1846,#1521,.T.);
#2359=EDGE_CURVE('',#1820,#1847,#327,.T.);
#2360=EDGE_CURVE('',#1846,#1847,#1522,.T.);
#2361=EDGE_CURVE('',#1848,#1819,#328,.T.);
#2362=EDGE_CURVE('',#1847,#1848,#329,.T.);
#2363=EDGE_CURVE('',#1849,#1846,#1523,.T.);
#2364=EDGE_CURVE('',#1850,#1847,#1524,.T.);
#2365=EDGE_CURVE('',#1850,#1849,#1525,.T.);
#2366=EDGE_CURVE('',#1851,#1845,#1526,.T.);
#2367=EDGE_CURVE('',#1849,#1851,#1527,.T.);
#2368=EDGE_CURVE('',#1852,#1853,#1528,.T.);
#2369=EDGE_CURVE('',#1853,#1854,#1529,.T.);
#2370=EDGE_CURVE('',#1855,#1854,#1530,.T.);
#2371=EDGE_CURVE('',#1855,#1852,#1531,.T.);
#2372=EDGE_CURVE('',#1854,#1842,#330,.T.);
#2373=EDGE_CURVE('',#1829,#1854,#331,.T.);
#2374=EDGE_CURVE('',#1853,#1831,#332,.T.);
#2375=EDGE_CURVE('',#1856,#1853,#333,.T.);
#2376=EDGE_CURVE('',#1856,#1834,#334,.T.);
#2377=EDGE_CURVE('',#1857,#1856,#1532,.T.);
#2378=EDGE_CURVE('',#1857,#1838,#335,.T.);
#2379=EDGE_CURVE('',#1858,#1850,#336,.T.);
#2380=EDGE_CURVE('',#1859,#1858,#1533,.T.);
#2381=EDGE_CURVE('',#1860,#1859,#337,.T.);
#2382=EDGE_CURVE('',#1861,#1860,#1534,.T.);
#2383=EDGE_CURVE('',#1851,#1861,#338,.T.);
#2384=EDGE_CURVE('',#1862,#1855,#339,.T.);
#2385=EDGE_CURVE('',#1863,#1862,#1535,.T.);
#2386=EDGE_CURVE('',#1852,#1863,#340,.T.);
#2387=EDGE_CURVE('',#1842,#1864,#1536,.T.);
#2388=EDGE_CURVE('',#1864,#1865,#341,.T.);
#2389=EDGE_CURVE('',#1865,#1862,#1537,.T.);
#2390=EDGE_CURVE('',#1866,#1863,#1538,.T.);
#2391=EDGE_CURVE('',#1865,#1866,#1539,.T.);
#2392=EDGE_CURVE('',#1856,#1867,#1540,.T.);
#2393=EDGE_CURVE('',#1866,#1867,#342,.T.);
#2394=EDGE_CURVE('',#1868,#1857,#1541,.T.);
#2395=EDGE_CURVE('',#1867,#1868,#1542,.T.);
#2396=EDGE_CURVE('',#1869,#1870,#1543,.T.);
#2397=EDGE_CURVE('',#1870,#1857,#343,.T.);
#2398=EDGE_CURVE('',#1868,#1869,#344,.T.);
#2399=EDGE_CURVE('',#1871,#1848,#1544,.T.);
#2400=EDGE_CURVE('',#1848,#1870,#1545,.T.);
#2401=EDGE_CURVE('',#1869,#1871,#1546,.T.);
#2402=EDGE_CURVE('',#1872,#1858,#1547,.T.);
#2403=EDGE_CURVE('',#1871,#1872,#345,.T.);
#2404=EDGE_CURVE('',#1873,#1859,#1548,.T.);
#2405=EDGE_CURVE('',#1872,#1873,#1549,.T.);
#2406=EDGE_CURVE('',#1874,#1860,#1550,.T.);
#2407=EDGE_CURVE('',#1873,#1874,#346,.T.);
#2408=EDGE_CURVE('',#1875,#1861,#1551,.T.);
#2409=EDGE_CURVE('',#1874,#1875,#1552,.T.);
#2410=EDGE_CURVE('',#1876,#1844,#1553,.T.);
#2411=EDGE_CURVE('',#1875,#1876,#347,.T.);
#2412=EDGE_CURVE('',#1877,#1843,#1554,.T.);
#2413=EDGE_CURVE('',#1876,#1877,#1555,.T.);
#2414=EDGE_CURVE('',#1878,#1841,#1556,.T.);
#2415=EDGE_CURVE('',#1877,#1878,#1557,.T.);
#2416=EDGE_CURVE('',#1878,#1864,#1558,.T.);
#2417=EDGE_CURVE('',#1871,#1879,#348,.T.);
#2418=EDGE_CURVE('',#1880,#1879,#349,.T.);
#2419=EDGE_CURVE('',#1872,#1880,#350,.T.);
#2420=EDGE_CURVE('',#1869,#1881,#351,.T.);
#2421=EDGE_CURVE('',#1879,#1881,#1559,.T.);
#2422=EDGE_CURVE('',#1868,#1882,#352,.T.);
#2423=EDGE_CURVE('',#1881,#1882,#353,.T.);
#2424=EDGE_CURVE('',#1867,#1883,#354,.T.);
#2425=EDGE_CURVE('',#1882,#1883,#1560,.T.);
#2426=EDGE_CURVE('',#1884,#1866,#355,.T.);
#2427=EDGE_CURVE('',#1883,#1884,#356,.T.);
#2428=EDGE_CURVE('',#1865,#1885,#357,.T.);
#2429=EDGE_CURVE('',#1884,#1885,#1561,.T.);
#2430=EDGE_CURVE('',#1864,#1886,#358,.T.);
#2431=EDGE_CURVE('',#1885,#1886,#359,.T.);
#2432=EDGE_CURVE('',#1884,#1887,#1562,.T.);
#2433=EDGE_CURVE('',#1887,#1888,#360,.T.);
#2434=EDGE_CURVE('',#1888,#1883,#1563,.T.);
#2435=EDGE_CURVE('',#1889,#1882,#1564,.T.);
#2436=EDGE_CURVE('',#1888,#1889,#1565,.T.);
#2437=EDGE_CURVE('',#1890,#1881,#1566,.T.);
#2438=EDGE_CURVE('',#1889,#1890,#361,.T.);
#2439=EDGE_CURVE('',#1891,#1879,#1567,.T.);
#2440=EDGE_CURVE('',#1890,#1891,#1568,.T.);
#2441=EDGE_CURVE('',#1892,#1880,#1569,.T.);
#2442=EDGE_CURVE('',#1891,#1892,#362,.T.);
#2443=EDGE_CURVE('',#1893,#1894,#1570,.T.);
#2444=EDGE_CURVE('',#1894,#1880,#1571,.T.);
#2445=EDGE_CURVE('',#1892,#1893,#1572,.T.);
#2446=EDGE_CURVE('',#1895,#1896,#1573,.T.);
#2447=EDGE_CURVE('',#1896,#1894,#363,.T.);
#2448=EDGE_CURVE('',#1893,#1895,#364,.T.);
#2449=EDGE_CURVE('',#1897,#1898,#1574,.T.);
#2450=EDGE_CURVE('',#1898,#1896,#1575,.T.);
#2451=EDGE_CURVE('',#1895,#1897,#1576,.T.);
#2452=EDGE_CURVE('',#1899,#1900,#1577,.T.);
#2453=EDGE_CURVE('',#1900,#1898,#365,.T.);
#2454=EDGE_CURVE('',#1897,#1899,#366,.T.);
#2455=EDGE_CURVE('',#1901,#1902,#1578,.T.);
#2456=EDGE_CURVE('',#1902,#1900,#1579,.T.);
#2457=EDGE_CURVE('',#1899,#1901,#1580,.T.);
#2458=EDGE_CURVE('',#1903,#1904,#1581,.T.);
#2459=EDGE_CURVE('',#1904,#1902,#1582,.T.);
#2460=EDGE_CURVE('',#1901,#1903,#1583,.T.);
#2461=EDGE_CURVE('',#1905,#1886,#1584,.T.);
#2462=EDGE_CURVE('',#1886,#1904,#1585,.T.);
#2463=EDGE_CURVE('',#1903,#1905,#1586,.T.);
#2464=EDGE_CURVE('',#1906,#1885,#1587,.T.);
#2465=EDGE_CURVE('',#1905,#1906,#367,.T.);
#2466=EDGE_CURVE('',#1906,#1887,#1588,.T.);
#2467=EDGE_CURVE('',#1898,#1875,#368,.T.);
#2468=EDGE_CURVE('',#1876,#1900,#369,.T.);
#2469=EDGE_CURVE('',#1877,#1902,#370,.T.);
#2470=EDGE_CURVE('',#1878,#1904,#371,.T.);
#2471=EDGE_CURVE('',#1907,#1908,#372,.T.);
#2472=EDGE_CURVE('',#1909,#1907,#1589,.T.);
#2473=EDGE_CURVE('',#1910,#1909,#373,.T.);
#2474=EDGE_CURVE('',#1911,#1910,#1590,.T.);
#2475=EDGE_CURVE('',#1908,#1911,#374,.T.);
#2476=EDGE_CURVE('',#1836,#1912,#375,.T.);
#2477=EDGE_CURVE('',#1912,#1913,#1591,.T.);
#2478=EDGE_CURVE('',#1913,#1914,#1592,.T.);
#2479=EDGE_CURVE('',#1914,#1794,#1593,.T.);
#2480=EDGE_CURVE('',#1894,#1873,#376,.T.);
#2481=EDGE_CURVE('',#1874,#1896,#377,.T.);
#2482=EDGE_CURVE('',#1760,#1909,#378,.T.);
#2483=EDGE_CURVE('',#1761,#1907,#379,.T.);
#2484=EDGE_CURVE('',#1764,#1910,#380,.T.);
#2485=EDGE_CURVE('',#1763,#1911,#381,.T.);
#2486=EDGE_CURVE('',#1762,#1908,#382,.T.);
#2487=EDGE_CURVE('',#1835,#1780,#383,.T.);
#2488=EDGE_CURVE('',#1833,#1778,#384,.T.);
#2489=EDGE_CURVE('',#1837,#1776,#385,.T.);
#2490=EDGE_CURVE('',#1839,#1774,#386,.T.);
#2491=EDGE_CURVE('',#1914,#1783,#387,.T.);
#2492=EDGE_CURVE('',#1913,#1784,#388,.T.);
#2493=EDGE_CURVE('',#1912,#1781,#389,.T.);
#2494=EDGE_CURVE('',#1870,#1840,#390,.T.);
#2495=ORIENTED_EDGE('',*,*,#1915,.T.);
#2496=ORIENTED_EDGE('',*,*,#1916,.T.);
#2497=ORIENTED_EDGE('',*,*,#1917,.T.);
#2498=ORIENTED_EDGE('',*,*,#1918,.T.);
#2499=ORIENTED_EDGE('',*,*,#1919,.T.);
#2500=ORIENTED_EDGE('',*,*,#1920,.T.);
#2501=ORIENTED_EDGE('',*,*,#1917,.F.);
#2502=ORIENTED_EDGE('',*,*,#1921,.T.);
#2503=ORIENTED_EDGE('',*,*,#1922,.T.);
#2504=ORIENTED_EDGE('',*,*,#1923,.T.);
#2505=ORIENTED_EDGE('',*,*,#1919,.F.);
#2506=ORIENTED_EDGE('',*,*,#1924,.T.);
#2507=ORIENTED_EDGE('',*,*,#1925,.T.);
#2508=ORIENTED_EDGE('',*,*,#1926,.T.);
#2509=ORIENTED_EDGE('',*,*,#1922,.F.);
#2510=ORIENTED_EDGE('',*,*,#1927,.T.);
#2511=ORIENTED_EDGE('',*,*,#1928,.T.);
#2512=ORIENTED_EDGE('',*,*,#1929,.T.);
#2513=ORIENTED_EDGE('',*,*,#1925,.F.);
#2514=ORIENTED_EDGE('',*,*,#1930,.T.);
#2515=ORIENTED_EDGE('',*,*,#1931,.T.);
#2516=ORIENTED_EDGE('',*,*,#1932,.T.);
#2517=ORIENTED_EDGE('',*,*,#1928,.F.);
#2518=ORIENTED_EDGE('',*,*,#1933,.T.);
#2519=ORIENTED_EDGE('',*,*,#1934,.T.);
#2520=ORIENTED_EDGE('',*,*,#1935,.T.);
#2521=ORIENTED_EDGE('',*,*,#1931,.F.);
#2522=ORIENTED_EDGE('',*,*,#1936,.T.);
#2523=ORIENTED_EDGE('',*,*,#1937,.T.);
#2524=ORIENTED_EDGE('',*,*,#1938,.T.);
#2525=ORIENTED_EDGE('',*,*,#1934,.F.);
#2526=ORIENTED_EDGE('',*,*,#1939,.T.);
#2527=ORIENTED_EDGE('',*,*,#1940,.T.);
#2528=ORIENTED_EDGE('',*,*,#1941,.T.);
#2529=ORIENTED_EDGE('',*,*,#1937,.F.);
#2530=ORIENTED_EDGE('',*,*,#1942,.T.);
#2531=ORIENTED_EDGE('',*,*,#1943,.T.);
#2532=ORIENTED_EDGE('',*,*,#1944,.T.);
#2533=ORIENTED_EDGE('',*,*,#1940,.F.);
#2534=ORIENTED_EDGE('',*,*,#1945,.T.);
#2535=ORIENTED_EDGE('',*,*,#1946,.T.);
#2536=ORIENTED_EDGE('',*,*,#1947,.T.);
#2537=ORIENTED_EDGE('',*,*,#1943,.F.);
#2538=ORIENTED_EDGE('',*,*,#1948,.T.);
#2539=ORIENTED_EDGE('',*,*,#1949,.T.);
#2540=ORIENTED_EDGE('',*,*,#1950,.T.);
#2541=ORIENTED_EDGE('',*,*,#1946,.F.);
#2542=ORIENTED_EDGE('',*,*,#1951,.T.);
#2543=ORIENTED_EDGE('',*,*,#1952,.T.);
#2544=ORIENTED_EDGE('',*,*,#1953,.T.);
#2545=ORIENTED_EDGE('',*,*,#1949,.F.);
#2546=ORIENTED_EDGE('',*,*,#1954,.T.);
#2547=ORIENTED_EDGE('',*,*,#1915,.F.);
#2548=ORIENTED_EDGE('',*,*,#1955,.T.);
#2549=ORIENTED_EDGE('',*,*,#1952,.F.);
#2550=ORIENTED_EDGE('',*,*,#1956,.T.);
#2551=ORIENTED_EDGE('',*,*,#1941,.F.);
#2552=ORIENTED_EDGE('',*,*,#1957,.F.);
#2553=ORIENTED_EDGE('',*,*,#1958,.F.);
#2554=ORIENTED_EDGE('',*,*,#1959,.T.);
#2555=ORIENTED_EDGE('',*,*,#1944,.F.);
#2556=ORIENTED_EDGE('',*,*,#1960,.F.);
#2557=ORIENTED_EDGE('',*,*,#1961,.F.);
#2558=ORIENTED_EDGE('',*,*,#1957,.T.);
#2559=ORIENTED_EDGE('',*,*,#1947,.F.);
#2560=ORIENTED_EDGE('',*,*,#1962,.F.);
#2561=ORIENTED_EDGE('',*,*,#1963,.F.);
#2562=ORIENTED_EDGE('',*,*,#1960,.T.);
#2563=ORIENTED_EDGE('',*,*,#1950,.F.);
#2564=ORIENTED_EDGE('',*,*,#1964,.F.);
#2565=ORIENTED_EDGE('',*,*,#1965,.F.);
#2566=ORIENTED_EDGE('',*,*,#1962,.T.);
#2567=ORIENTED_EDGE('',*,*,#1953,.F.);
#2568=ORIENTED_EDGE('',*,*,#1966,.F.);
#2569=ORIENTED_EDGE('',*,*,#1967,.F.);
#2570=ORIENTED_EDGE('',*,*,#1964,.T.);
#2571=ORIENTED_EDGE('',*,*,#1955,.F.);
#2572=ORIENTED_EDGE('',*,*,#1968,.F.);
#2573=ORIENTED_EDGE('',*,*,#1969,.F.);
#2574=ORIENTED_EDGE('',*,*,#1966,.T.);
#2575=ORIENTED_EDGE('',*,*,#1918,.F.);
#2576=ORIENTED_EDGE('',*,*,#1970,.T.);
#2577=ORIENTED_EDGE('',*,*,#1971,.F.);
#2578=ORIENTED_EDGE('',*,*,#1968,.T.);
#2579=ORIENTED_EDGE('',*,*,#1916,.F.);
#2580=ORIENTED_EDGE('',*,*,#1956,.F.);
#2581=ORIENTED_EDGE('',*,*,#1954,.F.);
#2582=ORIENTED_EDGE('',*,*,#1951,.F.);
#2583=ORIENTED_EDGE('',*,*,#1948,.F.);
#2584=ORIENTED_EDGE('',*,*,#1945,.F.);
#2585=ORIENTED_EDGE('',*,*,#1942,.F.);
#2586=ORIENTED_EDGE('',*,*,#1939,.F.);
#2587=ORIENTED_EDGE('',*,*,#1936,.F.);
#2588=ORIENTED_EDGE('',*,*,#1933,.F.);
#2589=ORIENTED_EDGE('',*,*,#1930,.F.);
#2590=ORIENTED_EDGE('',*,*,#1927,.F.);
#2591=ORIENTED_EDGE('',*,*,#1924,.F.);
#2592=ORIENTED_EDGE('',*,*,#1921,.F.);
#2593=ORIENTED_EDGE('',*,*,#1972,.F.);
#2594=ORIENTED_EDGE('',*,*,#1973,.F.);
#2595=ORIENTED_EDGE('',*,*,#1974,.F.);
#2596=ORIENTED_EDGE('',*,*,#1975,.F.);
#2597=ORIENTED_EDGE('',*,*,#1976,.F.);
#2598=ORIENTED_EDGE('',*,*,#1977,.T.);
#2599=ORIENTED_EDGE('',*,*,#1978,.T.);
#2600=ORIENTED_EDGE('',*,*,#1979,.T.);
#2601=ORIENTED_EDGE('',*,*,#1965,.T.);
#2602=ORIENTED_EDGE('',*,*,#1979,.F.);
#2603=ORIENTED_EDGE('',*,*,#1980,.T.);
#2604=ORIENTED_EDGE('',*,*,#1981,.T.);
#2605=ORIENTED_EDGE('',*,*,#1963,.T.);
#2606=ORIENTED_EDGE('',*,*,#1981,.F.);
#2607=ORIENTED_EDGE('',*,*,#1982,.T.);
#2608=ORIENTED_EDGE('',*,*,#1983,.T.);
#2609=ORIENTED_EDGE('',*,*,#1961,.T.);
#2610=ORIENTED_EDGE('',*,*,#1983,.F.);
#2611=ORIENTED_EDGE('',*,*,#1984,.T.);
#2612=ORIENTED_EDGE('',*,*,#1985,.T.);
#2613=ORIENTED_EDGE('',*,*,#1958,.T.);
#2614=ORIENTED_EDGE('',*,*,#1985,.F.);
#2615=ORIENTED_EDGE('',*,*,#1986,.T.);
#2616=ORIENTED_EDGE('',*,*,#1987,.T.);
#2617=ORIENTED_EDGE('',*,*,#1988,.T.);
#2618=ORIENTED_EDGE('',*,*,#1987,.F.);
#2619=ORIENTED_EDGE('',*,*,#1989,.T.);
#2620=ORIENTED_EDGE('',*,*,#1990,.T.);
#2621=ORIENTED_EDGE('',*,*,#1991,.T.);
#2622=ORIENTED_EDGE('',*,*,#1990,.F.);
#2623=ORIENTED_EDGE('',*,*,#1992,.T.);
#2624=ORIENTED_EDGE('',*,*,#1993,.T.);
#2625=ORIENTED_EDGE('',*,*,#1994,.T.);
#2626=ORIENTED_EDGE('',*,*,#1993,.F.);
#2627=ORIENTED_EDGE('',*,*,#1995,.T.);
#2628=ORIENTED_EDGE('',*,*,#1996,.T.);
#2629=ORIENTED_EDGE('',*,*,#1997,.T.);
#2630=ORIENTED_EDGE('',*,*,#1996,.F.);
#2631=ORIENTED_EDGE('',*,*,#1998,.T.);
#2632=ORIENTED_EDGE('',*,*,#1999,.T.);
#2633=ORIENTED_EDGE('',*,*,#2000,.T.);
#2634=ORIENTED_EDGE('',*,*,#1999,.F.);
#2635=ORIENTED_EDGE('',*,*,#2001,.T.);
#2636=ORIENTED_EDGE('',*,*,#2002,.T.);
#2637=ORIENTED_EDGE('',*,*,#2003,.T.);
#2638=ORIENTED_EDGE('',*,*,#2002,.F.);
#2639=ORIENTED_EDGE('',*,*,#2004,.T.);
#2640=ORIENTED_EDGE('',*,*,#2005,.T.);
#2641=ORIENTED_EDGE('',*,*,#2006,.T.);
#2642=ORIENTED_EDGE('',*,*,#2005,.F.);
#2643=ORIENTED_EDGE('',*,*,#2007,.T.);
#2644=ORIENTED_EDGE('',*,*,#2008,.T.);
#2645=ORIENTED_EDGE('',*,*,#1971,.T.);
#2646=ORIENTED_EDGE('',*,*,#2008,.F.);
#2647=ORIENTED_EDGE('',*,*,#2009,.T.);
#2648=ORIENTED_EDGE('',*,*,#2010,.T.);
#2649=ORIENTED_EDGE('',*,*,#1969,.T.);
#2650=ORIENTED_EDGE('',*,*,#2010,.F.);
#2651=ORIENTED_EDGE('',*,*,#2011,.T.);
#2652=ORIENTED_EDGE('',*,*,#1977,.F.);
#2653=ORIENTED_EDGE('',*,*,#1967,.T.);
#2654=ORIENTED_EDGE('',*,*,#1926,.F.);
#2655=ORIENTED_EDGE('',*,*,#2012,.F.);
#2656=ORIENTED_EDGE('',*,*,#2000,.F.);
#2657=ORIENTED_EDGE('',*,*,#2013,.T.);
#2658=ORIENTED_EDGE('',*,*,#1923,.F.);
#2659=ORIENTED_EDGE('',*,*,#2013,.F.);
#2660=ORIENTED_EDGE('',*,*,#2003,.F.);
#2661=ORIENTED_EDGE('',*,*,#2014,.T.);
#2662=ORIENTED_EDGE('',*,*,#1920,.F.);
#2663=ORIENTED_EDGE('',*,*,#2014,.F.);
#2664=ORIENTED_EDGE('',*,*,#2006,.F.);
#2665=ORIENTED_EDGE('',*,*,#1970,.F.);
#2666=ORIENTED_EDGE('',*,*,#1992,.F.);
#2667=ORIENTED_EDGE('',*,*,#2015,.F.);
#2668=ORIENTED_EDGE('',*,*,#2016,.F.);
#2669=ORIENTED_EDGE('',*,*,#2017,.F.);
#2670=ORIENTED_EDGE('',*,*,#1989,.F.);
#2671=ORIENTED_EDGE('',*,*,#2018,.F.);
#2672=ORIENTED_EDGE('',*,*,#2019,.F.);
#2673=ORIENTED_EDGE('',*,*,#2015,.T.);
#2674=ORIENTED_EDGE('',*,*,#1986,.F.);
#2675=ORIENTED_EDGE('',*,*,#2020,.F.);
#2676=ORIENTED_EDGE('',*,*,#2021,.F.);
#2677=ORIENTED_EDGE('',*,*,#2018,.T.);
#2678=ORIENTED_EDGE('',*,*,#1984,.F.);
#2679=ORIENTED_EDGE('',*,*,#2022,.F.);
#2680=ORIENTED_EDGE('',*,*,#2023,.F.);
#2681=ORIENTED_EDGE('',*,*,#2020,.T.);
#2682=ORIENTED_EDGE('',*,*,#1982,.F.);
#2683=ORIENTED_EDGE('',*,*,#2024,.F.);
#2684=ORIENTED_EDGE('',*,*,#2025,.F.);
#2685=ORIENTED_EDGE('',*,*,#2022,.T.);
#2686=ORIENTED_EDGE('',*,*,#1980,.F.);
#2687=ORIENTED_EDGE('',*,*,#2026,.T.);
#2688=ORIENTED_EDGE('',*,*,#2027,.F.);
#2689=ORIENTED_EDGE('',*,*,#2024,.T.);
#2690=ORIENTED_EDGE('',*,*,#1978,.F.);
#2691=ORIENTED_EDGE('',*,*,#2028,.F.);
#2692=ORIENTED_EDGE('',*,*,#2029,.F.);
#2693=ORIENTED_EDGE('',*,*,#2026,.F.);
#2694=ORIENTED_EDGE('',*,*,#2030,.T.);
#2695=ORIENTED_EDGE('',*,*,#2031,.T.);
#2696=ORIENTED_EDGE('',*,*,#2032,.T.);
#2697=ORIENTED_EDGE('',*,*,#2033,.T.);
#2698=ORIENTED_EDGE('',*,*,#2032,.F.);
#2699=ORIENTED_EDGE('',*,*,#2034,.T.);
#2700=ORIENTED_EDGE('',*,*,#2035,.T.);
#2701=ORIENTED_EDGE('',*,*,#2036,.T.);
#2702=ORIENTED_EDGE('',*,*,#2035,.F.);
#2703=ORIENTED_EDGE('',*,*,#2037,.T.);
#2704=ORIENTED_EDGE('',*,*,#2038,.T.);
#2705=ORIENTED_EDGE('',*,*,#2039,.T.);
#2706=ORIENTED_EDGE('',*,*,#2038,.F.);
#2707=ORIENTED_EDGE('',*,*,#2040,.T.);
#2708=ORIENTED_EDGE('',*,*,#2041,.T.);
#2709=ORIENTED_EDGE('',*,*,#2042,.T.);
#2710=ORIENTED_EDGE('',*,*,#2041,.F.);
#2711=ORIENTED_EDGE('',*,*,#2016,.T.);
#2712=ORIENTED_EDGE('',*,*,#2043,.T.);
#2713=ORIENTED_EDGE('',*,*,#2044,.T.);
#2714=ORIENTED_EDGE('',*,*,#2043,.F.);
#2715=ORIENTED_EDGE('',*,*,#2019,.T.);
#2716=ORIENTED_EDGE('',*,*,#2045,.T.);
#2717=ORIENTED_EDGE('',*,*,#2046,.T.);
#2718=ORIENTED_EDGE('',*,*,#2045,.F.);
#2719=ORIENTED_EDGE('',*,*,#2021,.T.);
#2720=ORIENTED_EDGE('',*,*,#2047,.T.);
#2721=ORIENTED_EDGE('',*,*,#2048,.T.);
#2722=ORIENTED_EDGE('',*,*,#2047,.F.);
#2723=ORIENTED_EDGE('',*,*,#2023,.T.);
#2724=ORIENTED_EDGE('',*,*,#2049,.T.);
#2725=ORIENTED_EDGE('',*,*,#2050,.T.);
#2726=ORIENTED_EDGE('',*,*,#2049,.F.);
#2727=ORIENTED_EDGE('',*,*,#2025,.T.);
#2728=ORIENTED_EDGE('',*,*,#2051,.T.);
#2729=ORIENTED_EDGE('',*,*,#2052,.T.);
#2730=ORIENTED_EDGE('',*,*,#2051,.F.);
#2731=ORIENTED_EDGE('',*,*,#2027,.T.);
#2732=ORIENTED_EDGE('',*,*,#2053,.T.);
#2733=ORIENTED_EDGE('',*,*,#2054,.T.);
#2734=ORIENTED_EDGE('',*,*,#2053,.F.);
#2735=ORIENTED_EDGE('',*,*,#2029,.T.);
#2736=ORIENTED_EDGE('',*,*,#2055,.T.);
#2737=ORIENTED_EDGE('',*,*,#2056,.T.);
#2738=ORIENTED_EDGE('',*,*,#2055,.F.);
#2739=ORIENTED_EDGE('',*,*,#2057,.T.);
#2740=ORIENTED_EDGE('',*,*,#2058,.T.);
#2741=ORIENTED_EDGE('',*,*,#2059,.T.);
#2742=ORIENTED_EDGE('',*,*,#2058,.F.);
#2743=ORIENTED_EDGE('',*,*,#2060,.T.);
#2744=ORIENTED_EDGE('',*,*,#2061,.T.);
#2745=ORIENTED_EDGE('',*,*,#2062,.T.);
#2746=ORIENTED_EDGE('',*,*,#2061,.F.);
#2747=ORIENTED_EDGE('',*,*,#2063,.T.);
#2748=ORIENTED_EDGE('',*,*,#2030,.F.);
#2749=ORIENTED_EDGE('',*,*,#2064,.T.);
#2750=ORIENTED_EDGE('',*,*,#2052,.F.);
#2751=ORIENTED_EDGE('',*,*,#2065,.F.);
#2752=ORIENTED_EDGE('',*,*,#2066,.F.);
#2753=ORIENTED_EDGE('',*,*,#2067,.T.);
#2754=ORIENTED_EDGE('',*,*,#2054,.F.);
#2755=ORIENTED_EDGE('',*,*,#2068,.F.);
#2756=ORIENTED_EDGE('',*,*,#2069,.F.);
#2757=ORIENTED_EDGE('',*,*,#2065,.T.);
#2758=ORIENTED_EDGE('',*,*,#2056,.F.);
#2759=ORIENTED_EDGE('',*,*,#2070,.F.);
#2760=ORIENTED_EDGE('',*,*,#2071,.F.);
#2761=ORIENTED_EDGE('',*,*,#2068,.T.);
#2762=ORIENTED_EDGE('',*,*,#2059,.F.);
#2763=ORIENTED_EDGE('',*,*,#2072,.F.);
#2764=ORIENTED_EDGE('',*,*,#2073,.F.);
#2765=ORIENTED_EDGE('',*,*,#2070,.T.);
#2766=ORIENTED_EDGE('',*,*,#2062,.F.);
#2767=ORIENTED_EDGE('',*,*,#2074,.T.);
#2768=ORIENTED_EDGE('',*,*,#2075,.F.);
#2769=ORIENTED_EDGE('',*,*,#2072,.T.);
#2770=ORIENTED_EDGE('',*,*,#2064,.F.);
#2771=ORIENTED_EDGE('',*,*,#2076,.F.);
#2772=ORIENTED_EDGE('',*,*,#2077,.F.);
#2773=ORIENTED_EDGE('',*,*,#2074,.F.);
#2774=ORIENTED_EDGE('',*,*,#2033,.F.);
#2775=ORIENTED_EDGE('',*,*,#2078,.F.);
#2776=ORIENTED_EDGE('',*,*,#2079,.F.);
#2777=ORIENTED_EDGE('',*,*,#2076,.T.);
#2778=ORIENTED_EDGE('',*,*,#1995,.F.);
#2779=ORIENTED_EDGE('',*,*,#2017,.T.);
#2780=ORIENTED_EDGE('',*,*,#2040,.F.);
#2781=ORIENTED_EDGE('',*,*,#2080,.T.);
#2782=ORIENTED_EDGE('',*,*,#1998,.F.);
#2783=ORIENTED_EDGE('',*,*,#2080,.F.);
#2784=ORIENTED_EDGE('',*,*,#2037,.F.);
#2785=ORIENTED_EDGE('',*,*,#2081,.T.);
#2786=ORIENTED_EDGE('',*,*,#2001,.F.);
#2787=ORIENTED_EDGE('',*,*,#2081,.F.);
#2788=ORIENTED_EDGE('',*,*,#2034,.F.);
#2789=ORIENTED_EDGE('',*,*,#2082,.T.);
#2790=ORIENTED_EDGE('',*,*,#2004,.F.);
#2791=ORIENTED_EDGE('',*,*,#2082,.F.);
#2792=ORIENTED_EDGE('',*,*,#2031,.F.);
#2793=ORIENTED_EDGE('',*,*,#2083,.T.);
#2794=ORIENTED_EDGE('',*,*,#2084,.T.);
#2795=ORIENTED_EDGE('',*,*,#2085,.T.);
#2796=ORIENTED_EDGE('',*,*,#2086,.T.);
#2797=ORIENTED_EDGE('',*,*,#2087,.T.);
#2798=ORIENTED_EDGE('',*,*,#2085,.F.);
#2799=ORIENTED_EDGE('',*,*,#2088,.T.);
#2800=ORIENTED_EDGE('',*,*,#2089,.T.);
#2801=ORIENTED_EDGE('',*,*,#2090,.T.);
#2802=ORIENTED_EDGE('',*,*,#2089,.F.);
#2803=ORIENTED_EDGE('',*,*,#2091,.T.);
#2804=ORIENTED_EDGE('',*,*,#2092,.T.);
#2805=ORIENTED_EDGE('',*,*,#2093,.T.);
#2806=ORIENTED_EDGE('',*,*,#2092,.F.);
#2807=ORIENTED_EDGE('',*,*,#2094,.T.);
#2808=ORIENTED_EDGE('',*,*,#2095,.T.);
#2809=ORIENTED_EDGE('',*,*,#2096,.T.);
#2810=ORIENTED_EDGE('',*,*,#2095,.F.);
#2811=ORIENTED_EDGE('',*,*,#2097,.T.);
#2812=ORIENTED_EDGE('',*,*,#2087,.F.);
#2813=ORIENTED_EDGE('',*,*,#2098,.T.);
#2814=ORIENTED_EDGE('',*,*,#2096,.F.);
#2815=ORIENTED_EDGE('',*,*,#2099,.F.);
#2816=ORIENTED_EDGE('',*,*,#2100,.F.);
#2817=ORIENTED_EDGE('',*,*,#2101,.T.);
#2818=ORIENTED_EDGE('',*,*,#2098,.F.);
#2819=ORIENTED_EDGE('',*,*,#2102,.F.);
#2820=ORIENTED_EDGE('',*,*,#2103,.F.);
#2821=ORIENTED_EDGE('',*,*,#2099,.T.);
#2822=ORIENTED_EDGE('',*,*,#2086,.F.);
#2823=ORIENTED_EDGE('',*,*,#2104,.F.);
#2824=ORIENTED_EDGE('',*,*,#2105,.F.);
#2825=ORIENTED_EDGE('',*,*,#2102,.T.);
#2826=ORIENTED_EDGE('',*,*,#2091,.F.);
#2827=ORIENTED_EDGE('',*,*,#2106,.T.);
#2828=ORIENTED_EDGE('',*,*,#2107,.F.);
#2829=ORIENTED_EDGE('',*,*,#2108,.F.);
#2830=ORIENTED_EDGE('',*,*,#2088,.F.);
#2831=ORIENTED_EDGE('',*,*,#2109,.T.);
#2832=ORIENTED_EDGE('',*,*,#2110,.F.);
#2833=ORIENTED_EDGE('',*,*,#2106,.F.);
#2834=ORIENTED_EDGE('',*,*,#2084,.F.);
#2835=ORIENTED_EDGE('',*,*,#2111,.T.);
#2836=ORIENTED_EDGE('',*,*,#2112,.F.);
#2837=ORIENTED_EDGE('',*,*,#2109,.F.);
#2838=ORIENTED_EDGE('',*,*,#2113,.T.);
#2839=ORIENTED_EDGE('',*,*,#2114,.T.);
#2840=ORIENTED_EDGE('',*,*,#2115,.T.);
#2841=ORIENTED_EDGE('',*,*,#2116,.T.);
#2842=ORIENTED_EDGE('',*,*,#2114,.F.);
#2843=ORIENTED_EDGE('',*,*,#2117,.T.);
#2844=ORIENTED_EDGE('',*,*,#2118,.T.);
#2845=ORIENTED_EDGE('',*,*,#2119,.T.);
#2846=ORIENTED_EDGE('',*,*,#2118,.F.);
#2847=ORIENTED_EDGE('',*,*,#2107,.T.);
#2848=ORIENTED_EDGE('',*,*,#2120,.T.);
#2849=ORIENTED_EDGE('',*,*,#2121,.T.);
#2850=ORIENTED_EDGE('',*,*,#2120,.F.);
#2851=ORIENTED_EDGE('',*,*,#2110,.T.);
#2852=ORIENTED_EDGE('',*,*,#2122,.T.);
#2853=ORIENTED_EDGE('',*,*,#2123,.T.);
#2854=ORIENTED_EDGE('',*,*,#2122,.F.);
#2855=ORIENTED_EDGE('',*,*,#2112,.T.);
#2856=ORIENTED_EDGE('',*,*,#2116,.F.);
#2857=ORIENTED_EDGE('',*,*,#2124,.T.);
#2858=ORIENTED_EDGE('',*,*,#2123,.F.);
#2859=ORIENTED_EDGE('',*,*,#2125,.T.);
#2860=ORIENTED_EDGE('',*,*,#2126,.F.);
#2861=ORIENTED_EDGE('',*,*,#2127,.F.);
#2862=ORIENTED_EDGE('',*,*,#2124,.F.);
#2863=ORIENTED_EDGE('',*,*,#2128,.F.);
#2864=ORIENTED_EDGE('',*,*,#2129,.F.);
#2865=ORIENTED_EDGE('',*,*,#2125,.F.);
#2866=ORIENTED_EDGE('',*,*,#2115,.F.);
#2867=ORIENTED_EDGE('',*,*,#2130,.T.);
#2868=ORIENTED_EDGE('',*,*,#2131,.F.);
#2869=ORIENTED_EDGE('',*,*,#2128,.T.);
#2870=ORIENTED_EDGE('',*,*,#2094,.F.);
#2871=ORIENTED_EDGE('',*,*,#2108,.T.);
#2872=ORIENTED_EDGE('',*,*,#2117,.F.);
#2873=ORIENTED_EDGE('',*,*,#2132,.F.);
#2874=ORIENTED_EDGE('',*,*,#2097,.F.);
#2875=ORIENTED_EDGE('',*,*,#2132,.T.);
#2876=ORIENTED_EDGE('',*,*,#2113,.F.);
#2877=ORIENTED_EDGE('',*,*,#2111,.F.);
#2878=ORIENTED_EDGE('',*,*,#1972,.T.);
#2879=ORIENTED_EDGE('',*,*,#2133,.T.);
#2880=ORIENTED_EDGE('',*,*,#2129,.T.);
#2881=ORIENTED_EDGE('',*,*,#2134,.F.);
#2882=ORIENTED_EDGE('',*,*,#2135,.T.);
#2883=ORIENTED_EDGE('',*,*,#2126,.T.);
#2884=ORIENTED_EDGE('',*,*,#2133,.F.);
#2885=ORIENTED_EDGE('',*,*,#1976,.T.);
#2886=ORIENTED_EDGE('',*,*,#2136,.T.);
#2887=ORIENTED_EDGE('',*,*,#2137,.T.);
#2888=ORIENTED_EDGE('',*,*,#2135,.F.);
#2889=ORIENTED_EDGE('',*,*,#1975,.T.);
#2890=ORIENTED_EDGE('',*,*,#2138,.T.);
#2891=ORIENTED_EDGE('',*,*,#2139,.T.);
#2892=ORIENTED_EDGE('',*,*,#2136,.F.);
#2893=ORIENTED_EDGE('',*,*,#1974,.T.);
#2894=ORIENTED_EDGE('',*,*,#2131,.T.);
#2895=ORIENTED_EDGE('',*,*,#2138,.F.);
#2896=ORIENTED_EDGE('',*,*,#1973,.T.);
#2897=ORIENTED_EDGE('',*,*,#2134,.T.);
#2898=ORIENTED_EDGE('',*,*,#2119,.F.);
#2899=ORIENTED_EDGE('',*,*,#2140,.T.);
#2900=ORIENTED_EDGE('',*,*,#2139,.F.);
#2901=ORIENTED_EDGE('',*,*,#2130,.F.);
#2902=ORIENTED_EDGE('',*,*,#2141,.T.);
#2903=ORIENTED_EDGE('',*,*,#2142,.T.);
#2904=ORIENTED_EDGE('',*,*,#2143,.T.);
#2905=ORIENTED_EDGE('',*,*,#2069,.T.);
#2906=ORIENTED_EDGE('',*,*,#2144,.T.);
#2907=ORIENTED_EDGE('',*,*,#2066,.T.);
#2908=ORIENTED_EDGE('',*,*,#2143,.F.);
#2909=ORIENTED_EDGE('',*,*,#2145,.T.);
#2910=ORIENTED_EDGE('',*,*,#2146,.T.);
#2911=ORIENTED_EDGE('',*,*,#2147,.T.);
#2912=ORIENTED_EDGE('',*,*,#2144,.F.);
#2913=ORIENTED_EDGE('',*,*,#2148,.T.);
#2914=ORIENTED_EDGE('',*,*,#2149,.T.);
#2915=ORIENTED_EDGE('',*,*,#2150,.T.);
#2916=ORIENTED_EDGE('',*,*,#2146,.F.);
#2917=ORIENTED_EDGE('',*,*,#2151,.T.);
#2918=ORIENTED_EDGE('',*,*,#2152,.T.);
#2919=ORIENTED_EDGE('',*,*,#2153,.T.);
#2920=ORIENTED_EDGE('',*,*,#2149,.F.);
#2921=ORIENTED_EDGE('',*,*,#2154,.T.);
#2922=ORIENTED_EDGE('',*,*,#2155,.T.);
#2923=ORIENTED_EDGE('',*,*,#2156,.T.);
#2924=ORIENTED_EDGE('',*,*,#2152,.F.);
#2925=ORIENTED_EDGE('',*,*,#2157,.T.);
#2926=ORIENTED_EDGE('',*,*,#2158,.T.);
#2927=ORIENTED_EDGE('',*,*,#2159,.T.);
#2928=ORIENTED_EDGE('',*,*,#2155,.F.);
#2929=ORIENTED_EDGE('',*,*,#2160,.T.);
#2930=ORIENTED_EDGE('',*,*,#2161,.T.);
#2931=ORIENTED_EDGE('',*,*,#2162,.T.);
#2932=ORIENTED_EDGE('',*,*,#2158,.F.);
#2933=ORIENTED_EDGE('',*,*,#2163,.T.);
#2934=ORIENTED_EDGE('',*,*,#2164,.T.);
#2935=ORIENTED_EDGE('',*,*,#2165,.T.);
#2936=ORIENTED_EDGE('',*,*,#2161,.F.);
#2937=ORIENTED_EDGE('',*,*,#2166,.T.);
#2938=ORIENTED_EDGE('',*,*,#2167,.T.);
#2939=ORIENTED_EDGE('',*,*,#2079,.T.);
#2940=ORIENTED_EDGE('',*,*,#2164,.F.);
#2941=ORIENTED_EDGE('',*,*,#2168,.T.);
#2942=ORIENTED_EDGE('',*,*,#2169,.T.);
#2943=ORIENTED_EDGE('',*,*,#2077,.T.);
#2944=ORIENTED_EDGE('',*,*,#2167,.F.);
#2945=ORIENTED_EDGE('',*,*,#2170,.T.);
#2946=ORIENTED_EDGE('',*,*,#2171,.T.);
#2947=ORIENTED_EDGE('',*,*,#2075,.T.);
#2948=ORIENTED_EDGE('',*,*,#2169,.F.);
#2949=ORIENTED_EDGE('',*,*,#2172,.T.);
#2950=ORIENTED_EDGE('',*,*,#2173,.T.);
#2951=ORIENTED_EDGE('',*,*,#2073,.T.);
#2952=ORIENTED_EDGE('',*,*,#2171,.F.);
#2953=ORIENTED_EDGE('',*,*,#2174,.T.);
#2954=ORIENTED_EDGE('',*,*,#2141,.F.);
#2955=ORIENTED_EDGE('',*,*,#2071,.T.);
#2956=ORIENTED_EDGE('',*,*,#2173,.F.);
#2957=ORIENTED_EDGE('',*,*,#2175,.T.);
#2958=ORIENTED_EDGE('',*,*,#2036,.F.);
#2959=ORIENTED_EDGE('',*,*,#2176,.F.);
#2960=ORIENTED_EDGE('',*,*,#2165,.F.);
#2961=ORIENTED_EDGE('',*,*,#2078,.T.);
#2962=ORIENTED_EDGE('',*,*,#2142,.F.);
#2963=ORIENTED_EDGE('',*,*,#2175,.F.);
#2964=ORIENTED_EDGE('',*,*,#2174,.F.);
#2965=ORIENTED_EDGE('',*,*,#2172,.F.);
#2966=ORIENTED_EDGE('',*,*,#2170,.F.);
#2967=ORIENTED_EDGE('',*,*,#2168,.F.);
#2968=ORIENTED_EDGE('',*,*,#2166,.F.);
#2969=ORIENTED_EDGE('',*,*,#2163,.F.);
#2970=ORIENTED_EDGE('',*,*,#2160,.F.);
#2971=ORIENTED_EDGE('',*,*,#2157,.F.);
#2972=ORIENTED_EDGE('',*,*,#2154,.F.);
#2973=ORIENTED_EDGE('',*,*,#2151,.F.);
#2974=ORIENTED_EDGE('',*,*,#2148,.F.);
#2975=ORIENTED_EDGE('',*,*,#2145,.F.);
#2976=ORIENTED_EDGE('',*,*,#2177,.F.);
#2977=ORIENTED_EDGE('',*,*,#2178,.F.);
#2978=ORIENTED_EDGE('',*,*,#2179,.F.);
#2979=ORIENTED_EDGE('',*,*,#2180,.F.);
#2980=ORIENTED_EDGE('',*,*,#2181,.F.);
#2981=ORIENTED_EDGE('',*,*,#2177,.T.);
#2982=ORIENTED_EDGE('',*,*,#2182,.T.);
#2983=ORIENTED_EDGE('',*,*,#2103,.T.);
#2984=ORIENTED_EDGE('',*,*,#2183,.T.);
#2985=ORIENTED_EDGE('',*,*,#2184,.T.);
#2986=ORIENTED_EDGE('',*,*,#2100,.T.);
#2987=ORIENTED_EDGE('',*,*,#2182,.F.);
#2988=ORIENTED_EDGE('',*,*,#2181,.T.);
#2989=ORIENTED_EDGE('',*,*,#2185,.T.);
#2990=ORIENTED_EDGE('',*,*,#2186,.T.);
#2991=ORIENTED_EDGE('',*,*,#2184,.F.);
#2992=ORIENTED_EDGE('',*,*,#2180,.T.);
#2993=ORIENTED_EDGE('',*,*,#2187,.T.);
#2994=ORIENTED_EDGE('',*,*,#2188,.T.);
#2995=ORIENTED_EDGE('',*,*,#2185,.F.);
#2996=ORIENTED_EDGE('',*,*,#2179,.T.);
#2997=ORIENTED_EDGE('',*,*,#2105,.T.);
#2998=ORIENTED_EDGE('',*,*,#2187,.F.);
#2999=ORIENTED_EDGE('',*,*,#2178,.T.);
#3000=ORIENTED_EDGE('',*,*,#2183,.F.);
#3001=ORIENTED_EDGE('',*,*,#2090,.F.);
#3002=ORIENTED_EDGE('',*,*,#2189,.F.);
#3003=ORIENTED_EDGE('',*,*,#2188,.F.);
#3004=ORIENTED_EDGE('',*,*,#2104,.T.);
#3005=ORIENTED_EDGE('',*,*,#2050,.F.);
#3006=ORIENTED_EDGE('',*,*,#2067,.F.);
#3007=ORIENTED_EDGE('',*,*,#2147,.F.);
#3008=ORIENTED_EDGE('',*,*,#2190,.T.);
#3009=ORIENTED_EDGE('',*,*,#2048,.F.);
#3010=ORIENTED_EDGE('',*,*,#2190,.F.);
#3011=ORIENTED_EDGE('',*,*,#2150,.F.);
#3012=ORIENTED_EDGE('',*,*,#2191,.T.);
#3013=ORIENTED_EDGE('',*,*,#2046,.F.);
#3014=ORIENTED_EDGE('',*,*,#2191,.F.);
#3015=ORIENTED_EDGE('',*,*,#2153,.F.);
#3016=ORIENTED_EDGE('',*,*,#2192,.T.);
#3017=ORIENTED_EDGE('',*,*,#2044,.F.);
#3018=ORIENTED_EDGE('',*,*,#2192,.F.);
#3019=ORIENTED_EDGE('',*,*,#2156,.F.);
#3020=ORIENTED_EDGE('',*,*,#2193,.T.);
#3021=ORIENTED_EDGE('',*,*,#2042,.F.);
#3022=ORIENTED_EDGE('',*,*,#2193,.F.);
#3023=ORIENTED_EDGE('',*,*,#2159,.F.);
#3024=ORIENTED_EDGE('',*,*,#2194,.T.);
#3025=ORIENTED_EDGE('',*,*,#2039,.F.);
#3026=ORIENTED_EDGE('',*,*,#2194,.F.);
#3027=ORIENTED_EDGE('',*,*,#2162,.F.);
#3028=ORIENTED_EDGE('',*,*,#2176,.T.);
#3029=ORIENTED_EDGE('',*,*,#2007,.F.);
#3030=ORIENTED_EDGE('',*,*,#2083,.F.);
#3031=ORIENTED_EDGE('',*,*,#2063,.F.);
#3032=ORIENTED_EDGE('',*,*,#2195,.T.);
#3033=ORIENTED_EDGE('',*,*,#2009,.F.);
#3034=ORIENTED_EDGE('',*,*,#2195,.F.);
#3035=ORIENTED_EDGE('',*,*,#2060,.F.);
#3036=ORIENTED_EDGE('',*,*,#2196,.F.);
#3037=ORIENTED_EDGE('',*,*,#2093,.F.);
#3038=ORIENTED_EDGE('',*,*,#2101,.F.);
#3039=ORIENTED_EDGE('',*,*,#2186,.F.);
#3040=ORIENTED_EDGE('',*,*,#2189,.T.);
#3041=ORIENTED_EDGE('',*,*,#2121,.F.);
#3042=ORIENTED_EDGE('',*,*,#2127,.T.);
#3043=ORIENTED_EDGE('',*,*,#2137,.F.);
#3044=ORIENTED_EDGE('',*,*,#2140,.F.);
#3045=ORIENTED_EDGE('',*,*,#1938,.F.);
#3046=ORIENTED_EDGE('',*,*,#1959,.F.);
#3047=ORIENTED_EDGE('',*,*,#1988,.F.);
#3048=ORIENTED_EDGE('',*,*,#2197,.T.);
#3049=ORIENTED_EDGE('',*,*,#1935,.F.);
#3050=ORIENTED_EDGE('',*,*,#2197,.F.);
#3051=ORIENTED_EDGE('',*,*,#1991,.F.);
#3052=ORIENTED_EDGE('',*,*,#2198,.T.);
#3053=ORIENTED_EDGE('',*,*,#1932,.F.);
#3054=ORIENTED_EDGE('',*,*,#2198,.F.);
#3055=ORIENTED_EDGE('',*,*,#1994,.F.);
#3056=ORIENTED_EDGE('',*,*,#2199,.T.);
#3057=ORIENTED_EDGE('',*,*,#1929,.F.);
#3058=ORIENTED_EDGE('',*,*,#2199,.F.);
#3059=ORIENTED_EDGE('',*,*,#1997,.F.);
#3060=ORIENTED_EDGE('',*,*,#2012,.T.);
#3061=ORIENTED_EDGE('',*,*,#2011,.F.);
#3062=ORIENTED_EDGE('',*,*,#2196,.T.);
#3063=ORIENTED_EDGE('',*,*,#2057,.F.);
#3064=ORIENTED_EDGE('',*,*,#2028,.T.);
#3065=ORIENTED_EDGE('',*,*,#2200,.T.);
#3066=ORIENTED_EDGE('',*,*,#2201,.T.);
#3067=ORIENTED_EDGE('',*,*,#2202,.T.);
#3068=ORIENTED_EDGE('',*,*,#2203,.F.);
#3069=ORIENTED_EDGE('',*,*,#2204,.T.);
#3070=ORIENTED_EDGE('',*,*,#2205,.T.);
#3071=ORIENTED_EDGE('',*,*,#2201,.F.);
#3072=ORIENTED_EDGE('',*,*,#2206,.T.);
#3073=ORIENTED_EDGE('',*,*,#2207,.T.);
#3074=ORIENTED_EDGE('',*,*,#2208,.T.);
#3075=ORIENTED_EDGE('',*,*,#2204,.F.);
#3076=ORIENTED_EDGE('',*,*,#2209,.T.);
#3077=ORIENTED_EDGE('',*,*,#2210,.T.);
#3078=ORIENTED_EDGE('',*,*,#2211,.T.);
#3079=ORIENTED_EDGE('',*,*,#2207,.F.);
#3080=ORIENTED_EDGE('',*,*,#2212,.T.);
#3081=ORIENTED_EDGE('',*,*,#2213,.T.);
#3082=ORIENTED_EDGE('',*,*,#2210,.F.);
#3083=ORIENTED_EDGE('',*,*,#2214,.T.);
#3084=ORIENTED_EDGE('',*,*,#2203,.T.);
#3085=ORIENTED_EDGE('',*,*,#2211,.F.);
#3086=ORIENTED_EDGE('',*,*,#2215,.T.);
#3087=ORIENTED_EDGE('',*,*,#2216,.F.);
#3088=ORIENTED_EDGE('',*,*,#2217,.F.);
#3089=ORIENTED_EDGE('',*,*,#2213,.F.);
#3090=ORIENTED_EDGE('',*,*,#2218,.T.);
#3091=ORIENTED_EDGE('',*,*,#2219,.F.);
#3092=ORIENTED_EDGE('',*,*,#2215,.F.);
#3093=ORIENTED_EDGE('',*,*,#2202,.F.);
#3094=ORIENTED_EDGE('',*,*,#2220,.T.);
#3095=ORIENTED_EDGE('',*,*,#2221,.F.);
#3096=ORIENTED_EDGE('',*,*,#2218,.F.);
#3097=ORIENTED_EDGE('',*,*,#2222,.T.);
#3098=ORIENTED_EDGE('',*,*,#2223,.T.);
#3099=ORIENTED_EDGE('',*,*,#2224,.T.);
#3100=ORIENTED_EDGE('',*,*,#2225,.T.);
#3101=ORIENTED_EDGE('',*,*,#2226,.T.);
#3102=ORIENTED_EDGE('',*,*,#2200,.F.);
#3103=ORIENTED_EDGE('',*,*,#2214,.F.);
#3104=ORIENTED_EDGE('',*,*,#2212,.F.);
#3105=ORIENTED_EDGE('',*,*,#2209,.F.);
#3106=ORIENTED_EDGE('',*,*,#2206,.F.);
#3107=ORIENTED_EDGE('',*,*,#2227,.F.);
#3108=ORIENTED_EDGE('',*,*,#2228,.T.);
#3109=ORIENTED_EDGE('',*,*,#2229,.T.);
#3110=ORIENTED_EDGE('',*,*,#2230,.T.);
#3111=ORIENTED_EDGE('',*,*,#2231,.T.);
#3112=ORIENTED_EDGE('',*,*,#2232,.T.);
#3113=ORIENTED_EDGE('',*,*,#2229,.F.);
#3114=ORIENTED_EDGE('',*,*,#2233,.T.);
#3115=ORIENTED_EDGE('',*,*,#2234,.T.);
#3116=ORIENTED_EDGE('',*,*,#2235,.T.);
#3117=ORIENTED_EDGE('',*,*,#2231,.F.);
#3118=ORIENTED_EDGE('',*,*,#2236,.T.);
#3119=ORIENTED_EDGE('',*,*,#2237,.T.);
#3120=ORIENTED_EDGE('',*,*,#2238,.T.);
#3121=ORIENTED_EDGE('',*,*,#2234,.F.);
#3122=ORIENTED_EDGE('',*,*,#2239,.T.);
#3123=ORIENTED_EDGE('',*,*,#2240,.T.);
#3124=ORIENTED_EDGE('',*,*,#2241,.T.);
#3125=ORIENTED_EDGE('',*,*,#2237,.F.);
#3126=ORIENTED_EDGE('',*,*,#2242,.T.);
#3127=ORIENTED_EDGE('',*,*,#2243,.T.);
#3128=ORIENTED_EDGE('',*,*,#2244,.T.);
#3129=ORIENTED_EDGE('',*,*,#2240,.F.);
#3130=ORIENTED_EDGE('',*,*,#2245,.T.);
#3131=ORIENTED_EDGE('',*,*,#2246,.T.);
#3132=ORIENTED_EDGE('',*,*,#2247,.T.);
#3133=ORIENTED_EDGE('',*,*,#2243,.F.);
#3134=ORIENTED_EDGE('',*,*,#2248,.T.);
#3135=ORIENTED_EDGE('',*,*,#2249,.F.);
#3136=ORIENTED_EDGE('',*,*,#2248,.F.);
#3137=ORIENTED_EDGE('',*,*,#2245,.F.);
#3138=ORIENTED_EDGE('',*,*,#2242,.F.);
#3139=ORIENTED_EDGE('',*,*,#2239,.F.);
#3140=ORIENTED_EDGE('',*,*,#2236,.F.);
#3141=ORIENTED_EDGE('',*,*,#2233,.F.);
#3142=ORIENTED_EDGE('',*,*,#2228,.F.);
#3143=ORIENTED_EDGE('',*,*,#2250,.F.);
#3144=ORIENTED_EDGE('',*,*,#2251,.F.);
#3145=ORIENTED_EDGE('',*,*,#2252,.F.);
#3146=ORIENTED_EDGE('',*,*,#2253,.F.);
#3147=ORIENTED_EDGE('',*,*,#2254,.F.);
#3148=ORIENTED_EDGE('',*,*,#2255,.F.);
#3149=ORIENTED_EDGE('',*,*,#2256,.F.);
#3150=ORIENTED_EDGE('',*,*,#2257,.F.);
#3151=ORIENTED_EDGE('',*,*,#2258,.F.);
#3152=ORIENTED_EDGE('',*,*,#2227,.T.);
#3153=ORIENTED_EDGE('',*,*,#2259,.F.);
#3154=ORIENTED_EDGE('',*,*,#2260,.T.);
#3155=ORIENTED_EDGE('',*,*,#2261,.T.);
#3156=ORIENTED_EDGE('',*,*,#2262,.F.);
#3157=ORIENTED_EDGE('',*,*,#2263,.F.);
#3158=ORIENTED_EDGE('',*,*,#2264,.T.);
#3159=ORIENTED_EDGE('',*,*,#2250,.T.);
#3160=ORIENTED_EDGE('',*,*,#2230,.F.);
#3161=ORIENTED_EDGE('',*,*,#2265,.F.);
#3162=ORIENTED_EDGE('',*,*,#2266,.F.);
#3163=ORIENTED_EDGE('',*,*,#2259,.T.);
#3164=ORIENTED_EDGE('',*,*,#2254,.T.);
#3165=ORIENTED_EDGE('',*,*,#2267,.T.);
#3166=ORIENTED_EDGE('',*,*,#2268,.T.);
#3167=ORIENTED_EDGE('',*,*,#2269,.F.);
#3168=ORIENTED_EDGE('',*,*,#2270,.T.);
#3169=ORIENTED_EDGE('',*,*,#2271,.T.);
#3170=ORIENTED_EDGE('',*,*,#2267,.F.);
#3171=ORIENTED_EDGE('',*,*,#2258,.T.);
#3172=ORIENTED_EDGE('',*,*,#2272,.T.);
#3173=ORIENTED_EDGE('',*,*,#2273,.T.);
#3174=ORIENTED_EDGE('',*,*,#2270,.F.);
#3175=ORIENTED_EDGE('',*,*,#2257,.T.);
#3176=ORIENTED_EDGE('',*,*,#2274,.T.);
#3177=ORIENTED_EDGE('',*,*,#2275,.T.);
#3178=ORIENTED_EDGE('',*,*,#2272,.F.);
#3179=ORIENTED_EDGE('',*,*,#2256,.T.);
#3180=ORIENTED_EDGE('',*,*,#2276,.T.);
#3181=ORIENTED_EDGE('',*,*,#2274,.F.);
#3182=ORIENTED_EDGE('',*,*,#2255,.T.);
#3183=ORIENTED_EDGE('',*,*,#2269,.T.);
#3184=ORIENTED_EDGE('',*,*,#2275,.F.);
#3185=ORIENTED_EDGE('',*,*,#2277,.F.);
#3186=ORIENTED_EDGE('',*,*,#2278,.F.);
#3187=ORIENTED_EDGE('',*,*,#2279,.T.);
#3188=ORIENTED_EDGE('',*,*,#2276,.F.);
#3189=ORIENTED_EDGE('',*,*,#2280,.F.);
#3190=ORIENTED_EDGE('',*,*,#2281,.F.);
#3191=ORIENTED_EDGE('',*,*,#2277,.T.);
#3192=ORIENTED_EDGE('',*,*,#2268,.F.);
#3193=ORIENTED_EDGE('',*,*,#2282,.F.);
#3194=ORIENTED_EDGE('',*,*,#2283,.F.);
#3195=ORIENTED_EDGE('',*,*,#2280,.T.);
#3196=ORIENTED_EDGE('',*,*,#2284,.T.);
#3197=ORIENTED_EDGE('',*,*,#2260,.F.);
#3198=ORIENTED_EDGE('',*,*,#2266,.T.);
#3199=ORIENTED_EDGE('',*,*,#2285,.T.);
#3200=ORIENTED_EDGE('',*,*,#2286,.T.);
#3201=ORIENTED_EDGE('',*,*,#2287,.T.);
#3202=ORIENTED_EDGE('',*,*,#2288,.T.);
#3203=ORIENTED_EDGE('',*,*,#2285,.F.);
#3204=ORIENTED_EDGE('',*,*,#2289,.T.);
#3205=ORIENTED_EDGE('',*,*,#2235,.F.);
#3206=ORIENTED_EDGE('',*,*,#2290,.F.);
#3207=ORIENTED_EDGE('',*,*,#2291,.F.);
#3208=ORIENTED_EDGE('',*,*,#2292,.F.);
#3209=ORIENTED_EDGE('',*,*,#2232,.F.);
#3210=ORIENTED_EDGE('',*,*,#2292,.T.);
#3211=ORIENTED_EDGE('',*,*,#2289,.F.);
#3212=ORIENTED_EDGE('',*,*,#2265,.T.);
#3213=ORIENTED_EDGE('',*,*,#2261,.F.);
#3214=ORIENTED_EDGE('',*,*,#2284,.F.);
#3215=ORIENTED_EDGE('',*,*,#2293,.T.);
#3216=ORIENTED_EDGE('',*,*,#2294,.F.);
#3217=ORIENTED_EDGE('',*,*,#2295,.T.);
#3218=ORIENTED_EDGE('',*,*,#2296,.T.);
#3219=ORIENTED_EDGE('',*,*,#2297,.T.);
#3220=ORIENTED_EDGE('',*,*,#2262,.T.);
#3221=ORIENTED_EDGE('',*,*,#2286,.F.);
#3222=ORIENTED_EDGE('',*,*,#2288,.F.);
#3223=ORIENTED_EDGE('',*,*,#2298,.F.);
#3224=ORIENTED_EDGE('',*,*,#2299,.F.);
#3225=ORIENTED_EDGE('',*,*,#2293,.F.);
#3226=ORIENTED_EDGE('',*,*,#2273,.F.);
#3227=ORIENTED_EDGE('',*,*,#2279,.F.);
#3228=ORIENTED_EDGE('',*,*,#2300,.F.);
#3229=ORIENTED_EDGE('',*,*,#2301,.T.);
#3230=ORIENTED_EDGE('',*,*,#2271,.F.);
#3231=ORIENTED_EDGE('',*,*,#2301,.F.);
#3232=ORIENTED_EDGE('',*,*,#2302,.F.);
#3233=ORIENTED_EDGE('',*,*,#2282,.T.);
#3234=ORIENTED_EDGE('',*,*,#2221,.T.);
#3235=ORIENTED_EDGE('',*,*,#2303,.F.);
#3236=ORIENTED_EDGE('',*,*,#2281,.T.);
#3237=ORIENTED_EDGE('',*,*,#2304,.F.);
#3238=ORIENTED_EDGE('',*,*,#2305,.T.);
#3239=ORIENTED_EDGE('',*,*,#2306,.F.);
#3240=ORIENTED_EDGE('',*,*,#2278,.T.);
#3241=ORIENTED_EDGE('',*,*,#2303,.T.);
#3242=ORIENTED_EDGE('',*,*,#2307,.T.);
#3243=ORIENTED_EDGE('',*,*,#2308,.F.);
#3244=ORIENTED_EDGE('',*,*,#2300,.T.);
#3245=ORIENTED_EDGE('',*,*,#2306,.T.);
#3246=ORIENTED_EDGE('',*,*,#2309,.T.);
#3247=ORIENTED_EDGE('',*,*,#2310,.T.);
#3248=ORIENTED_EDGE('',*,*,#2311,.F.);
#3249=ORIENTED_EDGE('',*,*,#2302,.T.);
#3250=ORIENTED_EDGE('',*,*,#2308,.T.);
#3251=ORIENTED_EDGE('',*,*,#2216,.T.);
#3252=ORIENTED_EDGE('',*,*,#2310,.F.);
#3253=ORIENTED_EDGE('',*,*,#2219,.T.);
#3254=ORIENTED_EDGE('',*,*,#2305,.F.);
#3255=ORIENTED_EDGE('',*,*,#2304,.T.);
#3256=ORIENTED_EDGE('',*,*,#2283,.T.);
#3257=ORIENTED_EDGE('',*,*,#2311,.T.);
#3258=ORIENTED_EDGE('',*,*,#2208,.F.);
#3259=ORIENTED_EDGE('',*,*,#2217,.T.);
#3260=ORIENTED_EDGE('',*,*,#2309,.F.);
#3261=ORIENTED_EDGE('',*,*,#2312,.F.);
#3262=ORIENTED_EDGE('',*,*,#2205,.F.);
#3263=ORIENTED_EDGE('',*,*,#2312,.T.);
#3264=ORIENTED_EDGE('',*,*,#2307,.F.);
#3265=ORIENTED_EDGE('',*,*,#2220,.F.);
#3266=ORIENTED_EDGE('',*,*,#2313,.T.);
#3267=ORIENTED_EDGE('',*,*,#2314,.T.);
#3268=ORIENTED_EDGE('',*,*,#2315,.T.);
#3269=ORIENTED_EDGE('',*,*,#2298,.T.);
#3270=ORIENTED_EDGE('',*,*,#2287,.F.);
#3271=ORIENTED_EDGE('',*,*,#2291,.T.);
#3272=ORIENTED_EDGE('',*,*,#2294,.T.);
#3273=ORIENTED_EDGE('',*,*,#2299,.T.);
#3274=ORIENTED_EDGE('',*,*,#2315,.F.);
#3275=ORIENTED_EDGE('',*,*,#2316,.T.);
#3276=ORIENTED_EDGE('',*,*,#2317,.T.);
#3277=ORIENTED_EDGE('',*,*,#2318,.T.);
#3278=ORIENTED_EDGE('',*,*,#2296,.F.);
#3279=ORIENTED_EDGE('',*,*,#2319,.T.);
#3280=ORIENTED_EDGE('',*,*,#2320,.T.);
#3281=ORIENTED_EDGE('',*,*,#2321,.T.);
#3282=ORIENTED_EDGE('',*,*,#2317,.F.);
#3283=ORIENTED_EDGE('',*,*,#2322,.T.);
#3284=ORIENTED_EDGE('',*,*,#2323,.T.);
#3285=ORIENTED_EDGE('',*,*,#2324,.T.);
#3286=ORIENTED_EDGE('',*,*,#2320,.F.);
#3287=ORIENTED_EDGE('',*,*,#2325,.T.);
#3288=ORIENTED_EDGE('',*,*,#2326,.T.);
#3289=ORIENTED_EDGE('',*,*,#2327,.T.);
#3290=ORIENTED_EDGE('',*,*,#2323,.F.);
#3291=ORIENTED_EDGE('',*,*,#2328,.T.);
#3292=ORIENTED_EDGE('',*,*,#2329,.T.);
#3293=ORIENTED_EDGE('',*,*,#2330,.T.);
#3294=ORIENTED_EDGE('',*,*,#2326,.F.);
#3295=ORIENTED_EDGE('',*,*,#2331,.T.);
#3296=ORIENTED_EDGE('',*,*,#2332,.T.);
#3297=ORIENTED_EDGE('',*,*,#2333,.T.);
#3298=ORIENTED_EDGE('',*,*,#2329,.F.);
#3299=ORIENTED_EDGE('',*,*,#2334,.T.);
#3300=ORIENTED_EDGE('',*,*,#2335,.F.);
#3301=ORIENTED_EDGE('',*,*,#2336,.T.);
#3302=ORIENTED_EDGE('',*,*,#2337,.T.);
#3303=ORIENTED_EDGE('',*,*,#2338,.T.);
#3304=ORIENTED_EDGE('',*,*,#2332,.F.);
#3305=ORIENTED_EDGE('',*,*,#2339,.T.);
#3306=ORIENTED_EDGE('',*,*,#2340,.F.);
#3307=ORIENTED_EDGE('',*,*,#2341,.T.);
#3308=ORIENTED_EDGE('',*,*,#2335,.T.);
#3309=ORIENTED_EDGE('',*,*,#2342,.T.);
#3310=ORIENTED_EDGE('',*,*,#2343,.F.);
#3311=ORIENTED_EDGE('',*,*,#2344,.T.);
#3312=ORIENTED_EDGE('',*,*,#2340,.T.);
#3313=ORIENTED_EDGE('',*,*,#2345,.T.);
#3314=ORIENTED_EDGE('',*,*,#2313,.F.);
#3315=ORIENTED_EDGE('',*,*,#2346,.T.);
#3316=ORIENTED_EDGE('',*,*,#2343,.T.);
#3317=ORIENTED_EDGE('',*,*,#2347,.T.);
#3318=ORIENTED_EDGE('',*,*,#2328,.F.);
#3319=ORIENTED_EDGE('',*,*,#2348,.F.);
#3320=ORIENTED_EDGE('',*,*,#2349,.F.);
#3321=ORIENTED_EDGE('',*,*,#2350,.T.);
#3322=ORIENTED_EDGE('',*,*,#2325,.F.);
#3323=ORIENTED_EDGE('',*,*,#2351,.F.);
#3324=ORIENTED_EDGE('',*,*,#2352,.F.);
#3325=ORIENTED_EDGE('',*,*,#2348,.T.);
#3326=ORIENTED_EDGE('',*,*,#2322,.F.);
#3327=ORIENTED_EDGE('',*,*,#2353,.F.);
#3328=ORIENTED_EDGE('',*,*,#2354,.F.);
#3329=ORIENTED_EDGE('',*,*,#2351,.T.);
#3330=ORIENTED_EDGE('',*,*,#2319,.F.);
#3331=ORIENTED_EDGE('',*,*,#2355,.F.);
#3332=ORIENTED_EDGE('',*,*,#2356,.F.);
#3333=ORIENTED_EDGE('',*,*,#2353,.T.);
#3334=ORIENTED_EDGE('',*,*,#2295,.F.);
#3335=ORIENTED_EDGE('',*,*,#2357,.T.);
#3336=ORIENTED_EDGE('',*,*,#2358,.F.);
#3337=ORIENTED_EDGE('',*,*,#2355,.T.);
#3338=ORIENTED_EDGE('',*,*,#2316,.F.);
#3339=ORIENTED_EDGE('',*,*,#2359,.T.);
#3340=ORIENTED_EDGE('',*,*,#2360,.F.);
#3341=ORIENTED_EDGE('',*,*,#2357,.F.);
#3342=ORIENTED_EDGE('',*,*,#2314,.F.);
#3343=ORIENTED_EDGE('',*,*,#2361,.F.);
#3344=ORIENTED_EDGE('',*,*,#2362,.F.);
#3345=ORIENTED_EDGE('',*,*,#2359,.F.);
#3346=ORIENTED_EDGE('',*,*,#2363,.T.);
#3347=ORIENTED_EDGE('',*,*,#2360,.T.);
#3348=ORIENTED_EDGE('',*,*,#2364,.F.);
#3349=ORIENTED_EDGE('',*,*,#2365,.T.);
#3350=ORIENTED_EDGE('',*,*,#2366,.T.);
#3351=ORIENTED_EDGE('',*,*,#2358,.T.);
#3352=ORIENTED_EDGE('',*,*,#2363,.F.);
#3353=ORIENTED_EDGE('',*,*,#2367,.T.);
#3354=ORIENTED_EDGE('',*,*,#2368,.T.);
#3355=ORIENTED_EDGE('',*,*,#2369,.T.);
#3356=ORIENTED_EDGE('',*,*,#2370,.F.);
#3357=ORIENTED_EDGE('',*,*,#2371,.T.);
#3358=ORIENTED_EDGE('',*,*,#2331,.F.);
#3359=ORIENTED_EDGE('',*,*,#2350,.F.);
#3360=ORIENTED_EDGE('',*,*,#2372,.F.);
#3361=ORIENTED_EDGE('',*,*,#2373,.F.);
#3362=ORIENTED_EDGE('',*,*,#2334,.F.);
#3363=ORIENTED_EDGE('',*,*,#2373,.T.);
#3364=ORIENTED_EDGE('',*,*,#2369,.F.);
#3365=ORIENTED_EDGE('',*,*,#2374,.T.);
#3366=ORIENTED_EDGE('',*,*,#2339,.F.);
#3367=ORIENTED_EDGE('',*,*,#2374,.F.);
#3368=ORIENTED_EDGE('',*,*,#2375,.F.);
#3369=ORIENTED_EDGE('',*,*,#2376,.T.);
#3370=ORIENTED_EDGE('',*,*,#2342,.F.);
#3371=ORIENTED_EDGE('',*,*,#2376,.F.);
#3372=ORIENTED_EDGE('',*,*,#2377,.F.);
#3373=ORIENTED_EDGE('',*,*,#2378,.T.);
#3374=ORIENTED_EDGE('',*,*,#2365,.F.);
#3375=ORIENTED_EDGE('',*,*,#2379,.F.);
#3376=ORIENTED_EDGE('',*,*,#2380,.F.);
#3377=ORIENTED_EDGE('',*,*,#2381,.F.);
#3378=ORIENTED_EDGE('',*,*,#2382,.F.);
#3379=ORIENTED_EDGE('',*,*,#2383,.F.);
#3380=ORIENTED_EDGE('',*,*,#2367,.F.);
#3381=ORIENTED_EDGE('',*,*,#2371,.F.);
#3382=ORIENTED_EDGE('',*,*,#2384,.F.);
#3383=ORIENTED_EDGE('',*,*,#2385,.F.);
#3384=ORIENTED_EDGE('',*,*,#2386,.F.);
#3385=ORIENTED_EDGE('',*,*,#2387,.T.);
#3386=ORIENTED_EDGE('',*,*,#2388,.T.);
#3387=ORIENTED_EDGE('',*,*,#2389,.T.);
#3388=ORIENTED_EDGE('',*,*,#2384,.T.);
#3389=ORIENTED_EDGE('',*,*,#2370,.T.);
#3390=ORIENTED_EDGE('',*,*,#2372,.T.);
#3391=ORIENTED_EDGE('',*,*,#2390,.T.);
#3392=ORIENTED_EDGE('',*,*,#2385,.T.);
#3393=ORIENTED_EDGE('',*,*,#2389,.F.);
#3394=ORIENTED_EDGE('',*,*,#2391,.T.);
#3395=ORIENTED_EDGE('',*,*,#2392,.F.);
#3396=ORIENTED_EDGE('',*,*,#2375,.T.);
#3397=ORIENTED_EDGE('',*,*,#2368,.F.);
#3398=ORIENTED_EDGE('',*,*,#2386,.T.);
#3399=ORIENTED_EDGE('',*,*,#2390,.F.);
#3400=ORIENTED_EDGE('',*,*,#2393,.T.);
#3401=ORIENTED_EDGE('',*,*,#2394,.T.);
#3402=ORIENTED_EDGE('',*,*,#2377,.T.);
#3403=ORIENTED_EDGE('',*,*,#2392,.T.);
#3404=ORIENTED_EDGE('',*,*,#2395,.T.);
#3405=ORIENTED_EDGE('',*,*,#2396,.T.);
#3406=ORIENTED_EDGE('',*,*,#2397,.T.);
#3407=ORIENTED_EDGE('',*,*,#2394,.F.);
#3408=ORIENTED_EDGE('',*,*,#2398,.T.);
#3409=ORIENTED_EDGE('',*,*,#2399,.T.);
#3410=ORIENTED_EDGE('',*,*,#2400,.T.);
#3411=ORIENTED_EDGE('',*,*,#2396,.F.);
#3412=ORIENTED_EDGE('',*,*,#2401,.T.);
#3413=ORIENTED_EDGE('',*,*,#2402,.T.);
#3414=ORIENTED_EDGE('',*,*,#2379,.T.);
#3415=ORIENTED_EDGE('',*,*,#2364,.T.);
#3416=ORIENTED_EDGE('',*,*,#2362,.T.);
#3417=ORIENTED_EDGE('',*,*,#2399,.F.);
#3418=ORIENTED_EDGE('',*,*,#2403,.T.);
#3419=ORIENTED_EDGE('',*,*,#2404,.T.);
#3420=ORIENTED_EDGE('',*,*,#2380,.T.);
#3421=ORIENTED_EDGE('',*,*,#2402,.F.);
#3422=ORIENTED_EDGE('',*,*,#2405,.T.);
#3423=ORIENTED_EDGE('',*,*,#2406,.T.);
#3424=ORIENTED_EDGE('',*,*,#2381,.T.);
#3425=ORIENTED_EDGE('',*,*,#2404,.F.);
#3426=ORIENTED_EDGE('',*,*,#2407,.T.);
#3427=ORIENTED_EDGE('',*,*,#2408,.T.);
#3428=ORIENTED_EDGE('',*,*,#2382,.T.);
#3429=ORIENTED_EDGE('',*,*,#2406,.F.);
#3430=ORIENTED_EDGE('',*,*,#2409,.T.);
#3431=ORIENTED_EDGE('',*,*,#2410,.T.);
#3432=ORIENTED_EDGE('',*,*,#2356,.T.);
#3433=ORIENTED_EDGE('',*,*,#2366,.F.);
#3434=ORIENTED_EDGE('',*,*,#2383,.T.);
#3435=ORIENTED_EDGE('',*,*,#2408,.F.);
#3436=ORIENTED_EDGE('',*,*,#2411,.T.);
#3437=ORIENTED_EDGE('',*,*,#2412,.T.);
#3438=ORIENTED_EDGE('',*,*,#2354,.T.);
#3439=ORIENTED_EDGE('',*,*,#2410,.F.);
#3440=ORIENTED_EDGE('',*,*,#2413,.T.);
#3441=ORIENTED_EDGE('',*,*,#2414,.T.);
#3442=ORIENTED_EDGE('',*,*,#2352,.T.);
#3443=ORIENTED_EDGE('',*,*,#2412,.F.);
#3444=ORIENTED_EDGE('',*,*,#2415,.T.);
#3445=ORIENTED_EDGE('',*,*,#2387,.F.);
#3446=ORIENTED_EDGE('',*,*,#2349,.T.);
#3447=ORIENTED_EDGE('',*,*,#2414,.F.);
#3448=ORIENTED_EDGE('',*,*,#2416,.T.);
#3449=ORIENTED_EDGE('',*,*,#2403,.F.);
#3450=ORIENTED_EDGE('',*,*,#2417,.T.);
#3451=ORIENTED_EDGE('',*,*,#2418,.F.);
#3452=ORIENTED_EDGE('',*,*,#2419,.F.);
#3453=ORIENTED_EDGE('',*,*,#2401,.F.);
#3454=ORIENTED_EDGE('',*,*,#2420,.T.);
#3455=ORIENTED_EDGE('',*,*,#2421,.F.);
#3456=ORIENTED_EDGE('',*,*,#2417,.F.);
#3457=ORIENTED_EDGE('',*,*,#2398,.F.);
#3458=ORIENTED_EDGE('',*,*,#2422,.T.);
#3459=ORIENTED_EDGE('',*,*,#2423,.F.);
#3460=ORIENTED_EDGE('',*,*,#2420,.F.);
#3461=ORIENTED_EDGE('',*,*,#2395,.F.);
#3462=ORIENTED_EDGE('',*,*,#2424,.T.);
#3463=ORIENTED_EDGE('',*,*,#2425,.F.);
#3464=ORIENTED_EDGE('',*,*,#2422,.F.);
#3465=ORIENTED_EDGE('',*,*,#2393,.F.);
#3466=ORIENTED_EDGE('',*,*,#2426,.F.);
#3467=ORIENTED_EDGE('',*,*,#2427,.F.);
#3468=ORIENTED_EDGE('',*,*,#2424,.F.);
#3469=ORIENTED_EDGE('',*,*,#2391,.F.);
#3470=ORIENTED_EDGE('',*,*,#2428,.T.);
#3471=ORIENTED_EDGE('',*,*,#2429,.F.);
#3472=ORIENTED_EDGE('',*,*,#2426,.T.);
#3473=ORIENTED_EDGE('',*,*,#2388,.F.);
#3474=ORIENTED_EDGE('',*,*,#2430,.T.);
#3475=ORIENTED_EDGE('',*,*,#2431,.F.);
#3476=ORIENTED_EDGE('',*,*,#2428,.F.);
#3477=ORIENTED_EDGE('',*,*,#2432,.T.);
#3478=ORIENTED_EDGE('',*,*,#2433,.T.);
#3479=ORIENTED_EDGE('',*,*,#2434,.T.);
#3480=ORIENTED_EDGE('',*,*,#2427,.T.);
#3481=ORIENTED_EDGE('',*,*,#2435,.T.);
#3482=ORIENTED_EDGE('',*,*,#2425,.T.);
#3483=ORIENTED_EDGE('',*,*,#2434,.F.);
#3484=ORIENTED_EDGE('',*,*,#2436,.T.);
#3485=ORIENTED_EDGE('',*,*,#2437,.T.);
#3486=ORIENTED_EDGE('',*,*,#2423,.T.);
#3487=ORIENTED_EDGE('',*,*,#2435,.F.);
#3488=ORIENTED_EDGE('',*,*,#2438,.T.);
#3489=ORIENTED_EDGE('',*,*,#2439,.T.);
#3490=ORIENTED_EDGE('',*,*,#2421,.T.);
#3491=ORIENTED_EDGE('',*,*,#2437,.F.);
#3492=ORIENTED_EDGE('',*,*,#2440,.T.);
#3493=ORIENTED_EDGE('',*,*,#2441,.T.);
#3494=ORIENTED_EDGE('',*,*,#2418,.T.);
#3495=ORIENTED_EDGE('',*,*,#2439,.F.);
#3496=ORIENTED_EDGE('',*,*,#2442,.T.);
#3497=ORIENTED_EDGE('',*,*,#2443,.T.);
#3498=ORIENTED_EDGE('',*,*,#2444,.T.);
#3499=ORIENTED_EDGE('',*,*,#2441,.F.);
#3500=ORIENTED_EDGE('',*,*,#2445,.T.);
#3501=ORIENTED_EDGE('',*,*,#2446,.T.);
#3502=ORIENTED_EDGE('',*,*,#2447,.T.);
#3503=ORIENTED_EDGE('',*,*,#2443,.F.);
#3504=ORIENTED_EDGE('',*,*,#2448,.T.);
#3505=ORIENTED_EDGE('',*,*,#2449,.T.);
#3506=ORIENTED_EDGE('',*,*,#2450,.T.);
#3507=ORIENTED_EDGE('',*,*,#2446,.F.);
#3508=ORIENTED_EDGE('',*,*,#2451,.T.);
#3509=ORIENTED_EDGE('',*,*,#2452,.T.);
#3510=ORIENTED_EDGE('',*,*,#2453,.T.);
#3511=ORIENTED_EDGE('',*,*,#2449,.F.);
#3512=ORIENTED_EDGE('',*,*,#2454,.T.);
#3513=ORIENTED_EDGE('',*,*,#2455,.T.);
#3514=ORIENTED_EDGE('',*,*,#2456,.T.);
#3515=ORIENTED_EDGE('',*,*,#2452,.F.);
#3516=ORIENTED_EDGE('',*,*,#2457,.T.);
#3517=ORIENTED_EDGE('',*,*,#2458,.T.);
#3518=ORIENTED_EDGE('',*,*,#2459,.T.);
#3519=ORIENTED_EDGE('',*,*,#2455,.F.);
#3520=ORIENTED_EDGE('',*,*,#2460,.T.);
#3521=ORIENTED_EDGE('',*,*,#2461,.T.);
#3522=ORIENTED_EDGE('',*,*,#2462,.T.);
#3523=ORIENTED_EDGE('',*,*,#2458,.F.);
#3524=ORIENTED_EDGE('',*,*,#2463,.T.);
#3525=ORIENTED_EDGE('',*,*,#2464,.T.);
#3526=ORIENTED_EDGE('',*,*,#2431,.T.);
#3527=ORIENTED_EDGE('',*,*,#2461,.F.);
#3528=ORIENTED_EDGE('',*,*,#2465,.T.);
#3529=ORIENTED_EDGE('',*,*,#2432,.F.);
#3530=ORIENTED_EDGE('',*,*,#2429,.T.);
#3531=ORIENTED_EDGE('',*,*,#2464,.F.);
#3532=ORIENTED_EDGE('',*,*,#2466,.T.);
#3533=ORIENTED_EDGE('',*,*,#2411,.F.);
#3534=ORIENTED_EDGE('',*,*,#2467,.F.);
#3535=ORIENTED_EDGE('',*,*,#2453,.F.);
#3536=ORIENTED_EDGE('',*,*,#2468,.F.);
#3537=ORIENTED_EDGE('',*,*,#2413,.F.);
#3538=ORIENTED_EDGE('',*,*,#2468,.T.);
#3539=ORIENTED_EDGE('',*,*,#2456,.F.);
#3540=ORIENTED_EDGE('',*,*,#2469,.F.);
#3541=ORIENTED_EDGE('',*,*,#2415,.F.);
#3542=ORIENTED_EDGE('',*,*,#2469,.T.);
#3543=ORIENTED_EDGE('',*,*,#2459,.F.);
#3544=ORIENTED_EDGE('',*,*,#2470,.F.);
#3545=ORIENTED_EDGE('',*,*,#2416,.F.);
#3546=ORIENTED_EDGE('',*,*,#2470,.T.);
#3547=ORIENTED_EDGE('',*,*,#2462,.F.);
#3548=ORIENTED_EDGE('',*,*,#2430,.F.);
#3549=ORIENTED_EDGE('',*,*,#2433,.F.);
#3550=ORIENTED_EDGE('',*,*,#2466,.F.);
#3551=ORIENTED_EDGE('',*,*,#2465,.F.);
#3552=ORIENTED_EDGE('',*,*,#2463,.F.);
#3553=ORIENTED_EDGE('',*,*,#2460,.F.);
#3554=ORIENTED_EDGE('',*,*,#2457,.F.);
#3555=ORIENTED_EDGE('',*,*,#2454,.F.);
#3556=ORIENTED_EDGE('',*,*,#2451,.F.);
#3557=ORIENTED_EDGE('',*,*,#2448,.F.);
#3558=ORIENTED_EDGE('',*,*,#2445,.F.);
#3559=ORIENTED_EDGE('',*,*,#2442,.F.);
#3560=ORIENTED_EDGE('',*,*,#2440,.F.);
#3561=ORIENTED_EDGE('',*,*,#2438,.F.);
#3562=ORIENTED_EDGE('',*,*,#2436,.F.);
#3563=ORIENTED_EDGE('',*,*,#2471,.F.);
#3564=ORIENTED_EDGE('',*,*,#2472,.F.);
#3565=ORIENTED_EDGE('',*,*,#2473,.F.);
#3566=ORIENTED_EDGE('',*,*,#2474,.F.);
#3567=ORIENTED_EDGE('',*,*,#2475,.F.);
#3568=ORIENTED_EDGE('',*,*,#2338,.F.);
#3569=ORIENTED_EDGE('',*,*,#2476,.T.);
#3570=ORIENTED_EDGE('',*,*,#2477,.T.);
#3571=ORIENTED_EDGE('',*,*,#2478,.T.);
#3572=ORIENTED_EDGE('',*,*,#2479,.T.);
#3573=ORIENTED_EDGE('',*,*,#2263,.T.);
#3574=ORIENTED_EDGE('',*,*,#2297,.F.);
#3575=ORIENTED_EDGE('',*,*,#2318,.F.);
#3576=ORIENTED_EDGE('',*,*,#2321,.F.);
#3577=ORIENTED_EDGE('',*,*,#2324,.F.);
#3578=ORIENTED_EDGE('',*,*,#2327,.F.);
#3579=ORIENTED_EDGE('',*,*,#2330,.F.);
#3580=ORIENTED_EDGE('',*,*,#2333,.F.);
#3581=ORIENTED_EDGE('',*,*,#2405,.F.);
#3582=ORIENTED_EDGE('',*,*,#2419,.T.);
#3583=ORIENTED_EDGE('',*,*,#2444,.F.);
#3584=ORIENTED_EDGE('',*,*,#2480,.T.);
#3585=ORIENTED_EDGE('',*,*,#2409,.F.);
#3586=ORIENTED_EDGE('',*,*,#2481,.T.);
#3587=ORIENTED_EDGE('',*,*,#2450,.F.);
#3588=ORIENTED_EDGE('',*,*,#2467,.T.);
#3589=ORIENTED_EDGE('',*,*,#2407,.F.);
#3590=ORIENTED_EDGE('',*,*,#2480,.F.);
#3591=ORIENTED_EDGE('',*,*,#2447,.F.);
#3592=ORIENTED_EDGE('',*,*,#2481,.F.);
#3593=ORIENTED_EDGE('',*,*,#2222,.F.);
#3594=ORIENTED_EDGE('',*,*,#2482,.T.);
#3595=ORIENTED_EDGE('',*,*,#2472,.T.);
#3596=ORIENTED_EDGE('',*,*,#2483,.F.);
#3597=ORIENTED_EDGE('',*,*,#2226,.F.);
#3598=ORIENTED_EDGE('',*,*,#2484,.T.);
#3599=ORIENTED_EDGE('',*,*,#2473,.T.);
#3600=ORIENTED_EDGE('',*,*,#2482,.F.);
#3601=ORIENTED_EDGE('',*,*,#2225,.F.);
#3602=ORIENTED_EDGE('',*,*,#2485,.T.);
#3603=ORIENTED_EDGE('',*,*,#2474,.T.);
#3604=ORIENTED_EDGE('',*,*,#2484,.F.);
#3605=ORIENTED_EDGE('',*,*,#2224,.F.);
#3606=ORIENTED_EDGE('',*,*,#2486,.T.);
#3607=ORIENTED_EDGE('',*,*,#2475,.T.);
#3608=ORIENTED_EDGE('',*,*,#2485,.F.);
#3609=ORIENTED_EDGE('',*,*,#2223,.F.);
#3610=ORIENTED_EDGE('',*,*,#2483,.T.);
#3611=ORIENTED_EDGE('',*,*,#2471,.T.);
#3612=ORIENTED_EDGE('',*,*,#2486,.F.);
#3613=ORIENTED_EDGE('',*,*,#2247,.F.);
#3614=ORIENTED_EDGE('',*,*,#2487,.F.);
#3615=ORIENTED_EDGE('',*,*,#2336,.F.);
#3616=ORIENTED_EDGE('',*,*,#2488,.T.);
#3617=ORIENTED_EDGE('',*,*,#2244,.F.);
#3618=ORIENTED_EDGE('',*,*,#2488,.F.);
#3619=ORIENTED_EDGE('',*,*,#2341,.F.);
#3620=ORIENTED_EDGE('',*,*,#2489,.T.);
#3621=ORIENTED_EDGE('',*,*,#2241,.F.);
#3622=ORIENTED_EDGE('',*,*,#2489,.F.);
#3623=ORIENTED_EDGE('',*,*,#2344,.F.);
#3624=ORIENTED_EDGE('',*,*,#2490,.T.);
#3625=ORIENTED_EDGE('',*,*,#2238,.F.);
#3626=ORIENTED_EDGE('',*,*,#2490,.F.);
#3627=ORIENTED_EDGE('',*,*,#2346,.F.);
#3628=ORIENTED_EDGE('',*,*,#2290,.T.);
#3629=ORIENTED_EDGE('',*,*,#2479,.F.);
#3630=ORIENTED_EDGE('',*,*,#2491,.T.);
#3631=ORIENTED_EDGE('',*,*,#2251,.T.);
#3632=ORIENTED_EDGE('',*,*,#2264,.F.);
#3633=ORIENTED_EDGE('',*,*,#2478,.F.);
#3634=ORIENTED_EDGE('',*,*,#2492,.T.);
#3635=ORIENTED_EDGE('',*,*,#2252,.T.);
#3636=ORIENTED_EDGE('',*,*,#2491,.F.);
#3637=ORIENTED_EDGE('',*,*,#2477,.F.);
#3638=ORIENTED_EDGE('',*,*,#2493,.T.);
#3639=ORIENTED_EDGE('',*,*,#2253,.T.);
#3640=ORIENTED_EDGE('',*,*,#2492,.F.);
#3641=ORIENTED_EDGE('',*,*,#2337,.F.);
#3642=ORIENTED_EDGE('',*,*,#2487,.T.);
#3643=ORIENTED_EDGE('',*,*,#2246,.F.);
#3644=ORIENTED_EDGE('',*,*,#2249,.T.);
#3645=ORIENTED_EDGE('',*,*,#2493,.F.);
#3646=ORIENTED_EDGE('',*,*,#2476,.F.);
#3647=ORIENTED_EDGE('',*,*,#2347,.F.);
#3648=ORIENTED_EDGE('',*,*,#2494,.F.);
#3649=ORIENTED_EDGE('',*,*,#2400,.F.);
#3650=ORIENTED_EDGE('',*,*,#2361,.T.);
#3651=ORIENTED_EDGE('',*,*,#2345,.F.);
#3652=ORIENTED_EDGE('',*,*,#2378,.F.);
#3653=ORIENTED_EDGE('',*,*,#2397,.F.);
#3654=ORIENTED_EDGE('',*,*,#2494,.T.);
#3655=TOROIDAL_SURFACE('',#4022,34.9336446696881,1.05);
#3656=TOROIDAL_SURFACE('',#4029,34.9336446696881,1.05);
#3657=TOROIDAL_SURFACE('',#4035,11.9849242404918,1.05);
#3658=TOROIDAL_SURFACE('',#4041,38.7599242404918,1.05);
#3659=TOROIDAL_SURFACE('',#4045,1.66507575950824,1.05);
#3660=TOROIDAL_SURFACE('',#4049,42.0900757595082,1.05);
#3661=TOROIDAL_SURFACE('',#4055,4.81507575950823,1.05);
#3662=TOROIDAL_SURFACE('',#4061,11.9849242404918,1.05);
#3663=TOROIDAL_SURFACE('',#4083,7.35,1.05);
#3664=TOROIDAL_SURFACE('',#4088,44.625,1.05);
#3665=TOROIDAL_SURFACE('',#4091,4.2,1.05);
#3666=TOROIDAL_SURFACE('',#4095,36.225,1.05);
#3667=TOROIDAL_SURFACE('',#4101,9.45,1.05);
#3668=TOROIDAL_SURFACE('',#4107,37.4685689101798,1.05);
#3669=TOROIDAL_SURFACE('',#4113,37.4685689101798,1.05);
#3670=TOROIDAL_SURFACE('',#4118,9.45,1.05);
#3671=TOROIDAL_SURFACE('',#4137,37.4685689101798,1.05);
#3672=TOROIDAL_SURFACE('',#4143,9.45,1.05);
#3673=TOROIDAL_SURFACE('',#4149,36.225,1.05);
#3674=TOROIDAL_SURFACE('',#4152,4.2,1.05);
#3675=TOROIDAL_SURFACE('',#4155,44.625,1.05);
#3676=TOROIDAL_SURFACE('',#4160,7.35,1.05);
#3677=TOROIDAL_SURFACE('',#4165,9.45,1.05);
#3678=TOROIDAL_SURFACE('',#4171,37.4685689101798,1.05);
#3679=TOROIDAL_SURFACE('',#4191,29.0685689101812,1.05);
#3680=TOROIDAL_SURFACE('',#4197,29.06856891018,1.05);
#3681=TOROIDAL_SURFACE('',#4213,29.06856891018,1.05);
#3682=TOROIDAL_SURFACE('',#4219,29.0685689101812,1.05);
#3683=TOROIDAL_SURFACE('',#4232,31.6034931506729,1.05);
#3684=TOROIDAL_SURFACE('',#4236,31.6034931506718,1.05);
#3685=TOROIDAL_SURFACE('',#4241,4.81507575950823,1.05);
#3686=TOROIDAL_SURFACE('',#4247,42.0900757595082,1.05);
#3687=TOROIDAL_SURFACE('',#4251,1.66507575950824,1.05);
#3688=TOROIDAL_SURFACE('',#4255,38.7599242404918,1.05);
#3689=TOROIDAL_SURFACE('',#4261,11.9849242404918,1.05);
#3690=TOROIDAL_SURFACE('',#4267,34.9336446696881,1.05);
#3691=TOROIDAL_SURFACE('',#4273,34.9336446696881,1.05);
#3692=TOROIDAL_SURFACE('',#4278,11.9849242404918,1.05);
#3693=TOROIDAL_SURFACE('',#4289,31.6034931506718,1.05);
#3694=TOROIDAL_SURFACE('',#4293,31.6034931506729,1.05);
#3695=TOROIDAL_SURFACE('',#4317,28.1843513430286,1.5);
#3696=TOROIDAL_SURFACE('',#4323,28.1843513430297,1.5);
#3697=TOROIDAL_SURFACE('',#4338,8.,1.5);
#3698=TOROIDAL_SURFACE('',#4344,32.1843513430284,1.5);
#3699=TOROIDAL_SURFACE('',#4350,32.1843513430284,1.5);
#3700=TOROIDAL_SURFACE('',#4368,31.1843513430296,1.5);
#3701=TOROIDAL_SURFACE('',#4373,31.1843513430286,1.5);
#3702=TOROIDAL_SURFACE('',#4383,5.,1.5);
#3703=TOROIDAL_SURFACE('',#4389,13.,1.5);
#3704=TOROIDAL_SURFACE('',#4404,28.1843513430286,1.5);
#3705=TOROIDAL_SURFACE('',#4409,28.1843513430297,1.5);
#3706=TOROIDAL_SURFACE('',#4418,12.,1.5);
#3707=TOROIDAL_SURFACE('',#4422,42.,1.5);
#3708=TOROIDAL_SURFACE('',#4426,3.5,1.5);
#3709=TOROIDAL_SURFACE('',#4430,35.,1.5);
#3710=TOROIDAL_SURFACE('',#4436,16.,1.5);
#3711=TOROIDAL_SURFACE('',#4443,35.1843513430284,1.5);
#3712=TOROIDAL_SURFACE('',#4449,35.1843513430284,1.5);
#3713=TOROIDAL_SURFACE('',#4464,12.,1.5);
#3714=TOROIDAL_SURFACE('',#4468,13.,1.5);
#3715=TOROIDAL_SURFACE('',#4471,16.,1.5);
#3716=TOROIDAL_SURFACE('',#4489,13.,1.5);
#3717=TOROIDAL_SURFACE('',#4494,35.1843513430284,1.5);
#3718=TOROIDAL_SURFACE('',#4499,35.1843513430284,1.5);
#3719=TOROIDAL_SURFACE('',#4505,5.,1.5);
#3720=TOROIDAL_SURFACE('',#4510,16.,1.5);
#3721=TOROIDAL_SURFACE('',#4515,42.,1.5);
#3722=TOROIDAL_SURFACE('',#4518,3.50000000000003,1.5);
#3723=TOROIDAL_SURFACE('',#4521,34.9999999999999,1.5);
#3724=TOROIDAL_SURFACE('',#4536,32.1843513430284,1.5);
#3725=TOROIDAL_SURFACE('',#4541,32.1843513430284,1.5);
#3726=TOROIDAL_SURFACE('',#4546,8.,1.5);
#3727=TOROIDAL_SURFACE('',#4552,13.,1.5);
#3728=TOROIDAL_SURFACE('',#4558,39.,1.5);
#3729=TOROIDAL_SURFACE('',#4565,37.9999999999999,1.5);
#3730=TOROIDAL_SURFACE('',#4571,16.,1.5);
#3731=ADVANCED_FACE('',(#757),#3655,.T.);
#3732=ADVANCED_FACE('',(#758),#652,.T.);
#3733=ADVANCED_FACE('',(#759),#3656,.T.);
#3734=ADVANCED_FACE('',(#760),#653,.T.);
#3735=ADVANCED_FACE('',(#761),#3657,.T.);
#3736=ADVANCED_FACE('',(#762),#654,.T.);
#3737=ADVANCED_FACE('',(#763),#3658,.T.);
#3738=ADVANCED_FACE('',(#764),#3659,.T.);
#3739=ADVANCED_FACE('',(#765),#3660,.T.);
#3740=ADVANCED_FACE('',(#766),#655,.T.);
#3741=ADVANCED_FACE('',(#767),#3661,.T.);
#3742=ADVANCED_FACE('',(#768),#656,.T.);
#3743=ADVANCED_FACE('',(#769),#3662,.T.);
#3744=ADVANCED_FACE('',(#770),#657,.T.);
#3745=ADVANCED_FACE('',(#771),#110,.T.);
#3746=ADVANCED_FACE('',(#772),#48,.T.);
#3747=ADVANCED_FACE('',(#773),#111,.T.);
#3748=ADVANCED_FACE('',(#774),#49,.T.);
#3749=ADVANCED_FACE('',(#775),#112,.F.);
#3750=ADVANCED_FACE('',(#776),#50,.T.);
#3751=ADVANCED_FACE('',(#777),#113,.T.);
#3752=ADVANCED_FACE('',(#778,#43),#51,.T.);
#3753=ADVANCED_FACE('',(#779),#658,.T.);
#3754=ADVANCED_FACE('',(#780),#3663,.T.);
#3755=ADVANCED_FACE('',(#781),#659,.T.);
#3756=ADVANCED_FACE('',(#782),#3664,.T.);
#3757=ADVANCED_FACE('',(#783),#3665,.T.);
#3758=ADVANCED_FACE('',(#784),#3666,.T.);
#3759=ADVANCED_FACE('',(#785),#660,.T.);
#3760=ADVANCED_FACE('',(#786),#3667,.T.);
#3761=ADVANCED_FACE('',(#787),#661,.T.);
#3762=ADVANCED_FACE('',(#788),#3668,.T.);
#3763=ADVANCED_FACE('',(#789),#662,.T.);
#3764=ADVANCED_FACE('',(#790),#3669,.T.);
#3765=ADVANCED_FACE('',(#791),#663,.T.);
#3766=ADVANCED_FACE('',(#792),#3670,.T.);
#3767=ADVANCED_FACE('',(#793),#52,.T.);
#3768=ADVANCED_FACE('',(#794),#114,.T.);
#3769=ADVANCED_FACE('',(#795),#53,.T.);
#3770=ADVANCED_FACE('',(#796),#54,.T.);
#3771=ADVANCED_FACE('',(#797),#664,.F.);
#3772=ADVANCED_FACE('',(#798),#665,.T.);
#3773=ADVANCED_FACE('',(#799),#666,.T.);
#3774=ADVANCED_FACE('',(#800),#55,.T.);
#3775=ADVANCED_FACE('',(#801),#667,.T.);
#3776=ADVANCED_FACE('',(#802),#56,.T.);
#3777=ADVANCED_FACE('',(#803),#668,.T.);
#3778=ADVANCED_FACE('',(#804),#3671,.T.);
#3779=ADVANCED_FACE('',(#805),#669,.T.);
#3780=ADVANCED_FACE('',(#806),#3672,.T.);
#3781=ADVANCED_FACE('',(#807),#670,.T.);
#3782=ADVANCED_FACE('',(#808),#3673,.T.);
#3783=ADVANCED_FACE('',(#809),#3674,.T.);
#3784=ADVANCED_FACE('',(#810),#3675,.T.);
#3785=ADVANCED_FACE('',(#811),#671,.T.);
#3786=ADVANCED_FACE('',(#812),#3676,.T.);
#3787=ADVANCED_FACE('',(#813),#672,.T.);
#3788=ADVANCED_FACE('',(#814),#3677,.T.);
#3789=ADVANCED_FACE('',(#815),#673,.T.);
#3790=ADVANCED_FACE('',(#816),#3678,.T.);
#3791=ADVANCED_FACE('',(#817),#57,.T.);
#3792=ADVANCED_FACE('',(#818),#115,.T.);
#3793=ADVANCED_FACE('',(#819),#58,.T.);
#3794=ADVANCED_FACE('',(#820),#116,.F.);
#3795=ADVANCED_FACE('',(#821),#59,.T.);
#3796=ADVANCED_FACE('',(#822),#117,.T.);
#3797=ADVANCED_FACE('',(#823),#60,.T.);
#3798=ADVANCED_FACE('',(#824),#674,.F.);
#3799=ADVANCED_FACE('',(#825),#61,.T.);
#3800=ADVANCED_FACE('',(#826),#675,.T.);
#3801=ADVANCED_FACE('',(#827),#62,.T.);
#3802=ADVANCED_FACE('',(#828),#676,.T.);
#3803=ADVANCED_FACE('',(#829),#3679,.T.);
#3804=ADVANCED_FACE('',(#830),#677,.T.);
#3805=ADVANCED_FACE('',(#831),#3680,.T.);
#3806=ADVANCED_FACE('',(#832),#678,.T.);
#3807=ADVANCED_FACE('',(#833),#118,.F.);
#3808=ADVANCED_FACE('',(#834),#63,.T.);
#3809=ADVANCED_FACE('',(#835),#64,.T.);
#3810=ADVANCED_FACE('',(#836),#65,.T.);
#3811=ADVANCED_FACE('',(#837),#679,.F.);
#3812=ADVANCED_FACE('',(#838),#66,.T.);
#3813=ADVANCED_FACE('',(#839),#680,.T.);
#3814=ADVANCED_FACE('',(#840),#3681,.T.);
#3815=ADVANCED_FACE('',(#841),#681,.T.);
#3816=ADVANCED_FACE('',(#842),#3682,.T.);
#3817=ADVANCED_FACE('',(#843),#682,.T.);
#3818=ADVANCED_FACE('',(#844),#119,.F.);
#3819=ADVANCED_FACE('',(#845),#67,.T.);
#3820=ADVANCED_FACE('',(#846),#68,.T.);
#3821=ADVANCED_FACE('',(#847),#683,.F.);
#3822=ADVANCED_FACE('',(#848),#69,.T.);
#3823=ADVANCED_FACE('',(#849),#684,.T.);
#3824=ADVANCED_FACE('',(#850),#3683,.T.);
#3825=ADVANCED_FACE('',(#851),#685,.T.);
#3826=ADVANCED_FACE('',(#852),#3684,.T.);
#3827=ADVANCED_FACE('',(#853),#686,.T.);
#3828=ADVANCED_FACE('',(#854),#120,.F.);
#3829=ADVANCED_FACE('',(#855),#3685,.T.);
#3830=ADVANCED_FACE('',(#856),#687,.T.);
#3831=ADVANCED_FACE('',(#857),#3686,.T.);
#3832=ADVANCED_FACE('',(#858),#3687,.T.);
#3833=ADVANCED_FACE('',(#859),#3688,.T.);
#3834=ADVANCED_FACE('',(#860),#688,.T.);
#3835=ADVANCED_FACE('',(#861),#3689,.T.);
#3836=ADVANCED_FACE('',(#862),#689,.T.);
#3837=ADVANCED_FACE('',(#863),#3690,.T.);
#3838=ADVANCED_FACE('',(#864),#690,.T.);
#3839=ADVANCED_FACE('',(#865),#3691,.T.);
#3840=ADVANCED_FACE('',(#866),#691,.T.);
#3841=ADVANCED_FACE('',(#867),#3692,.T.);
#3842=ADVANCED_FACE('',(#868),#692,.T.);
#3843=ADVANCED_FACE('',(#869),#121,.T.);
#3844=ADVANCED_FACE('',(#870,#44),#70,.F.);
#3845=ADVANCED_FACE('',(#871),#693,.T.);
#3846=ADVANCED_FACE('',(#872),#3693,.T.);
#3847=ADVANCED_FACE('',(#873),#694,.T.);
#3848=ADVANCED_FACE('',(#874),#3694,.T.);
#3849=ADVANCED_FACE('',(#875),#695,.T.);
#3850=ADVANCED_FACE('',(#876),#122,.F.);
#3851=ADVANCED_FACE('',(#877),#123,.T.);
#3852=ADVANCED_FACE('',(#878),#124,.T.);
#3853=ADVANCED_FACE('',(#879),#125,.F.);
#3854=ADVANCED_FACE('',(#880),#71,.T.);
#3855=ADVANCED_FACE('',(#881),#126,.F.);
#3856=ADVANCED_FACE('',(#882),#72,.T.);
#3857=ADVANCED_FACE('',(#883),#696,.T.);
#3858=ADVANCED_FACE('',(#884),#73,.T.);
#3859=ADVANCED_FACE('',(#885),#74,.T.);
#3860=ADVANCED_FACE('',(#886),#75,.T.);
#3861=ADVANCED_FACE('',(#887),#127,.T.);
#3862=ADVANCED_FACE('',(#888),#128,.F.);
#3863=ADVANCED_FACE('',(#889),#76,.T.);
#3864=ADVANCED_FACE('',(#890),#129,.F.);
#3865=ADVANCED_FACE('',(#891),#697,.F.);
#3866=ADVANCED_FACE('',(#892),#698,.T.);
#3867=ADVANCED_FACE('',(#893),#3695,.T.);
#3868=ADVANCED_FACE('',(#894),#699,.T.);
#3869=ADVANCED_FACE('',(#895),#3696,.T.);
#3870=ADVANCED_FACE('',(#896),#700,.T.);
#3871=ADVANCED_FACE('',(#897),#701,.F.);
#3872=ADVANCED_FACE('',(#898),#77,.T.);
#3873=ADVANCED_FACE('',(#899),#78,.T.);
#3874=ADVANCED_FACE('',(#900,#45),#79,.F.);
#3875=ADVANCED_FACE('',(#901),#702,.F.);
#3876=ADVANCED_FACE('',(#902),#3697,.F.);
#3877=ADVANCED_FACE('',(#903),#703,.F.);
#3878=ADVANCED_FACE('',(#904),#3698,.F.);
#3879=ADVANCED_FACE('',(#905),#704,.F.);
#3880=ADVANCED_FACE('',(#906),#3699,.F.);
#3881=ADVANCED_FACE('',(#907),#705,.F.);
#3882=ADVANCED_FACE('',(#908,#46),#80,.T.);
#3883=ADVANCED_FACE('',(#909),#81,.F.);
#3884=ADVANCED_FACE('',(#910),#82,.F.);
#3885=ADVANCED_FACE('',(#911),#706,.F.);
#3886=ADVANCED_FACE('',(#912),#3700,.F.);
#3887=ADVANCED_FACE('',(#913),#707,.F.);
#3888=ADVANCED_FACE('',(#914),#3701,.F.);
#3889=ADVANCED_FACE('',(#915),#708,.F.);
#3890=ADVANCED_FACE('',(#916),#709,.T.);
#3891=ADVANCED_FACE('',(#917),#83,.F.);
#3892=ADVANCED_FACE('',(#918),#84,.F.);
#3893=ADVANCED_FACE('',(#919),#710,.T.);
#3894=ADVANCED_FACE('',(#920),#3702,.T.);
#3895=ADVANCED_FACE('',(#921),#85,.F.);
#3896=ADVANCED_FACE('',(#922),#711,.T.);
#3897=ADVANCED_FACE('',(#923),#3703,.T.);
#3898=ADVANCED_FACE('',(#924),#86,.T.);
#3899=ADVANCED_FACE('',(#925),#87,.F.);
#3900=ADVANCED_FACE('',(#926),#712,.T.);
#3901=ADVANCED_FACE('',(#927),#713,.T.);
#3902=ADVANCED_FACE('',(#928),#3704,.T.);
#3903=ADVANCED_FACE('',(#929),#714,.T.);
#3904=ADVANCED_FACE('',(#930),#3705,.T.);
#3905=ADVANCED_FACE('',(#931),#715,.T.);
#3906=ADVANCED_FACE('',(#932),#88,.T.);
#3907=ADVANCED_FACE('',(#933),#716,.F.);
#3908=ADVANCED_FACE('',(#934),#717,.T.);
#3909=ADVANCED_FACE('',(#935),#3706,.T.);
#3910=ADVANCED_FACE('',(#936),#718,.T.);
#3911=ADVANCED_FACE('',(#937),#3707,.T.);
#3912=ADVANCED_FACE('',(#938),#3708,.T.);
#3913=ADVANCED_FACE('',(#939),#3709,.T.);
#3914=ADVANCED_FACE('',(#940),#719,.T.);
#3915=ADVANCED_FACE('',(#941),#3710,.T.);
#3916=ADVANCED_FACE('',(#942),#720,.T.);
#3917=ADVANCED_FACE('',(#943),#3711,.T.);
#3918=ADVANCED_FACE('',(#944),#721,.T.);
#3919=ADVANCED_FACE('',(#945),#3712,.T.);
#3920=ADVANCED_FACE('',(#946),#722,.F.);
#3921=ADVANCED_FACE('',(#947),#723,.T.);
#3922=ADVANCED_FACE('',(#948),#724,.T.);
#3923=ADVANCED_FACE('',(#949),#89,.T.);
#3924=ADVANCED_FACE('',(#950),#725,.T.);
#3925=ADVANCED_FACE('',(#951),#726,.F.);
#3926=ADVANCED_FACE('',(#952),#90,.T.);
#3927=ADVANCED_FACE('',(#953),#3713,.T.);
#3928=ADVANCED_FACE('',(#954),#3714,.T.);
#3929=ADVANCED_FACE('',(#955),#3715,.T.);
#3930=ADVANCED_FACE('',(#956),#91,.T.);
#3931=ADVANCED_FACE('',(#957),#727,.F.);
#3932=ADVANCED_FACE('',(#958),#92,.T.);
#3933=ADVANCED_FACE('',(#959),#728,.T.);
#3934=ADVANCED_FACE('',(#960),#93,.F.);
#3935=ADVANCED_FACE('',(#961),#94,.F.);
#3936=ADVANCED_FACE('',(#962),#729,.T.);
#3937=ADVANCED_FACE('',(#963),#3716,.T.);
#3938=ADVANCED_FACE('',(#964),#730,.T.);
#3939=ADVANCED_FACE('',(#965),#3717,.T.);
#3940=ADVANCED_FACE('',(#966),#731,.T.);
#3941=ADVANCED_FACE('',(#967),#3718,.T.);
#3942=ADVANCED_FACE('',(#968),#732,.T.);
#3943=ADVANCED_FACE('',(#969),#3719,.T.);
#3944=ADVANCED_FACE('',(#970),#733,.T.);
#3945=ADVANCED_FACE('',(#971),#3720,.T.);
#3946=ADVANCED_FACE('',(#972),#734,.T.);
#3947=ADVANCED_FACE('',(#973),#3721,.T.);
#3948=ADVANCED_FACE('',(#974),#3722,.T.);
#3949=ADVANCED_FACE('',(#975),#3723,.T.);
#3950=ADVANCED_FACE('',(#976),#95,.F.);
#3951=ADVANCED_FACE('',(#977),#735,.F.);
#3952=ADVANCED_FACE('',(#978),#96,.F.);
#3953=ADVANCED_FACE('',(#979),#736,.F.);
#3954=ADVANCED_FACE('',(#980),#97,.F.);
#3955=ADVANCED_FACE('',(#981),#737,.T.);
#3956=ADVANCED_FACE('',(#982),#98,.F.);
#3957=ADVANCED_FACE('',(#983),#738,.F.);
#3958=ADVANCED_FACE('',(#984),#3724,.F.);
#3959=ADVANCED_FACE('',(#985),#739,.F.);
#3960=ADVANCED_FACE('',(#986),#3725,.F.);
#3961=ADVANCED_FACE('',(#987),#740,.F.);
#3962=ADVANCED_FACE('',(#988),#3726,.F.);
#3963=ADVANCED_FACE('',(#989),#741,.F.);
#3964=ADVANCED_FACE('',(#990),#3727,.F.);
#3965=ADVANCED_FACE('',(#991),#742,.F.);
#3966=ADVANCED_FACE('',(#992),#3728,.F.);
#3967=ADVANCED_FACE('',(#993),#19,.T.);
#3968=ADVANCED_FACE('',(#994),#3729,.F.);
#3969=ADVANCED_FACE('',(#995),#743,.F.);
#3970=ADVANCED_FACE('',(#996),#3730,.F.);
#3971=ADVANCED_FACE('',(#997),#99,.F.);
#3972=ADVANCED_FACE('',(#998),#744,.F.);
#3973=ADVANCED_FACE('',(#999),#745,.F.);
#3974=ADVANCED_FACE('',(#1000),#746,.T.);
#3975=ADVANCED_FACE('',(#1001,#47),#100,.T.);
#3976=ADVANCED_FACE('',(#1002),#101,.T.);
#3977=ADVANCED_FACE('',(#1003),#747,.T.);
#3978=ADVANCED_FACE('',(#1004),#748,.F.);
#3979=ADVANCED_FACE('',(#1005),#102,.F.);
#3980=ADVANCED_FACE('',(#1006),#749,.T.);
#3981=ADVANCED_FACE('',(#1007),#103,.F.);
#3982=ADVANCED_FACE('',(#1008),#750,.T.);
#3983=ADVANCED_FACE('',(#1009),#104,.F.);
#3984=ADVANCED_FACE('',(#1010),#105,.F.);
#3985=ADVANCED_FACE('',(#1011),#106,.F.);
#3986=ADVANCED_FACE('',(#1012),#751,.F.);
#3987=ADVANCED_FACE('',(#1013),#107,.F.);
#3988=ADVANCED_FACE('',(#1014),#752,.F.);
#3989=ADVANCED_FACE('',(#1015),#753,.F.);
#3990=ADVANCED_FACE('',(#1016),#754,.F.);
#3991=ADVANCED_FACE('',(#1017),#755,.T.);
#3992=ADVANCED_FACE('',(#1018),#108,.F.);
#3993=ADVANCED_FACE('',(#1019),#756,.T.);
#3994=ADVANCED_FACE('',(#1020),#109,.T.);
#3995=CLOSED_SHELL('',(#3731,#3732,#3733,#3734,#3735,#3736,#3737,#3738,
#3739,#3740,#3741,#3742,#3743,#3744,#3745,#3746,#3747,#3748,#3749,#3750,
#3751,#3752,#3753,#3754,#3755,#3756,#3757,#3758,#3759,#3760,#3761,#3762,
#3763,#3764,#3765,#3766,#3767,#3768,#3769,#3770,#3771,#3772,#3773,#3774,
#3775,#3776,#3777,#3778,#3779,#3780,#3781,#3782,#3783,#3784,#3785,#3786,
#3787,#3788,#3789,#3790,#3791,#3792,#3793,#3794,#3795,#3796,#3797,#3798,
#3799,#3800,#3801,#3802,#3803,#3804,#3805,#3806,#3807,#3808,#3809,#3810,
#3811,#3812,#3813,#3814,#3815,#3816,#3817,#3818,#3819,#3820,#3821,#3822,
#3823,#3824,#3825,#3826,#3827,#3828,#3829,#3830,#3831,#3832,#3833,#3834,
#3835,#3836,#3837,#3838,#3839,#3840,#3841,#3842,#3843,#3844,#3845,#3846,
#3847,#3848,#3849,#3850,#3851,#3852,#3853,#3854,#3855,#3856,#3857,#3858,
#3859,#3860,#3861,#3862,#3863,#3864,#3865));
#3996=CLOSED_SHELL('',(#3866,#3867,#3868,#3869,#3870,#3871,#3872,#3873,
#3874,#3875,#3876,#3877,#3878,#3879,#3880,#3881,#3882,#3883,#3884,#3885,
#3886,#3887,#3888,#3889,#3890,#3891,#3892,#3893,#3894,#3895,#3896,#3897,
#3898,#3899,#3900,#3901,#3902,#3903,#3904,#3905,#3906,#3907,#3908,#3909,
#3910,#3911,#3912,#3913,#3914,#3915,#3916,#3917,#3918,#3919,#3920,#3921,
#3922,#3923,#3924,#3925,#3926,#3927,#3928,#3929,#3930,#3931,#3932,#3933,
#3934,#3935,#3936,#3937,#3938,#3939,#3940,#3941,#3942,#3943,#3944,#3945,
#3946,#3947,#3948,#3949,#3950,#3951,#3952,#3953,#3954,#3955,#3956,#3957,
#3958,#3959,#3960,#3961,#3962,#3963,#3964,#3965,#3966,#3967,#3968,#3969,
#3970,#3971,#3972,#3973,#3974,#3975,#3976,#3977,#3978,#3979,#3980,#3981,
#3982,#3983,#3984,#3985,#3986,#3987,#3988,#3989,#3990,#3991,#3992,#3993,
#3994));
#3997=DERIVED_UNIT_ELEMENT(#4001,1.);
#3998=DERIVED_UNIT_ELEMENT(#7237,-3.);
#3999=DERIVED_UNIT_ELEMENT(#4001,1.);
#4000=DERIVED_UNIT_ELEMENT(#7237,-3.);
#4001=(
MASS_UNIT()
NAMED_UNIT(*)
SI_UNIT(.KILO.,.GRAM.)
);
#4002=DERIVED_UNIT((#3997,#3998));
#4003=DERIVED_UNIT((#3999,#4000));
#4004=MEASURE_REPRESENTATION_ITEM('density measure',
POSITIVE_RATIO_MEASURE(7850.),#4002);
#4005=MEASURE_REPRESENTATION_ITEM('density measure',
POSITIVE_RATIO_MEASURE(7850.),#4003);
#4006=PROPERTY_DEFINITION_REPRESENTATION(#4016,#4010);
#4007=PROPERTY_DEFINITION_REPRESENTATION(#4017,#4011);
#4008=PROPERTY_DEFINITION_REPRESENTATION(#4018,#4012);
#4009=PROPERTY_DEFINITION_REPRESENTATION(#4019,#4013);
#4010=REPRESENTATION('material name',(#4014),#7233);
#4011=REPRESENTATION('density',(#4004),#7233);
#4012=REPRESENTATION('material name',(#4015),#7234);
#4013=REPRESENTATION('density',(#4005),#7234);
#4014=DESCRIPTIVE_REPRESENTATION_ITEM('Steel','Steel');
#4015=DESCRIPTIVE_REPRESENTATION_ITEM('Steel','Steel');
#4016=PROPERTY_DEFINITION('material property','material name',#7253);
#4017=PROPERTY_DEFINITION('material property','density of part',#7253);
#4018=PROPERTY_DEFINITION('material property','material name',#7254);
#4019=PROPERTY_DEFINITION('material property','density of part',#7254);
#4020=AXIS2_PLACEMENT_3D('',#6033,#4604,#4605);
#4021=AXIS2_PLACEMENT_3D('',#6034,#4606,#4607);
#4022=AXIS2_PLACEMENT_3D('',#6035,#4608,#4609);
#4023=AXIS2_PLACEMENT_3D('',#6038,#4610,#4611);
#4024=AXIS2_PLACEMENT_3D('',#6040,#4612,#4613);
#4025=AXIS2_PLACEMENT_3D('',#6042,#4614,#4615);
#4026=AXIS2_PLACEMENT_3D('',#6043,#4616,#4617);
#4027=AXIS2_PLACEMENT_3D('',#6044,#4618,#4619);
#4028=AXIS2_PLACEMENT_3D('',#6047,#4620,#4621);
#4029=AXIS2_PLACEMENT_3D('',#6050,#4624,#4625);
#4030=AXIS2_PLACEMENT_3D('',#6053,#4626,#4627);
#4031=AXIS2_PLACEMENT_3D('',#6054,#4628,#4629);
#4032=AXIS2_PLACEMENT_3D('',#6055,#4630,#4631);
#4033=AXIS2_PLACEMENT_3D('',#6056,#4632,#4633);
#4034=AXIS2_PLACEMENT_3D('',#6059,#4634,#4635);
#4035=AXIS2_PLACEMENT_3D('',#6062,#4638,#4639);
#4036=AXIS2_PLACEMENT_3D('',#6065,#4640,#4641);
#4037=AXIS2_PLACEMENT_3D('',#6066,#4642,#4643);
#4038=AXIS2_PLACEMENT_3D('',#6067,#4644,#4645);
#4039=AXIS2_PLACEMENT_3D('',#6068,#4646,#4647);
#4040=AXIS2_PLACEMENT_3D('',#6071,#4648,#4649);
#4041=AXIS2_PLACEMENT_3D('',#6074,#4652,#4653);
#4042=AXIS2_PLACEMENT_3D('',#6077,#4654,#4655);
#4043=AXIS2_PLACEMENT_3D('',#6078,#4656,#4657);
#4044=AXIS2_PLACEMENT_3D('',#6079,#4658,#4659);
#4045=AXIS2_PLACEMENT_3D('',#6080,#4660,#4661);
#4046=AXIS2_PLACEMENT_3D('',#6083,#4662,#4663);
#4047=AXIS2_PLACEMENT_3D('',#6084,#4664,#4665);
#4048=AXIS2_PLACEMENT_3D('',#6085,#4666,#4667);
#4049=AXIS2_PLACEMENT_3D('',#6086,#4668,#4669);
#4050=AXIS2_PLACEMENT_3D('',#6089,#4670,#4671);
#4051=AXIS2_PLACEMENT_3D('',#6090,#4672,#4673);
#4052=AXIS2_PLACEMENT_3D('',#6091,#4674,#4675);
#4053=AXIS2_PLACEMENT_3D('',#6092,#4676,#4677);
#4054=AXIS2_PLACEMENT_3D('',#6095,#4678,#4679);
#4055=AXIS2_PLACEMENT_3D('',#6098,#4682,#4683);
#4056=AXIS2_PLACEMENT_3D('',#6101,#4684,#4685);
#4057=AXIS2_PLACEMENT_3D('',#6102,#4686,#4687);
#4058=AXIS2_PLACEMENT_3D('',#6103,#4688,#4689);
#4059=AXIS2_PLACEMENT_3D('',#6104,#4690,#4691);
#4060=AXIS2_PLACEMENT_3D('',#6107,#4692,#4693);
#4061=AXIS2_PLACEMENT_3D('',#6110,#4696,#4697);
#4062=AXIS2_PLACEMENT_3D('',#6113,#4698,#4699);
#4063=AXIS2_PLACEMENT_3D('',#6114,#4700,#4701);
#4064=AXIS2_PLACEMENT_3D('',#6115,#4702,#4703);
#4065=AXIS2_PLACEMENT_3D('',#6116,#4704,#4705);
#4066=AXIS2_PLACEMENT_3D('',#6119,#4708,#4709);
#4067=AXIS2_PLACEMENT_3D('',#6123,#4711,#4712);
#4068=AXIS2_PLACEMENT_3D('',#6125,#4714,#4715);
#4069=AXIS2_PLACEMENT_3D('',#6129,#4718,#4719);
#4070=AXIS2_PLACEMENT_3D('',#6132,#4721,#4722);
#4071=AXIS2_PLACEMENT_3D('',#6133,#4723,#4724);
#4072=AXIS2_PLACEMENT_3D('',#6137,#4727,#4728);
#4073=AXIS2_PLACEMENT_3D('',#6140,#4730,#4731);
#4074=AXIS2_PLACEMENT_3D('',#6141,#4732,#4733);
#4075=AXIS2_PLACEMENT_3D('',#6145,#4736,#4737);
#4076=AXIS2_PLACEMENT_3D('',#6148,#4739,#4740);
#4077=AXIS2_PLACEMENT_3D('',#6149,#4741,#4742);
#4078=AXIS2_PLACEMENT_3D('',#6156,#4745,#4746);
#4079=AXIS2_PLACEMENT_3D('',#6159,#4748,#4749);
#4080=AXIS2_PLACEMENT_3D('',#6160,#4750,#4751);
#4081=AXIS2_PLACEMENT_3D('',#6162,#4752,#4753);
#4082=AXIS2_PLACEMENT_3D('',#6165,#4755,#4756);
#4083=AXIS2_PLACEMENT_3D('',#6166,#4757,#4758);
#4084=AXIS2_PLACEMENT_3D('',#6168,#4759,#4760);
#4085=AXIS2_PLACEMENT_3D('',#6169,#4761,#4762);
#4086=AXIS2_PLACEMENT_3D('',#6170,#4763,#4764);
#4087=AXIS2_PLACEMENT_3D('',#6173,#4766,#4767);
#4088=AXIS2_PLACEMENT_3D('',#6174,#4768,#4769);
#4089=AXIS2_PLACEMENT_3D('',#6176,#4770,#4771);
#4090=AXIS2_PLACEMENT_3D('',#6177,#4772,#4773);
#4091=AXIS2_PLACEMENT_3D('',#6178,#4774,#4775);
#4092=AXIS2_PLACEMENT_3D('',#6180,#4776,#4777);
#4093=AXIS2_PLACEMENT_3D('',#6182,#4778,#4779);
#4094=AXIS2_PLACEMENT_3D('',#6183,#4780,#4781);
#4095=AXIS2_PLACEMENT_3D('',#6184,#4782,#4783);
#4096=AXIS2_PLACEMENT_3D('',#6186,#4784,#4785);
#4097=AXIS2_PLACEMENT_3D('',#6188,#4786,#4787);
#4098=AXIS2_PLACEMENT_3D('',#6189,#4788,#4789);
#4099=AXIS2_PLACEMENT_3D('',#6190,#4790,#4791);
#4100=AXIS2_PLACEMENT_3D('',#6194,#4793,#4794);
#4101=AXIS2_PLACEMENT_3D('',#6196,#4796,#4797);
#4102=AXIS2_PLACEMENT_3D('',#6198,#4798,#4799);
#4103=AXIS2_PLACEMENT_3D('',#6200,#4800,#4801);
#4104=AXIS2_PLACEMENT_3D('',#6201,#4802,#4803);
#4105=AXIS2_PLACEMENT_3D('',#6202,#4804,#4805);
#4106=AXIS2_PLACEMENT_3D('',#6206,#4807,#4808);
#4107=AXIS2_PLACEMENT_3D('',#6208,#4810,#4811);
#4108=AXIS2_PLACEMENT_3D('',#6210,#4812,#4813);
#4109=AXIS2_PLACEMENT_3D('',#6212,#4814,#4815);
#4110=AXIS2_PLACEMENT_3D('',#6213,#4816,#4817);
#4111=AXIS2_PLACEMENT_3D('',#6214,#4818,#4819);
#4112=AXIS2_PLACEMENT_3D('',#6217,#4821,#4822);
#4113=AXIS2_PLACEMENT_3D('',#6219,#4824,#4825);
#4114=AXIS2_PLACEMENT_3D('',#6221,#4826,#4827);
#4115=AXIS2_PLACEMENT_3D('',#6222,#4828,#4829);
#4116=AXIS2_PLACEMENT_3D('',#6223,#4830,#4831);
#4117=AXIS2_PLACEMENT_3D('',#6226,#4833,#4834);
#4118=AXIS2_PLACEMENT_3D('',#6227,#4835,#4836);
#4119=AXIS2_PLACEMENT_3D('',#6228,#4837,#4838);
#4120=AXIS2_PLACEMENT_3D('',#6229,#4839,#4840);
#4121=AXIS2_PLACEMENT_3D('',#6232,#4843,#4844);
#4122=AXIS2_PLACEMENT_3D('',#6234,#4846,#4847);
#4123=AXIS2_PLACEMENT_3D('',#6235,#4848,#4849);
#4124=AXIS2_PLACEMENT_3D('',#6241,#4853,#4854);
#4125=AXIS2_PLACEMENT_3D('',#6244,#4856,#4857);
#4126=AXIS2_PLACEMENT_3D('',#6245,#4858,#4859);
#4127=AXIS2_PLACEMENT_3D('',#6248,#4861,#4862);
#4128=AXIS2_PLACEMENT_3D('',#6249,#4863,#4864);
#4129=AXIS2_PLACEMENT_3D('',#6252,#4866,#4867);
#4130=AXIS2_PLACEMENT_3D('',#6253,#4868,#4869);
#4131=AXIS2_PLACEMENT_3D('',#6257,#4872,#4873);
#4132=AXIS2_PLACEMENT_3D('',#6260,#4875,#4876);
#4133=AXIS2_PLACEMENT_3D('',#6261,#4877,#4878);
#4134=AXIS2_PLACEMENT_3D('',#6265,#4881,#4882);
#4135=AXIS2_PLACEMENT_3D('',#6268,#4883,#4884);
#4136=AXIS2_PLACEMENT_3D('',#6272,#4886,#4887);
#4137=AXIS2_PLACEMENT_3D('',#6274,#4889,#4890);
#4138=AXIS2_PLACEMENT_3D('',#6276,#4891,#4892);
#4139=AXIS2_PLACEMENT_3D('',#6278,#4893,#4894);
#4140=AXIS2_PLACEMENT_3D('',#6279,#4895,#4896);
#4141=AXIS2_PLACEMENT_3D('',#6280,#4897,#4898);
#4142=AXIS2_PLACEMENT_3D('',#6284,#4900,#4901);
#4143=AXIS2_PLACEMENT_3D('',#6286,#4903,#4904);
#4144=AXIS2_PLACEMENT_3D('',#6287,#4905,#4906);
#4145=AXIS2_PLACEMENT_3D('',#6289,#4907,#4908);
#4146=AXIS2_PLACEMENT_3D('',#6290,#4909,#4910);
#4147=AXIS2_PLACEMENT_3D('',#6291,#4911,#4912);
#4148=AXIS2_PLACEMENT_3D('',#6293,#4913,#4914);
#4149=AXIS2_PLACEMENT_3D('',#6295,#4916,#4917);
#4150=AXIS2_PLACEMENT_3D('',#6297,#4918,#4919);
#4151=AXIS2_PLACEMENT_3D('',#6298,#4920,#4921);
#4152=AXIS2_PLACEMENT_3D('',#6299,#4922,#4923);
#4153=AXIS2_PLACEMENT_3D('',#6301,#4924,#4925);
#4154=AXIS2_PLACEMENT_3D('',#6302,#4926,#4927);
#4155=AXIS2_PLACEMENT_3D('',#6303,#4928,#4929);
#4156=AXIS2_PLACEMENT_3D('',#6305,#4930,#4931);
#4157=AXIS2_PLACEMENT_3D('',#6306,#4932,#4933);
#4158=AXIS2_PLACEMENT_3D('',#6307,#4934,#4935);
#4159=AXIS2_PLACEMENT_3D('',#6309,#4936,#4937);
#4160=AXIS2_PLACEMENT_3D('',#6311,#4939,#4940);
#4161=AXIS2_PLACEMENT_3D('',#6313,#4941,#4942);
#4162=AXIS2_PLACEMENT_3D('',#6314,#4943,#4944);
#4163=AXIS2_PLACEMENT_3D('',#6315,#4945,#4946);
#4164=AXIS2_PLACEMENT_3D('',#6317,#4947,#4948);
#4165=AXIS2_PLACEMENT_3D('',#6319,#4950,#4951);
#4166=AXIS2_PLACEMENT_3D('',#6321,#4952,#4953);
#4167=AXIS2_PLACEMENT_3D('',#6323,#4954,#4955);
#4168=AXIS2_PLACEMENT_3D('',#6324,#4956,#4957);
#4169=AXIS2_PLACEMENT_3D('',#6325,#4958,#4959);
#4170=AXIS2_PLACEMENT_3D('',#6329,#4961,#4962);
#4171=AXIS2_PLACEMENT_3D('',#6331,#4964,#4965);
#4172=AXIS2_PLACEMENT_3D('',#6332,#4966,#4967);
#4173=AXIS2_PLACEMENT_3D('',#6333,#4968,#4969);
#4174=AXIS2_PLACEMENT_3D('',#6334,#4970,#4971);
#4175=AXIS2_PLACEMENT_3D('',#6340,#4975,#4976);
#4176=AXIS2_PLACEMENT_3D('',#6343,#4978,#4979);
#4177=AXIS2_PLACEMENT_3D('',#6344,#4980,#4981);
#4178=AXIS2_PLACEMENT_3D('',#6348,#4984,#4985);
#4179=AXIS2_PLACEMENT_3D('',#6351,#4987,#4988);
#4180=AXIS2_PLACEMENT_3D('',#6352,#4989,#4990);
#4181=AXIS2_PLACEMENT_3D('',#6356,#4993,#4994);
#4182=AXIS2_PLACEMENT_3D('',#6359,#4996,#4997);
#4183=AXIS2_PLACEMENT_3D('',#6360,#4998,#4999);
#4184=AXIS2_PLACEMENT_3D('',#6364,#5002,#5003);
#4185=AXIS2_PLACEMENT_3D('',#6366,#5005,#5006);
#4186=AXIS2_PLACEMENT_3D('',#6368,#5008,#5009);
#4187=AXIS2_PLACEMENT_3D('',#6370,#5011,#5012);
#4188=AXIS2_PLACEMENT_3D('',#6372,#5014,#5015);
#4189=AXIS2_PLACEMENT_3D('',#6377,#5017,#5018);
#4190=AXIS2_PLACEMENT_3D('',#6380,#5020,#5021);
#4191=AXIS2_PLACEMENT_3D('',#6381,#5022,#5023);
#4192=AXIS2_PLACEMENT_3D('',#6383,#5024,#5025);
#4193=AXIS2_PLACEMENT_3D('',#6385,#5026,#5027);
#4194=AXIS2_PLACEMENT_3D('',#6386,#5028,#5029);
#4195=AXIS2_PLACEMENT_3D('',#6387,#5030,#5031);
#4196=AXIS2_PLACEMENT_3D('',#6391,#5033,#5034);
#4197=AXIS2_PLACEMENT_3D('',#6393,#5036,#5037);
#4198=AXIS2_PLACEMENT_3D('',#6395,#5038,#5039);
#4199=AXIS2_PLACEMENT_3D('',#6397,#5040,#5041);
#4200=AXIS2_PLACEMENT_3D('',#6398,#5042,#5043);
#4201=AXIS2_PLACEMENT_3D('',#6399,#5044,#5045);
#4202=AXIS2_PLACEMENT_3D('',#6402,#5048,#5049);
#4203=AXIS2_PLACEMENT_3D('',#6406,#5051,#5052);
#4204=AXIS2_PLACEMENT_3D('',#6408,#5054,#5055);
#4205=AXIS2_PLACEMENT_3D('',#6412,#5058,#5059);
#4206=AXIS2_PLACEMENT_3D('',#6416,#5062,#5063);
#4207=AXIS2_PLACEMENT_3D('',#6422,#5067,#5068);
#4208=AXIS2_PLACEMENT_3D('',#6425,#5070,#5071);
#4209=AXIS2_PLACEMENT_3D('',#6426,#5072,#5073);
#4210=AXIS2_PLACEMENT_3D('',#6430,#5076,#5077);
#4211=AXIS2_PLACEMENT_3D('',#6434,#5079,#5080);
#4212=AXIS2_PLACEMENT_3D('',#6437,#5082,#5083);
#4213=AXIS2_PLACEMENT_3D('',#6438,#5084,#5085);
#4214=AXIS2_PLACEMENT_3D('',#6439,#5086,#5087);
#4215=AXIS2_PLACEMENT_3D('',#6441,#5088,#5089);
#4216=AXIS2_PLACEMENT_3D('',#6442,#5090,#5091);
#4217=AXIS2_PLACEMENT_3D('',#6443,#5092,#5093);
#4218=AXIS2_PLACEMENT_3D('',#6445,#5094,#5095);
#4219=AXIS2_PLACEMENT_3D('',#6447,#5097,#5098);
#4220=AXIS2_PLACEMENT_3D('',#6449,#5099,#5100);
#4221=AXIS2_PLACEMENT_3D('',#6450,#5101,#5102);
#4222=AXIS2_PLACEMENT_3D('',#6451,#5103,#5104);
#4223=AXIS2_PLACEMENT_3D('',#6453,#5106,#5107);
#4224=AXIS2_PLACEMENT_3D('',#6457,#5109,#5110);
#4225=AXIS2_PLACEMENT_3D('',#6459,#5112,#5113);
#4226=AXIS2_PLACEMENT_3D('',#6463,#5116,#5117);
#4227=AXIS2_PLACEMENT_3D('',#6467,#5120,#5121);
#4228=AXIS2_PLACEMENT_3D('',#6469,#5123,#5124);
#4229=AXIS2_PLACEMENT_3D('',#6470,#5125,#5126);
#4230=AXIS2_PLACEMENT_3D('',#6471,#5127,#5128);
#4231=AXIS2_PLACEMENT_3D('',#6472,#5129,#5130);
#4232=AXIS2_PLACEMENT_3D('',#6473,#5131,#5132);
#4233=AXIS2_PLACEMENT_3D('',#6474,#5133,#5134);
#4234=AXIS2_PLACEMENT_3D('',#6475,#5135,#5136);
#4235=AXIS2_PLACEMENT_3D('',#6477,#5137,#5138);
#4236=AXIS2_PLACEMENT_3D('',#6479,#5140,#5141);
#4237=AXIS2_PLACEMENT_3D('',#6480,#5142,#5143);
#4238=AXIS2_PLACEMENT_3D('',#6481,#5144,#5145);
#4239=AXIS2_PLACEMENT_3D('',#6482,#5146,#5147);
#4240=AXIS2_PLACEMENT_3D('',#6483,#5148,#5149);
#4241=AXIS2_PLACEMENT_3D('',#6485,#5151,#5152);
#4242=AXIS2_PLACEMENT_3D('',#6487,#5153,#5154);
#4243=AXIS2_PLACEMENT_3D('',#6489,#5155,#5156);
#4244=AXIS2_PLACEMENT_3D('',#6490,#5157,#5158);
#4245=AXIS2_PLACEMENT_3D('',#6491,#5159,#5160);
#4246=AXIS2_PLACEMENT_3D('',#6493,#5161,#5162);
#4247=AXIS2_PLACEMENT_3D('',#6495,#5164,#5165);
#4248=AXIS2_PLACEMENT_3D('',#6498,#5166,#5167);
#4249=AXIS2_PLACEMENT_3D('',#6499,#5168,#5169);
#4250=AXIS2_PLACEMENT_3D('',#6500,#5170,#5171);
#4251=AXIS2_PLACEMENT_3D('',#6501,#5172,#5173);
#4252=AXIS2_PLACEMENT_3D('',#6504,#5174,#5175);
#4253=AXIS2_PLACEMENT_3D('',#6505,#5176,#5177);
#4254=AXIS2_PLACEMENT_3D('',#6506,#5178,#5179);
#4255=AXIS2_PLACEMENT_3D('',#6507,#5180,#5181);
#4256=AXIS2_PLACEMENT_3D('',#6510,#5182,#5183);
#4257=AXIS2_PLACEMENT_3D('',#6511,#5184,#5185);
#4258=AXIS2_PLACEMENT_3D('',#6512,#5186,#5187);
#4259=AXIS2_PLACEMENT_3D('',#6513,#5188,#5189);
#4260=AXIS2_PLACEMENT_3D('',#6516,#5190,#5191);
#4261=AXIS2_PLACEMENT_3D('',#6519,#5194,#5195);
#4262=AXIS2_PLACEMENT_3D('',#6522,#5196,#5197);
#4263=AXIS2_PLACEMENT_3D('',#6523,#5198,#5199);
#4264=AXIS2_PLACEMENT_3D('',#6524,#5200,#5201);
#4265=AXIS2_PLACEMENT_3D('',#6525,#5202,#5203);
#4266=AXIS2_PLACEMENT_3D('',#6528,#5204,#5205);
#4267=AXIS2_PLACEMENT_3D('',#6531,#5208,#5209);
#4268=AXIS2_PLACEMENT_3D('',#6533,#5210,#5211);
#4269=AXIS2_PLACEMENT_3D('',#6534,#5212,#5213);
#4270=AXIS2_PLACEMENT_3D('',#6535,#5214,#5215);
#4271=AXIS2_PLACEMENT_3D('',#6536,#5216,#5217);
#4272=AXIS2_PLACEMENT_3D('',#6538,#5218,#5219);
#4273=AXIS2_PLACEMENT_3D('',#6540,#5221,#5222);
#4274=AXIS2_PLACEMENT_3D('',#6542,#5223,#5224);
#4275=AXIS2_PLACEMENT_3D('',#6543,#5225,#5226);
#4276=AXIS2_PLACEMENT_3D('',#6544,#5227,#5228);
#4277=AXIS2_PLACEMENT_3D('',#6546,#5229,#5230);
#4278=AXIS2_PLACEMENT_3D('',#6548,#5232,#5233);
#4279=AXIS2_PLACEMENT_3D('',#6550,#5234,#5235);
#4280=AXIS2_PLACEMENT_3D('',#6551,#5236,#5237);
#4281=AXIS2_PLACEMENT_3D('',#6552,#5238,#5239);
#4282=AXIS2_PLACEMENT_3D('',#6554,#5241,#5242);
#4283=AXIS2_PLACEMENT_3D('',#6556,#5244,#5245);
#4284=AXIS2_PLACEMENT_3D('',#6563,#5248,#5249);
#4285=AXIS2_PLACEMENT_3D('',#6566,#5251,#5252);
#4286=AXIS2_PLACEMENT_3D('',#6567,#5253,#5254);
#4287=AXIS2_PLACEMENT_3D('',#6568,#5255,#5256);
#4288=AXIS2_PLACEMENT_3D('',#6569,#5257,#5258);
#4289=AXIS2_PLACEMENT_3D('',#6570,#5259,#5260);
#4290=AXIS2_PLACEMENT_3D('',#6571,#5261,#5262);
#4291=AXIS2_PLACEMENT_3D('',#6572,#5263,#5264);
#4292=AXIS2_PLACEMENT_3D('',#6574,#5265,#5266);
#4293=AXIS2_PLACEMENT_3D('',#6576,#5268,#5269);
#4294=AXIS2_PLACEMENT_3D('',#6577,#5270,#5271);
#4295=AXIS2_PLACEMENT_3D('',#6578,#5272,#5273);
#4296=AXIS2_PLACEMENT_3D('',#6579,#5274,#5275);
#4297=AXIS2_PLACEMENT_3D('',#6580,#5276,#5277);
#4298=AXIS2_PLACEMENT_3D('',#6582,#5279,#5280);
#4299=AXIS2_PLACEMENT_3D('',#6584,#5282,#5283);
#4300=AXIS2_PLACEMENT_3D('',#6586,#5285,#5286);
#4301=AXIS2_PLACEMENT_3D('',#6588,#5288,#5289);
#4302=AXIS2_PLACEMENT_3D('',#6590,#5291,#5292);
#4303=AXIS2_PLACEMENT_3D('',#6592,#5294,#5295);
#4304=AXIS2_PLACEMENT_3D('',#6593,#5296,#5297);
#4305=AXIS2_PLACEMENT_3D('',#6595,#5299,#5300);
#4306=AXIS2_PLACEMENT_3D('',#6597,#5302,#5303);
#4307=AXIS2_PLACEMENT_3D('',#6598,#5304,#5305);
#4308=AXIS2_PLACEMENT_3D('',#6599,#5306,#5307);
#4309=AXIS2_PLACEMENT_3D('',#6601,#5309,#5310);
#4310=AXIS2_PLACEMENT_3D('',#6603,#5312,#5313);
#4311=AXIS2_PLACEMENT_3D('',#6605,#5315,#5316);
#4312=AXIS2_PLACEMENT_3D('',#6606,#5317,#5318);
#4313=AXIS2_PLACEMENT_3D('',#6607,#5319,#5320);
#4314=AXIS2_PLACEMENT_3D('',#6608,#5321,#5322);
#4315=AXIS2_PLACEMENT_3D('',#6613,#5324,#5325);
#4316=AXIS2_PLACEMENT_3D('',#6616,#5327,#5328);
#4317=AXIS2_PLACEMENT_3D('',#6617,#5329,#5330);
#4318=AXIS2_PLACEMENT_3D('',#6620,#5331,#5332);
#4319=AXIS2_PLACEMENT_3D('',#6621,#5333,#5334);
#4320=AXIS2_PLACEMENT_3D('',#6622,#5335,#5336);
#4321=AXIS2_PLACEMENT_3D('',#6623,#5337,#5338);
#4322=AXIS2_PLACEMENT_3D('',#6626,#5339,#5340);
#4323=AXIS2_PLACEMENT_3D('',#6629,#5343,#5344);
#4324=AXIS2_PLACEMENT_3D('',#6632,#5345,#5346);
#4325=AXIS2_PLACEMENT_3D('',#6633,#5347,#5348);
#4326=AXIS2_PLACEMENT_3D('',#6634,#5349,#5350);
#4327=AXIS2_PLACEMENT_3D('',#6635,#5351,#5352);
#4328=AXIS2_PLACEMENT_3D('',#6638,#5355,#5356);
#4329=AXIS2_PLACEMENT_3D('',#6642,#5358,#5359);
#4330=AXIS2_PLACEMENT_3D('',#6644,#5361,#5362);
#4331=AXIS2_PLACEMENT_3D('',#6648,#5365,#5366);
#4332=AXIS2_PLACEMENT_3D('',#6652,#5369,#5370);
#4333=AXIS2_PLACEMENT_3D('',#6655,#5371,#5372);
#4334=AXIS2_PLACEMENT_3D('',#6661,#5375,#5376);
#4335=AXIS2_PLACEMENT_3D('',#6663,#5378,#5379);
#4336=AXIS2_PLACEMENT_3D('',#6666,#5380,#5381);
#4337=AXIS2_PLACEMENT_3D('',#6670,#5383,#5384);
#4338=AXIS2_PLACEMENT_3D('',#6672,#5386,#5387);
#4339=AXIS2_PLACEMENT_3D('',#6675,#5388,#5389);
#4340=AXIS2_PLACEMENT_3D('',#6676,#5390,#5391);
#4341=AXIS2_PLACEMENT_3D('',#6677,#5392,#5393);
#4342=AXIS2_PLACEMENT_3D('',#6678,#5394,#5395);
#4343=AXIS2_PLACEMENT_3D('',#6681,#5396,#5397);
#4344=AXIS2_PLACEMENT_3D('',#6684,#5400,#5401);
#4345=AXIS2_PLACEMENT_3D('',#6687,#5402,#5403);
#4346=AXIS2_PLACEMENT_3D('',#6688,#5404,#5405);
#4347=AXIS2_PLACEMENT_3D('',#6689,#5406,#5407);
#4348=AXIS2_PLACEMENT_3D('',#6690,#5408,#5409);
#4349=AXIS2_PLACEMENT_3D('',#6693,#5410,#5411);
#4350=AXIS2_PLACEMENT_3D('',#6696,#5414,#5415);
#4351=AXIS2_PLACEMENT_3D('',#6699,#5416,#5417);
#4352=AXIS2_PLACEMENT_3D('',#6700,#5418,#5419);
#4353=AXIS2_PLACEMENT_3D('',#6701,#5420,#5421);
#4354=AXIS2_PLACEMENT_3D('',#6702,#5422,#5423);
#4355=AXIS2_PLACEMENT_3D('',#6705,#5424,#5425);
#4356=AXIS2_PLACEMENT_3D('',#6708,#5428,#5429);
#4357=AXIS2_PLACEMENT_3D('',#6714,#5432,#5433);
#4358=AXIS2_PLACEMENT_3D('',#6716,#5434,#5435);
#4359=AXIS2_PLACEMENT_3D('',#6717,#5436,#5437);
#4360=AXIS2_PLACEMENT_3D('',#6724,#5440,#5441);
#4361=AXIS2_PLACEMENT_3D('',#6727,#5443,#5444);
#4362=AXIS2_PLACEMENT_3D('',#6728,#5445,#5446);
#4363=AXIS2_PLACEMENT_3D('',#6732,#5448,#5449);
#4364=AXIS2_PLACEMENT_3D('',#6746,#5452,#5453);
#4365=AXIS2_PLACEMENT_3D('',#6750,#5456,#5457);
#4366=AXIS2_PLACEMENT_3D('',#6752,#5458,#5459);
#4367=AXIS2_PLACEMENT_3D('',#6755,#5461,#5462);
#4368=AXIS2_PLACEMENT_3D('',#6756,#5463,#5464);
#4369=AXIS2_PLACEMENT_3D('',#6758,#5465,#5466);
#4370=AXIS2_PLACEMENT_3D('',#6759,#5467,#5468);
#4371=AXIS2_PLACEMENT_3D('',#6760,#5469,#5470);
#4372=AXIS2_PLACEMENT_3D('',#6762,#5471,#5472);
#4373=AXIS2_PLACEMENT_3D('',#6764,#5474,#5475);
#4374=AXIS2_PLACEMENT_3D('',#6766,#5476,#5477);
#4375=AXIS2_PLACEMENT_3D('',#6767,#5478,#5479);
#4376=AXIS2_PLACEMENT_3D('',#6768,#5480,#5481);
#4377=AXIS2_PLACEMENT_3D('',#6770,#5483,#5484);
#4378=AXIS2_PLACEMENT_3D('',#6774,#5486,#5487);
#4379=AXIS2_PLACEMENT_3D('',#6776,#5489,#5490);
#4380=AXIS2_PLACEMENT_3D('',#6780,#5493,#5494);
#4381=AXIS2_PLACEMENT_3D('',#6784,#5497,#5498);
#4382=AXIS2_PLACEMENT_3D('',#6793,#5499,#5500);
#4383=AXIS2_PLACEMENT_3D('',#6795,#5502,#5503);
#4384=AXIS2_PLACEMENT_3D('',#6798,#5504,#5505);
#4385=AXIS2_PLACEMENT_3D('',#6799,#5506,#5507);
#4386=AXIS2_PLACEMENT_3D('',#6800,#5508,#5509);
#4387=AXIS2_PLACEMENT_3D('',#6801,#5510,#5511);
#4388=AXIS2_PLACEMENT_3D('',#6806,#5515,#5516);
#4389=AXIS2_PLACEMENT_3D('',#6807,#5517,#5518);
#4390=AXIS2_PLACEMENT_3D('',#6809,#5519,#5520);
#4391=AXIS2_PLACEMENT_3D('',#6811,#5521,#5522);
#4392=AXIS2_PLACEMENT_3D('',#6813,#5523,#5524);
#4393=AXIS2_PLACEMENT_3D('',#6815,#5525,#5526);
#4394=AXIS2_PLACEMENT_3D('',#6816,#5527,#5528);
#4395=AXIS2_PLACEMENT_3D('',#6817,#5529,#5530);
#4396=AXIS2_PLACEMENT_3D('',#6820,#5532,#5533);
#4397=AXIS2_PLACEMENT_3D('',#6821,#5534,#5535);
#4398=AXIS2_PLACEMENT_3D('',#6825,#5538,#5539);
#4399=AXIS2_PLACEMENT_3D('',#6826,#5540,#5541);
#4400=AXIS2_PLACEMENT_3D('',#6827,#5542,#5543);
#4401=AXIS2_PLACEMENT_3D('',#6828,#5544,#5545);
#4402=AXIS2_PLACEMENT_3D('',#6830,#5546,#5547);
#4403=AXIS2_PLACEMENT_3D('',#6831,#5548,#5549);
#4404=AXIS2_PLACEMENT_3D('',#6832,#5550,#5551);
#4405=AXIS2_PLACEMENT_3D('',#6834,#5552,#5553);
#4406=AXIS2_PLACEMENT_3D('',#6835,#5554,#5555);
#4407=AXIS2_PLACEMENT_3D('',#6836,#5556,#5557);
#4408=AXIS2_PLACEMENT_3D('',#6837,#5558,#5559);
#4409=AXIS2_PLACEMENT_3D('',#6839,#5561,#5562);
#4410=AXIS2_PLACEMENT_3D('',#6841,#5563,#5564);
#4411=AXIS2_PLACEMENT_3D('',#6842,#5565,#5566);
#4412=AXIS2_PLACEMENT_3D('',#6843,#5567,#5568);
#4413=AXIS2_PLACEMENT_3D('',#6844,#5569,#5570);
#4414=AXIS2_PLACEMENT_3D('',#6846,#5572,#5573);
#4415=AXIS2_PLACEMENT_3D('',#6847,#5574,#5575);
#4416=AXIS2_PLACEMENT_3D('',#6849,#5576,#5577);
#4417=AXIS2_PLACEMENT_3D('',#6852,#5579,#5580);
#4418=AXIS2_PLACEMENT_3D('',#6853,#5581,#5582);
#4419=AXIS2_PLACEMENT_3D('',#6854,#5583,#5584);
#4420=AXIS2_PLACEMENT_3D('',#6855,#5585,#5586);
#4421=AXIS2_PLACEMENT_3D('',#6858,#5587,#5588);
#4422=AXIS2_PLACEMENT_3D('',#6861,#5591,#5592);
#4423=AXIS2_PLACEMENT_3D('',#6864,#5593,#5594);
#4424=AXIS2_PLACEMENT_3D('',#6865,#5595,#5596);
#4425=AXIS2_PLACEMENT_3D('',#6866,#5597,#5598);
#4426=AXIS2_PLACEMENT_3D('',#6867,#5599,#5600);
#4427=AXIS2_PLACEMENT_3D('',#6870,#5601,#5602);
#4428=AXIS2_PLACEMENT_3D('',#6871,#5603,#5604);
#4429=AXIS2_PLACEMENT_3D('',#6872,#5605,#5606);
#4430=AXIS2_PLACEMENT_3D('',#6873,#5607,#5608);
#4431=AXIS2_PLACEMENT_3D('',#6876,#5609,#5610);
#4432=AXIS2_PLACEMENT_3D('',#6877,#5611,#5612);
#4433=AXIS2_PLACEMENT_3D('',#6878,#5613,#5614);
#4434=AXIS2_PLACEMENT_3D('',#6879,#5615,#5616);
#4435=AXIS2_PLACEMENT_3D('',#6882,#5617,#5618);
#4436=AXIS2_PLACEMENT_3D('',#6885,#5621,#5622);
#4437=AXIS2_PLACEMENT_3D('',#6888,#5623,#5624);
#4438=AXIS2_PLACEMENT_3D('',#6889,#5625,#5626);
#4439=AXIS2_PLACEMENT_3D('',#6890,#5627,#5628);
#4440=AXIS2_PLACEMENT_3D('',#6891,#5629,#5630);
#4441=AXIS2_PLACEMENT_3D('',#6894,#5631,#5632);
#4442=AXIS2_PLACEMENT_3D('',#6898,#5634,#5635);
#4443=AXIS2_PLACEMENT_3D('',#6901,#5638,#5639);
#4444=AXIS2_PLACEMENT_3D('',#6904,#5640,#5641);
#4445=AXIS2_PLACEMENT_3D('',#6905,#5642,#5643);
#4446=AXIS2_PLACEMENT_3D('',#6906,#5644,#5645);
#4447=AXIS2_PLACEMENT_3D('',#6907,#5646,#5647);
#4448=AXIS2_PLACEMENT_3D('',#6910,#5648,#5649);
#4449=AXIS2_PLACEMENT_3D('',#6913,#5652,#5653);
#4450=AXIS2_PLACEMENT_3D('',#6914,#5654,#5655);
#4451=AXIS2_PLACEMENT_3D('',#6915,#5656,#5657);
#4452=AXIS2_PLACEMENT_3D('',#6916,#5658,#5659);
#4453=AXIS2_PLACEMENT_3D('',#6920,#5661,#5662);
#4454=AXIS2_PLACEMENT_3D('',#6922,#5664,#5665);
#4455=AXIS2_PLACEMENT_3D('',#6925,#5667,#5668);
#4456=AXIS2_PLACEMENT_3D('',#6926,#5669,#5670);
#4457=AXIS2_PLACEMENT_3D('',#6929,#5672,#5673);
#4458=AXIS2_PLACEMENT_3D('',#6930,#5674,#5675);
#4459=AXIS2_PLACEMENT_3D('',#6934,#5678,#5679);
#4460=AXIS2_PLACEMENT_3D('',#6937,#5681,#5682);
#4461=AXIS2_PLACEMENT_3D('',#6938,#5683,#5684);
#4462=AXIS2_PLACEMENT_3D('',#6941,#5686,#5687);
#4463=AXIS2_PLACEMENT_3D('',#6942,#5688,#5689);
#4464=AXIS2_PLACEMENT_3D('',#6946,#5692,#5693);
#4465=AXIS2_PLACEMENT_3D('',#6948,#5694,#5695);
#4466=AXIS2_PLACEMENT_3D('',#6950,#5696,#5697);
#4467=AXIS2_PLACEMENT_3D('',#6951,#5698,#5699);
#4468=AXIS2_PLACEMENT_3D('',#6952,#5700,#5701);
#4469=AXIS2_PLACEMENT_3D('',#6954,#5702,#5703);
#4470=AXIS2_PLACEMENT_3D('',#6955,#5704,#5705);
#4471=AXIS2_PLACEMENT_3D('',#6956,#5706,#5707);
#4472=AXIS2_PLACEMENT_3D('',#6959,#5708,#5709);
#4473=AXIS2_PLACEMENT_3D('',#6961,#5710,#5711);
#4474=AXIS2_PLACEMENT_3D('',#6963,#5712,#5713);
#4475=AXIS2_PLACEMENT_3D('',#6964,#5714,#5715);
#4476=AXIS2_PLACEMENT_3D('',#6965,#5716,#5717);
#4477=AXIS2_PLACEMENT_3D('',#6968,#5720,#5721);
#4478=AXIS2_PLACEMENT_3D('',#6970,#5723,#5724);
#4479=AXIS2_PLACEMENT_3D('',#6974,#5727,#5728);
#4480=AXIS2_PLACEMENT_3D('',#6976,#5729,#5730);
#4481=AXIS2_PLACEMENT_3D('',#6978,#5732,#5733);
#4482=AXIS2_PLACEMENT_3D('',#6982,#5735,#5736);
#4483=AXIS2_PLACEMENT_3D('',#6986,#5738,#5739);
#4484=AXIS2_PLACEMENT_3D('',#6988,#5741,#5742);
#4485=AXIS2_PLACEMENT_3D('',#6992,#5744,#5745);
#4486=AXIS2_PLACEMENT_3D('',#6994,#5747,#5748);
#4487=AXIS2_PLACEMENT_3D('',#6996,#5749,#5750);
#4488=AXIS2_PLACEMENT_3D('',#6999,#5752,#5753);
#4489=AXIS2_PLACEMENT_3D('',#7000,#5754,#5755);
#4490=AXIS2_PLACEMENT_3D('',#7002,#5756,#5757);
#4491=AXIS2_PLACEMENT_3D('',#7003,#5758,#5759);
#4492=AXIS2_PLACEMENT_3D('',#7004,#5760,#5761);
#4493=AXIS2_PLACEMENT_3D('',#7006,#5762,#5763);
#4494=AXIS2_PLACEMENT_3D('',#7008,#5765,#5766);
#4495=AXIS2_PLACEMENT_3D('',#7010,#5767,#5768);
#4496=AXIS2_PLACEMENT_3D('',#7011,#5769,#5770);
#4497=AXIS2_PLACEMENT_3D('',#7012,#5771,#5772);
#4498=AXIS2_PLACEMENT_3D('',#7015,#5773,#5774);
#4499=AXIS2_PLACEMENT_3D('',#7018,#5777,#5778);
#4500=AXIS2_PLACEMENT_3D('',#7020,#5779,#5780);
#4501=AXIS2_PLACEMENT_3D('',#7021,#5781,#5782);
#4502=AXIS2_PLACEMENT_3D('',#7022,#5783,#5784);
#4503=AXIS2_PLACEMENT_3D('',#7023,#5785,#5786);
#4504=AXIS2_PLACEMENT_3D('',#7025,#5787,#5788);
#4505=AXIS2_PLACEMENT_3D('',#7027,#5790,#5791);
#4506=AXIS2_PLACEMENT_3D('',#7029,#5792,#5793);
#4507=AXIS2_PLACEMENT_3D('',#7030,#5794,#5795);
#4508=AXIS2_PLACEMENT_3D('',#7031,#5796,#5797);
#4509=AXIS2_PLACEMENT_3D('',#7033,#5798,#5799);
#4510=AXIS2_PLACEMENT_3D('',#7035,#5801,#5802);
#4511=AXIS2_PLACEMENT_3D('',#7037,#5803,#5804);
#4512=AXIS2_PLACEMENT_3D('',#7038,#5805,#5806);
#4513=AXIS2_PLACEMENT_3D('',#7039,#5807,#5808);
#4514=AXIS2_PLACEMENT_3D('',#7041,#5809,#5810);
#4515=AXIS2_PLACEMENT_3D('',#7043,#5812,#5813);
#4516=AXIS2_PLACEMENT_3D('',#7045,#5814,#5815);
#4517=AXIS2_PLACEMENT_3D('',#7046,#5816,#5817);
#4518=AXIS2_PLACEMENT_3D('',#7047,#5818,#5819);
#4519=AXIS2_PLACEMENT_3D('',#7049,#5820,#5821);
#4520=AXIS2_PLACEMENT_3D('',#7050,#5822,#5823);
#4521=AXIS2_PLACEMENT_3D('',#7051,#5824,#5825);
#4522=AXIS2_PLACEMENT_3D('',#7052,#5826,#5827);
#4523=AXIS2_PLACEMENT_3D('',#7053,#5828,#5829);
#4524=AXIS2_PLACEMENT_3D('',#7059,#5833,#5834);
#4525=AXIS2_PLACEMENT_3D('',#7062,#5836,#5837);
#4526=AXIS2_PLACEMENT_3D('',#7063,#5838,#5839);
#4527=AXIS2_PLACEMENT_3D('',#7067,#5842,#5843);
#4528=AXIS2_PLACEMENT_3D('',#7070,#5845,#5846);
#4529=AXIS2_PLACEMENT_3D('',#7071,#5847,#5848);
#4530=AXIS2_PLACEMENT_3D('',#7075,#5851,#5852);
#4531=AXIS2_PLACEMENT_3D('',#7078,#5854,#5855);
#4532=AXIS2_PLACEMENT_3D('',#7079,#5856,#5857);
#4533=AXIS2_PLACEMENT_3D('',#7083,#5860,#5861);
#4534=AXIS2_PLACEMENT_3D('',#7085,#5862,#5863);
#4535=AXIS2_PLACEMENT_3D('',#7088,#5865,#5866);
#4536=AXIS2_PLACEMENT_3D('',#7089,#5867,#5868);
#4537=AXIS2_PLACEMENT_3D('',#7091,#5869,#5870);
#4538=AXIS2_PLACEMENT_3D('',#7092,#5871,#5872);
#4539=AXIS2_PLACEMENT_3D('',#7093,#5873,#5874);
#4540=AXIS2_PLACEMENT_3D('',#7095,#5875,#5876);
#4541=AXIS2_PLACEMENT_3D('',#7097,#5878,#5879);
#4542=AXIS2_PLACEMENT_3D('',#7099,#5880,#5881);
#4543=AXIS2_PLACEMENT_3D('',#7100,#5882,#5883);
#4544=AXIS2_PLACEMENT_3D('',#7101,#5884,#5885);
#4545=AXIS2_PLACEMENT_3D('',#7103,#5886,#5887);
#4546=AXIS2_PLACEMENT_3D('',#7105,#5889,#5890);
#4547=AXIS2_PLACEMENT_3D('',#7108,#5891,#5892);
#4548=AXIS2_PLACEMENT_3D('',#7109,#5893,#5894);
#4549=AXIS2_PLACEMENT_3D('',#7110,#5895,#5896);
#4550=AXIS2_PLACEMENT_3D('',#7111,#5897,#5898);
#4551=AXIS2_PLACEMENT_3D('',#7114,#5899,#5900);
#4552=AXIS2_PLACEMENT_3D('',#7117,#5903,#5904);
#4553=AXIS2_PLACEMENT_3D('',#7120,#5905,#5906);
#4554=AXIS2_PLACEMENT_3D('',#7121,#5907,#5908);
#4555=AXIS2_PLACEMENT_3D('',#7122,#5909,#5910);
#4556=AXIS2_PLACEMENT_3D('',#7123,#5911,#5912);
#4557=AXIS2_PLACEMENT_3D('',#7126,#5913,#5914);
#4558=AXIS2_PLACEMENT_3D('',#7129,#5917,#5918);
#4559=AXIS2_PLACEMENT_3D('',#7132,#5919,#5920);
#4560=AXIS2_PLACEMENT_3D('',#7133,#5921,#5922);
#4561=AXIS2_PLACEMENT_3D('',#7134,#5923,#5924);
#4562=AXIS2_PLACEMENT_3D('',#7152,#5925,#5926);
#4563=AXIS2_PLACEMENT_3D('',#7153,#5927,#5928);
#4564=AXIS2_PLACEMENT_3D('',#7154,#5929,#5930);
#4565=AXIS2_PLACEMENT_3D('',#7155,#5931,#5932);
#4566=AXIS2_PLACEMENT_3D('',#7157,#5933,#5934);
#4567=AXIS2_PLACEMENT_3D('',#7158,#5935,#5936);
#4568=AXIS2_PLACEMENT_3D('',#7159,#5937,#5938);
#4569=AXIS2_PLACEMENT_3D('',#7160,#5939,#5940);
#4570=AXIS2_PLACEMENT_3D('',#7162,#5941,#5942);
#4571=AXIS2_PLACEMENT_3D('',#7164,#5944,#5945);
#4572=AXIS2_PLACEMENT_3D('',#7165,#5946,#5947);
#4573=AXIS2_PLACEMENT_3D('',#7166,#5948,#5949);
#4574=AXIS2_PLACEMENT_3D('',#7169,#5952,#5953);
#4575=AXIS2_PLACEMENT_3D('',#7171,#5955,#5956);
#4576=AXIS2_PLACEMENT_3D('',#7173,#5958,#5959);
#4577=AXIS2_PLACEMENT_3D('',#7174,#5960,#5961);
#4578=AXIS2_PLACEMENT_3D('',#7179,#5963,#5964);
#4579=AXIS2_PLACEMENT_3D('',#7183,#5966,#5967);
#4580=AXIS2_PLACEMENT_3D('',#7185,#5969,#5970);
#4581=AXIS2_PLACEMENT_3D('',#7189,#5972,#5973);
#4582=AXIS2_PLACEMENT_3D('',#7191,#5974,#5975);
#4583=AXIS2_PLACEMENT_3D('',#7192,#5976,#5977);
#4584=AXIS2_PLACEMENT_3D('',#7193,#5978,#5979);
#4585=AXIS2_PLACEMENT_3D('',#7195,#5981,#5982);
#4586=AXIS2_PLACEMENT_3D('',#7197,#5984,#5985);
#4587=AXIS2_PLACEMENT_3D('',#7198,#5986,#5987);
#4588=AXIS2_PLACEMENT_3D('',#7201,#5990,#5991);
#4589=AXIS2_PLACEMENT_3D('',#7203,#5993,#5994);
#4590=AXIS2_PLACEMENT_3D('',#7205,#5996,#5997);
#4591=AXIS2_PLACEMENT_3D('',#7207,#5999,#6000);
#4592=AXIS2_PLACEMENT_3D('',#7208,#6001,#6002);
#4593=AXIS2_PLACEMENT_3D('',#7211,#6005,#6006);
#4594=AXIS2_PLACEMENT_3D('',#7213,#6008,#6009);
#4595=AXIS2_PLACEMENT_3D('',#7215,#6011,#6012);
#4596=AXIS2_PLACEMENT_3D('',#7216,#6013,#6014);
#4597=AXIS2_PLACEMENT_3D('',#7218,#6016,#6017);
#4598=AXIS2_PLACEMENT_3D('',#7220,#6019,#6020);
#4599=AXIS2_PLACEMENT_3D('',#7222,#6022,#6023);
#4600=AXIS2_PLACEMENT_3D('',#7223,#6024,#6025);
#4601=AXIS2_PLACEMENT_3D('',#7225,#6027,#6028);
#4602=AXIS2_PLACEMENT_3D('',#7226,#6029,#6030);
#4603=AXIS2_PLACEMENT_3D('',#7227,#6031,#6032);
#4604=DIRECTION('axis',(0.,0.,1.));
#4605=DIRECTION('refdir',(1.,0.,0.));
#4606=DIRECTION('axis',(0.,0.,1.));
#4607=DIRECTION('refdir',(1.,0.,0.));
#4608=DIRECTION('center_axis',(0.,0.,-1.));
#4609=DIRECTION('ref_axis',(0.984651458305332,-0.174532248186927,0.));
#4610=DIRECTION('center_axis',(0.93907698868563,-0.343706865397143,0.));
#4611=DIRECTION('ref_axis',(0.24303745526268,0.66402770675582,0.707106781186582));
#4612=DIRECTION('center_axis',(0.,0.,-1.));
#4613=DIRECTION('ref_axis',(0.984651458305332,-0.174532248186927,0.));
#4614=DIRECTION('center_axis',(1.,0.,0.));
#4615=DIRECTION('ref_axis',(0.,0.,1.));
#4616=DIRECTION('center_axis',(-9.12468202647989E-17,-5.1478346020749E-16,
1.));
#4617=DIRECTION('ref_axis',(0.984651458305332,-0.174532248186927,0.));
#4618=DIRECTION('center_axis',(-1.,0.,0.));
#4619=DIRECTION('ref_axis',(0.,-0.382683432365091,0.923879532511286));
#4620=DIRECTION('center_axis',(1.,0.,0.));
#4621=DIRECTION('ref_axis',(0.,0.,1.));
#4622=DIRECTION('',(1.,0.,0.));
#4623=DIRECTION('',(-1.,0.,0.));
#4624=DIRECTION('center_axis',(0.,0.,-1.));
#4625=DIRECTION('ref_axis',(-1.,0.,0.));
#4626=DIRECTION('center_axis',(-0.939076988685637,-0.343706865397122,0.));
#4627=DIRECTION('ref_axis',(0.,0.,1.));
#4628=DIRECTION('center_axis',(2.85146313327495E-17,-1.60869831314841E-16,
1.));
#4629=DIRECTION('ref_axis',(-0.984651458305332,-0.174532248186926,0.));
#4630=DIRECTION('center_axis',(0.,0.,-1.));
#4631=DIRECTION('ref_axis',(-0.984651458305332,-0.174532248186926,0.));
#4632=DIRECTION('center_axis',(0.939076988685634,0.343706865397132,0.));
#4633=DIRECTION('ref_axis',(-0.131530922977621,0.359369205285301,0.923879532511283));
#4634=DIRECTION('center_axis',(-0.939076988685637,-0.343706865397123,0.));
#4635=DIRECTION('ref_axis',(0.,0.,1.));
#4636=DIRECTION('',(-0.939076988685634,-0.343706865397132,0.));
#4637=DIRECTION('',(0.939076988685634,0.343706865397132,0.));
#4638=DIRECTION('center_axis',(0.,0.,1.));
#4639=DIRECTION('ref_axis',(1.,0.,0.));
#4640=DIRECTION('center_axis',(0.,-1.,0.));
#4641=DIRECTION('ref_axis',(0.,0.,1.));
#4642=DIRECTION('center_axis',(-4.75184226116706E-16,-6.79931799686752E-16,
-1.));
#4643=DIRECTION('ref_axis',(0.819666659501632,-0.572840787044215,0.));
#4644=DIRECTION('center_axis',(0.,0.,1.));
#4645=DIRECTION('ref_axis',(0.819666659501632,-0.572840787044215,0.));
#4646=DIRECTION('center_axis',(-6.02868246588882E-17,1.,0.));
#4647=DIRECTION('ref_axis',(-0.38268343236509,0.,0.923879532511287));
#4648=DIRECTION('center_axis',(0.,-1.,0.));
#4649=DIRECTION('ref_axis',(0.,0.,1.));
#4650=DIRECTION('',(6.02868246588882E-17,-1.,4.35788199605262E-33));
#4651=DIRECTION('',(-6.02868246588882E-17,1.,0.));
#4652=DIRECTION('center_axis',(0.,0.,1.));
#4653=DIRECTION('ref_axis',(1.,0.,0.));
#4654=DIRECTION('center_axis',(0.,1.,0.));
#4655=DIRECTION('ref_axis',(0.,0.,1.));
#4656=DIRECTION('center_axis',(0.,0.,-1.));
#4657=DIRECTION('ref_axis',(-2.22044604925031E-16,1.,0.));
#4658=DIRECTION('center_axis',(0.,0.,1.));
#4659=DIRECTION('ref_axis',(-1.83697019872103E-16,1.,0.));
#4660=DIRECTION('center_axis',(0.,0.,-1.));
#4661=DIRECTION('ref_axis',(-1.,0.,0.));
#4662=DIRECTION('center_axis',(0.,-1.,0.));
#4663=DIRECTION('ref_axis',(0.,0.,1.));
#4664=DIRECTION('center_axis',(-4.84201800378516E-16,0.,1.));
#4665=DIRECTION('ref_axis',(0.,-1.,0.));
#4666=DIRECTION('center_axis',(0.,0.,-1.));
#4667=DIRECTION('ref_axis',(0.,-1.,0.));
#4668=DIRECTION('center_axis',(0.,0.,-1.));
#4669=DIRECTION('ref_axis',(-1.,0.,0.));
#4670=DIRECTION('center_axis',(0.,1.,0.));
#4671=DIRECTION('ref_axis',(0.,0.,1.));
#4672=DIRECTION('center_axis',(0.,0.,1.));
#4673=DIRECTION('ref_axis',(0.,1.,0.));
#4674=DIRECTION('center_axis',(0.,0.,-1.));
#4675=DIRECTION('ref_axis',(6.12323399573676E-17,1.,0.));
#4676=DIRECTION('center_axis',(0.,-1.,0.));
#4677=DIRECTION('ref_axis',(0.382683432365089,0.,0.923879532511287));
#4678=DIRECTION('center_axis',(0.,1.,0.));
#4679=DIRECTION('ref_axis',(0.,0.,1.));
#4680=DIRECTION('',(0.,1.,0.));
#4681=DIRECTION('',(0.,-1.,0.));
#4682=DIRECTION('center_axis',(0.,0.,-1.));
#4683=DIRECTION('ref_axis',(-1.,0.,0.));
#4684=DIRECTION('center_axis',(0.939076988685627,0.343706865397151,0.));
#4685=DIRECTION('ref_axis',(0.,0.,1.));
#4686=DIRECTION('center_axis',(2.16283572872498E-15,3.09475927152854E-15,
1.));
#4687=DIRECTION('ref_axis',(0.819666659501634,-0.572840787044212,0.));
#4688=DIRECTION('center_axis',(0.,0.,-1.));
#4689=DIRECTION('ref_axis',(0.819666659501632,-0.572840787044215,0.));
#4690=DIRECTION('center_axis',(-0.939076988685633,-0.343706865397135,0.));
#4691=DIRECTION('ref_axis',(0.131530922977622,-0.359369205285301,0.923879532511283));
#4692=DIRECTION('center_axis',(0.939076988685633,0.343706865397134,0.));
#4693=DIRECTION('ref_axis',(0.,0.,1.));
#4694=DIRECTION('',(0.939076988685632,0.343706865397135,0.));
#4695=DIRECTION('',(-0.939076988685632,-0.343706865397135,0.));
#4696=DIRECTION('center_axis',(0.,0.,1.));
#4697=DIRECTION('ref_axis',(-1.,-2.18042766540328E-15,0.));
#4698=DIRECTION('center_axis',(-0.939076988685634,0.343706865397132,0.));
#4699=DIRECTION('ref_axis',(0.,0.,1.));
#4700=DIRECTION('center_axis',(6.881073009754E-31,-4.14761166508932E-16,
-1.));
#4701=DIRECTION('ref_axis',(-1.,-1.65904466603573E-15,0.));
#4702=DIRECTION('center_axis',(0.,0.,1.));
#4703=DIRECTION('ref_axis',(-1.,-1.61486985400023E-15,0.));
#4704=DIRECTION('center_axis',(0.939076988685634,-0.343706865397131,0.));
#4705=DIRECTION('ref_axis',(0.131530922977619,0.359369205285284,0.92387953251129));
#4706=DIRECTION('',(-0.939076988685634,0.343706865397131,-1.96261557335472E-17));
#4707=DIRECTION('',(0.939076988685634,-0.343706865397131,0.));
#4708=DIRECTION('center_axis',(0.,0.,-1.));
#4709=DIRECTION('ref_axis',(1.,0.,0.));
#4710=DIRECTION('',(-0.707106781186547,0.,0.707106781186548));
#4711=DIRECTION('center_axis',(0.,0.,-1.));
#4712=DIRECTION('ref_axis',(0.,1.,0.));
#4713=DIRECTION('',(0.707106781186548,0.,0.707106781186547));
#4714=DIRECTION('center_axis',(0.707106781186548,0.,0.707106781186547));
#4715=DIRECTION('ref_axis',(0.707106781186547,0.,-0.707106781186548));
#4716=DIRECTION('',(-0.707106781186549,0.,0.707106781186546));
#4717=DIRECTION('',(0.,-1.,0.));
#4718=DIRECTION('center_axis',(0.,0.,-1.));
#4719=DIRECTION('ref_axis',(0.819666659501633,-0.572840787044214,0.));
#4720=DIRECTION('',(-0.243037455262684,0.664027706755854,0.707106781186548));
#4721=DIRECTION('center_axis',(-3.65630835482611E-16,-2.71704729403742E-16,
-1.));
#4722=DIRECTION('ref_axis',(0.819666659501637,-0.572840787044208,-1.44051854495551E-16));
#4723=DIRECTION('center_axis',(0.243037455262686,-0.664027706755853,0.707106781186548));
#4724=DIRECTION('ref_axis',(0.945699139133591,0.,-0.325043286720375));
#4725=DIRECTION('',(-0.243037455262687,0.664027706755856,0.707106781186545));
#4726=DIRECTION('',(-0.939076988685632,-0.343706865397135,3.92523114670944E-17));
#4727=DIRECTION('center_axis',(0.,0.,1.));
#4728=DIRECTION('ref_axis',(-1.,-1.29205801384544E-14,0.));
#4729=DIRECTION('',(-0.243037455262685,-0.664027706755854,0.707106781186547));
#4730=DIRECTION('center_axis',(-1.33876440384698E-16,-5.35505761538797E-16,
1.));
#4731=DIRECTION('ref_axis',(-1.,-2.14202304615519E-15,-1.33876440384699E-16));
#4732=DIRECTION('center_axis',(0.243037455262683,0.664027706755855,0.707106781186547));
#4733=DIRECTION('ref_axis',(0.945699139133592,0.,-0.325043286720372));
#4734=DIRECTION('',(-0.243037455262684,-0.664027706755853,0.707106781186549));
#4735=DIRECTION('',(0.939076988685634,-0.343706865397131,3.92523114670944E-17));
#4736=DIRECTION('center_axis',(0.,0.,-1.));
#4737=DIRECTION('ref_axis',(-9.68454817581412E-16,-1.,0.));
#4738=DIRECTION('',(0.,-0.707106781186547,-0.707106781186548));
#4739=DIRECTION('center_axis',(-6.92197151759959E-17,-3.90514040812254E-16,
-1.));
#4740=DIRECTION('ref_axis',(0.984651458305332,-0.174532248186927,0.));
#4741=DIRECTION('center_axis',(0.,0.,1.));
#4742=DIRECTION('ref_axis',(1.,0.,0.));
#4743=DIRECTION('',(-0.939076988685634,-0.343706865397131,0.));
#4744=DIRECTION('',(-0.939076988685634,0.343706865397131,0.));
#4745=DIRECTION('center_axis',(0.,0.,1.));
#4746=DIRECTION('ref_axis',(0.984651458305332,-0.174532248186927,0.));
#4747=DIRECTION('',(1.,2.10368093379065E-17,0.));
#4748=DIRECTION('center_axis',(0.,0.,1.));
#4749=DIRECTION('ref_axis',(-0.984651433619442,-0.174532387456248,0.));
#4750=DIRECTION('center_axis',(0.939076988685633,0.343706865397135,-3.92523114670944E-17));
#4751=DIRECTION('ref_axis',(0.317543738124027,-0.867594009298987,0.382683432365094));
#4752=DIRECTION('center_axis',(0.939076988685633,0.343706865397133,1.22663473334671E-15));
#4753=DIRECTION('ref_axis',(0.243037455262684,-0.664027706755856,0.707106781186546));
#4754=DIRECTION('',(0.939076988685632,0.343706865397135,-3.92523114670944E-17));
#4755=DIRECTION('center_axis',(-0.939076988685634,-0.343706865397131,-2.02394731002201E-15));
#4756=DIRECTION('ref_axis',(0.343706865397131,-0.939076988685634,0.));
#4757=DIRECTION('center_axis',(0.,0.,1.));
#4758=DIRECTION('ref_axis',(1.,0.,0.));
#4759=DIRECTION('center_axis',(0.,0.,1.));
#4760=DIRECTION('ref_axis',(0.819666659501635,-0.572840787044211,0.));
#4761=DIRECTION('center_axis',(0.,-1.,0.));
#4762=DIRECTION('ref_axis',(1.,0.,0.));
#4763=DIRECTION('center_axis',(0.,1.,0.));
#4764=DIRECTION('ref_axis',(0.923879532511286,0.,0.382683432365091));
#4765=DIRECTION('',(0.,1.,0.));
#4766=DIRECTION('center_axis',(0.,-1.,0.));
#4767=DIRECTION('ref_axis',(1.,0.,0.));
#4768=DIRECTION('center_axis',(0.,0.,1.));
#4769=DIRECTION('ref_axis',(1.,0.,0.));
#4770=DIRECTION('center_axis',(0.,0.,1.));
#4771=DIRECTION('ref_axis',(6.12323399573677E-17,1.,0.));
#4772=DIRECTION('center_axis',(0.,1.,0.));
#4773=DIRECTION('ref_axis',(-1.,0.,0.));
#4774=DIRECTION('center_axis',(0.,0.,1.));
#4775=DIRECTION('ref_axis',(1.,0.,0.));
#4776=DIRECTION('center_axis',(0.,0.,1.));
#4777=DIRECTION('ref_axis',(0.,-1.,0.));
#4778=DIRECTION('center_axis',(0.,-1.,0.));
#4779=DIRECTION('ref_axis',(1.,0.,0.));
#4780=DIRECTION('center_axis',(1.17930511908347E-15,0.,-1.));
#4781=DIRECTION('ref_axis',(0.,-1.,0.));
#4782=DIRECTION('center_axis',(0.,0.,-1.));
#4783=DIRECTION('ref_axis',(-1.,0.,0.));
#4784=DIRECTION('center_axis',(0.,0.,-1.));
#4785=DIRECTION('ref_axis',(-1.83697019872103E-16,1.,0.));
#4786=DIRECTION('center_axis',(0.,1.,0.));
#4787=DIRECTION('ref_axis',(-1.,0.,0.));
#4788=DIRECTION('center_axis',(-6.57074857388691E-17,-1.45899927115043E-32,
1.));
#4789=DIRECTION('ref_axis',(-2.22044604925031E-16,1.,0.));
#4790=DIRECTION('center_axis',(6.02868246588882E-17,-1.,-8.71576399210525E-33));
#4791=DIRECTION('ref_axis',(-0.923879532511286,0.,0.382683432365091));
#4792=DIRECTION('',(6.02868246588882E-17,-1.,-8.71576399210525E-33));
#4793=DIRECTION('center_axis',(0.,1.,0.));
#4794=DIRECTION('ref_axis',(-1.,0.,0.));
#4795=DIRECTION('',(-6.02868246588882E-17,1.,8.71576399210525E-33));
#4796=DIRECTION('center_axis',(0.,0.,-1.));
#4797=DIRECTION('ref_axis',(-1.,0.,0.));
#4798=DIRECTION('center_axis',(0.,0.,-1.));
#4799=DIRECTION('ref_axis',(0.819666659501631,-0.572840787044216,0.));
#4800=DIRECTION('center_axis',(0.939076988685636,0.343706865397125,-1.77862036335264E-15));
#4801=DIRECTION('ref_axis',(-0.343706865397125,0.939076988685636,0.));
#4802=DIRECTION('center_axis',(-8.43588740243141E-16,-1.20707460143706E-15,
1.));
#4803=DIRECTION('ref_axis',(0.819666659501632,-0.572840787044215,0.));
#4804=DIRECTION('center_axis',(-0.939076988685634,-0.343706865397132,0.));
#4805=DIRECTION('ref_axis',(-0.317543738124019,0.867594009298995,0.382683432365081));
#4806=DIRECTION('',(-0.939076988685634,-0.343706865397132,0.));
#4807=DIRECTION('center_axis',(0.939076988685633,0.343706865397133,5.88784672006426E-15));
#4808=DIRECTION('ref_axis',(-0.343706865397133,0.939076988685633,0.));
#4809=DIRECTION('',(0.939076988685634,0.343706865397132,0.));
#4810=DIRECTION('center_axis',(0.,0.,1.));
#4811=DIRECTION('ref_axis',(-0.984651458305332,-0.174532248186926,0.));
#4812=DIRECTION('center_axis',(0.,0.,1.));
#4813=DIRECTION('ref_axis',(-0.984651458305332,-0.174532248186927,0.));
#4814=DIRECTION('center_axis',(-1.,-3.5527136788005E-14,1.47158218898759E-14));
#4815=DIRECTION('ref_axis',(3.5527136788005E-14,-1.,0.));
#4816=DIRECTION('center_axis',(6.38951217009193E-17,-3.60474499211312E-16,
-1.));
#4817=DIRECTION('ref_axis',(-0.984651458305332,-0.174532248186927,0.));
#4818=DIRECTION('center_axis',(1.,0.,0.));
#4819=DIRECTION('ref_axis',(0.,-0.923879532511287,0.38268343236509));
#4820=DIRECTION('',(1.,0.,0.));
#4821=DIRECTION('center_axis',(-1.,-3.5527136788005E-14,1.47158218898758E-14));
#4822=DIRECTION('ref_axis',(3.5527136788005E-14,-1.,0.));
#4823=DIRECTION('',(-1.,0.,0.));
#4824=DIRECTION('center_axis',(0.,0.,1.));
#4825=DIRECTION('ref_axis',(1.,0.,0.));
#4826=DIRECTION('center_axis',(0.,0.,1.));
#4827=DIRECTION('ref_axis',(0.984651458305332,-0.174532248186927,0.));
#4828=DIRECTION('center_axis',(0.939076988685633,-0.343706865397133,7.11448145341099E-15));
#4829=DIRECTION('ref_axis',(0.343706865397133,0.939076988685633,0.));
#4830=DIRECTION('center_axis',(-0.939076988685634,0.343706865397131,-3.92523114670944E-17));
#4831=DIRECTION('ref_axis',(0.317543738124,0.867594009298997,0.382683432365093));
#4832=DIRECTION('',(-0.939076988685634,0.343706865397131,-3.92523114670944E-17));
#4833=DIRECTION('center_axis',(0.939076988685636,-0.343706865397125,4.72254372338472E-15));
#4834=DIRECTION('ref_axis',(0.343706865397125,0.939076988685636,0.));
#4835=DIRECTION('center_axis',(0.,0.,-1.));
#4836=DIRECTION('ref_axis',(-1.,0.,0.));
#4837=DIRECTION('center_axis',(0.,0.,-1.));
#4838=DIRECTION('ref_axis',(-1.,-2.22044604925031E-15,0.));
#4839=DIRECTION('center_axis',(-0.243037455262685,0.664027706755857,0.707106781186545));
#4840=DIRECTION('ref_axis',(0.945699139133591,0.,0.325043286720375));
#4841=DIRECTION('',(0.243037455262685,-0.664027706755856,0.707106781186545));
#4842=DIRECTION('',(0.243037455262684,-0.664027706755852,0.70710678118655));
#4843=DIRECTION('center_axis',(0.,0.,-1.));
#4844=DIRECTION('ref_axis',(-0.343706865397132,0.939076988685634,0.));
#4845=DIRECTION('',(0.,0.707106781186548,0.707106781186547));
#4846=DIRECTION('center_axis',(0.,-0.707106781186548,0.707106781186547));
#4847=DIRECTION('ref_axis',(1.,0.,0.));
#4848=DIRECTION('center_axis',(-1.,-6.02868246588882E-17,0.));
#4849=DIRECTION('ref_axis',(6.02868246588882E-17,-1.,0.));
#4850=DIRECTION('',(0.,0.,1.));
#4851=DIRECTION('',(-6.02868246588882E-17,1.,-8.71576399210525E-33));
#4852=DIRECTION('',(0.,0.,-1.));
#4853=DIRECTION('center_axis',(0.,0.,1.));
#4854=DIRECTION('ref_axis',(1.,0.,0.));
#4855=DIRECTION('',(0.,0.,1.));
#4856=DIRECTION('center_axis',(0.,0.,1.));
#4857=DIRECTION('ref_axis',(6.12323399573676E-17,1.,0.));
#4858=DIRECTION('center_axis',(0.,0.,1.));
#4859=DIRECTION('ref_axis',(-1.,0.,0.));
#4860=DIRECTION('',(0.,0.,1.));
#4861=DIRECTION('center_axis',(0.,0.,-1.));
#4862=DIRECTION('ref_axis',(0.,-1.,0.));
#4863=DIRECTION('center_axis',(0.,0.,1.));
#4864=DIRECTION('ref_axis',(1.,0.,0.));
#4865=DIRECTION('',(0.,0.,1.));
#4866=DIRECTION('center_axis',(0.,0.,-1.));
#4867=DIRECTION('ref_axis',(6.12323399573677E-17,1.,0.));
#4868=DIRECTION('center_axis',(1.,0.,0.));
#4869=DIRECTION('ref_axis',(0.,1.,0.));
#4870=DIRECTION('',(0.,0.,1.));
#4871=DIRECTION('',(0.,-1.,0.));
#4872=DIRECTION('center_axis',(0.,0.,1.));
#4873=DIRECTION('ref_axis',(0.819666659501633,-0.572840787044214,0.));
#4874=DIRECTION('',(0.,0.,-1.));
#4875=DIRECTION('center_axis',(0.,0.,-1.));
#4876=DIRECTION('ref_axis',(0.819666659501635,-0.572840787044211,0.));
#4877=DIRECTION('center_axis',(0.343706865397135,-0.939076988685633,0.));
#4878=DIRECTION('ref_axis',(0.939076988685632,0.343706865397135,0.));
#4879=DIRECTION('',(0.,0.,1.));
#4880=DIRECTION('',(-0.939076988685632,-0.343706865397135,-3.92523114670944E-17));
#4881=DIRECTION('center_axis',(-1.,0.,0.));
#4882=DIRECTION('ref_axis',(0.,-0.923879532511287,-0.38268343236509));
#4883=DIRECTION('center_axis',(-1.,-3.5527136788005E-14,-1.47158218898758E-14));
#4884=DIRECTION('ref_axis',(3.5527136788005E-14,-0.707106781186547,-0.707106781186548));
#4885=DIRECTION('',(-1.,0.,0.));
#4886=DIRECTION('center_axis',(1.,0.,0.));
#4887=DIRECTION('ref_axis',(0.,-1.,0.));
#4888=DIRECTION('',(1.,0.,0.));
#4889=DIRECTION('center_axis',(0.,0.,-1.));
#4890=DIRECTION('ref_axis',(-1.,0.,0.));
#4891=DIRECTION('center_axis',(0.,0.,-1.));
#4892=DIRECTION('ref_axis',(-0.984651458305332,-0.174532248186927,0.));
#4893=DIRECTION('center_axis',(-0.939076988685634,-0.34370686539713,-8.40244792342493E-15));
#4894=DIRECTION('ref_axis',(-0.34370686539713,0.939076988685634,0.));
#4895=DIRECTION('center_axis',(-3.72721543255362E-17,2.10276791206598E-16,
1.));
#4896=DIRECTION('ref_axis',(-0.984651458305332,-0.174532248186927,0.));
#4897=DIRECTION('center_axis',(0.939076988685634,0.343706865397132,0.));
#4898=DIRECTION('ref_axis',(-0.317543738124018,0.867594009298994,-0.382683432365085));
#4899=DIRECTION('',(0.939076988685634,0.343706865397132,0.));
#4900=DIRECTION('center_axis',(-0.939076988685632,-0.343706865397137,3.25058204336878E-15));
#4901=DIRECTION('ref_axis',(-0.343706865397137,0.939076988685632,0.));
#4902=DIRECTION('',(-0.939076988685634,-0.343706865397132,0.));
#4903=DIRECTION('center_axis',(0.,0.,1.));
#4904=DIRECTION('ref_axis',(1.,0.,0.));
#4905=DIRECTION('center_axis',(0.,0.,1.));
#4906=DIRECTION('ref_axis',(0.819666659501631,-0.572840787044216,0.));
#4907=DIRECTION('center_axis',(0.,-1.,0.));
#4908=DIRECTION('ref_axis',(-1.,0.,0.));
#4909=DIRECTION('center_axis',(8.43588740243141E-16,1.20707460143706E-15,
-1.));
#4910=DIRECTION('ref_axis',(0.819666659501632,-0.572840787044215,0.));
#4911=DIRECTION('center_axis',(-6.02868246588882E-17,1.,-8.71576399210525E-33));
#4912=DIRECTION('ref_axis',(-0.923879532511287,0.,-0.38268343236509));
#4913=DIRECTION('center_axis',(0.,-1.,0.));
#4914=DIRECTION('ref_axis',(-1.,0.,0.));
#4915=DIRECTION('',(6.02868246588882E-17,-1.,8.71576399210525E-33));
#4916=DIRECTION('center_axis',(0.,0.,1.));
#4917=DIRECTION('ref_axis',(1.,0.,0.));
#4918=DIRECTION('center_axis',(0.,1.,0.));
#4919=DIRECTION('ref_axis',(1.,0.,0.));
#4920=DIRECTION('center_axis',(6.57074857388691E-17,0.,-1.));
#4921=DIRECTION('ref_axis',(0.,1.,0.));
#4922=DIRECTION('center_axis',(0.,0.,-1.));
#4923=DIRECTION('ref_axis',(-1.,0.,0.));
#4924=DIRECTION('center_axis',(0.,-1.,0.));
#4925=DIRECTION('ref_axis',(-1.,0.,0.));
#4926=DIRECTION('center_axis',(-7.07583071450079E-16,0.,1.));
#4927=DIRECTION('ref_axis',(0.,-1.,0.));
#4928=DIRECTION('center_axis',(0.,0.,-1.));
#4929=DIRECTION('ref_axis',(-1.,0.,0.));
#4930=DIRECTION('center_axis',(0.,1.,0.));
#4931=DIRECTION('ref_axis',(1.,0.,0.));
#4932=DIRECTION('center_axis',(0.,0.,1.));
#4933=DIRECTION('ref_axis',(0.,1.,0.));
#4934=DIRECTION('center_axis',(0.,-1.,0.));
#4935=DIRECTION('ref_axis',(0.923879532511287,0.,-0.382683432365089));
#4936=DIRECTION('center_axis',(0.,1.,0.));
#4937=DIRECTION('ref_axis',(1.,0.,0.));
#4938=DIRECTION('',(0.,1.,0.));
#4939=DIRECTION('center_axis',(0.,0.,-1.));
#4940=DIRECTION('ref_axis',(-1.,0.,0.));
#4941=DIRECTION('center_axis',(0.939076988685633,0.343706865397135,-9.38375571010191E-15));
#4942=DIRECTION('ref_axis',(0.343706865397135,-0.939076988685632,0.));
#4943=DIRECTION('center_axis',(-7.78224724004656E-16,-8.62077241250662E-16,
1.));
#4944=DIRECTION('ref_axis',(0.819666659501637,-0.572840787044208,1.44051854495551E-16));
#4945=DIRECTION('center_axis',(-0.939076988685633,-0.343706865397135,-3.92523114670944E-17));
#4946=DIRECTION('ref_axis',(0.317543738124027,-0.867594009298986,-0.382683432365095));
#4947=DIRECTION('center_axis',(0.939076988685633,0.343706865397133,-1.2266347333467E-15));
#4948=DIRECTION('ref_axis',(0.343706865397133,-0.939076988685633,0.));
#4949=DIRECTION('',(0.939076988685632,0.343706865397135,3.92523114670944E-17));
#4950=DIRECTION('center_axis',(0.,0.,1.));
#4951=DIRECTION('ref_axis',(-1.,-2.70682946956229E-15,0.));
#4952=DIRECTION('center_axis',(0.,0.,1.));
#4953=DIRECTION('ref_axis',(-1.,-2.22044604925031E-15,0.));
#4954=DIRECTION('center_axis',(-0.939076988685633,0.343706865397135,-2.33060599335878E-15));
#4955=DIRECTION('ref_axis',(0.343706865397135,0.939076988685633,0.));
#4956=DIRECTION('center_axis',(-1.338764403847E-16,5.35505761538797E-16,
-1.));
#4957=DIRECTION('ref_axis',(-1.,-2.14202304615519E-15,1.33876440384699E-16));
#4958=DIRECTION('center_axis',(0.939076988685634,-0.343706865397131,-3.92523114670944E-17));
#4959=DIRECTION('ref_axis',(0.317543738124,0.867594009298996,-0.382683432365094));
#4960=DIRECTION('',(0.939076988685634,-0.343706865397131,-3.92523114670944E-17));
#4961=DIRECTION('center_axis',(-0.939076988685635,0.343706865397127,9.62908265677127E-15));
#4962=DIRECTION('ref_axis',(0.343706865397127,0.939076988685635,0.));
#4963=DIRECTION('',(-0.939076988685634,0.343706865397131,3.92523114670944E-17));
#4964=DIRECTION('center_axis',(0.,0.,-1.));
#4965=DIRECTION('ref_axis',(0.984651458305332,-0.174532248186927,0.));
#4966=DIRECTION('center_axis',(0.,0.,-1.));
#4967=DIRECTION('ref_axis',(0.984651458305332,-0.174532248186927,0.));
#4968=DIRECTION('center_axis',(4.25967478006129E-17,2.40316332807541E-16,
1.));
#4969=DIRECTION('ref_axis',(0.984651458305332,-0.174532248186927,0.));
#4970=DIRECTION('center_axis',(0.707106781186548,0.,-0.707106781186547));
#4971=DIRECTION('ref_axis',(-0.707106781186547,0.,-0.707106781186548));
#4972=DIRECTION('',(0.707106781186549,0.,0.707106781186546));
#4973=DIRECTION('',(0.,-1.,0.));
#4974=DIRECTION('',(0.707106781186547,0.,0.707106781186548));
#4975=DIRECTION('center_axis',(0.,0.,1.));
#4976=DIRECTION('ref_axis',(0.819666659501633,-0.572840787044214,0.));
#4977=DIRECTION('',(0.243037455262684,-0.664027706755854,0.707106781186548));
#4978=DIRECTION('center_axis',(-2.01331281632314E-15,-3.40717973087073E-15,
-1.));
#4979=DIRECTION('ref_axis',(0.819666659501634,-0.572840787044212,3.01526127945662E-16));
#4980=DIRECTION('center_axis',(0.243037455262686,-0.664027706755853,-0.707106781186548));
#4981=DIRECTION('ref_axis',(-0.945699139133591,0.,-0.325043286720375));
#4982=DIRECTION('',(0.243037455262687,-0.664027706755856,0.707106781186545));
#4983=DIRECTION('',(-0.939076988685632,-0.343706865397135,0.));
#4984=DIRECTION('center_axis',(0.,0.,-1.));
#4985=DIRECTION('ref_axis',(-1.,-1.29205801384544E-14,0.));
#4986=DIRECTION('',(0.243037455262685,0.664027706755854,0.707106781186547));
#4987=DIRECTION('center_axis',(-7.31114007286362E-31,4.4068373941574E-16,
1.));
#4988=DIRECTION('ref_axis',(-1.,-1.65904466603573E-15,0.));
#4989=DIRECTION('center_axis',(0.243037455262683,0.664027706755855,-0.707106781186547));
#4990=DIRECTION('ref_axis',(-0.945699139133592,0.,-0.325043286720372));
#4991=DIRECTION('',(-0.243037455262683,-0.664027706755855,-0.707106781186547));
#4992=DIRECTION('',(0.939076988685634,-0.343706865397131,-1.96261557335472E-17));
#4993=DIRECTION('center_axis',(0.,0.,1.));
#4994=DIRECTION('ref_axis',(-9.68454817581412E-16,-1.,0.));
#4995=DIRECTION('',(0.,-0.707106781186548,0.707106781186547));
#4996=DIRECTION('center_axis',(1.01966547498483E-16,6.10363784779937E-16,
-1.));
#4997=DIRECTION('ref_axis',(0.984651458305332,-0.174532248186927,-6.12665387678313E-18));
#4998=DIRECTION('center_axis',(0.,-0.707106781186547,-0.707106781186548));
#4999=DIRECTION('ref_axis',(-1.,0.,0.));
#5000=DIRECTION('',(0.,-0.707106781186548,0.707106781186547));
#5001=DIRECTION('',(-1.,0.,0.));
#5002=DIRECTION('center_axis',(0.,0.,1.));
#5003=DIRECTION('ref_axis',(0.819666659501635,-0.572840787044211,0.));
#5004=DIRECTION('',(0.,0.,1.));
#5005=DIRECTION('center_axis',(-0.343706865397132,0.939076988685634,0.));
#5006=DIRECTION('ref_axis',(-0.939076988685634,-0.343706865397132,0.));
#5007=DIRECTION('',(0.,0.,1.));
#5008=DIRECTION('center_axis',(0.,0.,1.));
#5009=DIRECTION('ref_axis',(-0.343706865397132,0.939076988685634,0.));
#5010=DIRECTION('',(0.,0.,1.));
#5011=DIRECTION('center_axis',(0.,-1.,0.));
#5012=DIRECTION('ref_axis',(1.,0.,0.));
#5013=DIRECTION('',(0.,0.,1.));
#5014=DIRECTION('center_axis',(-0.939076988685634,-0.343706865397131,7.85046229341888E-17));
#5015=DIRECTION('ref_axis',(0.317543738124034,-0.867594009298986,-0.38268343236509));
#5016=DIRECTION('',(-0.939076988685634,-0.343706865397131,7.85046229341888E-17));
#5017=DIRECTION('center_axis',(0.939076988685629,0.343706865397125,-1.17172927042234E-7));
#5018=DIRECTION('ref_axis',(0.343706865397127,-0.939076988685635,0.));
#5019=DIRECTION('',(0.939076988685634,0.343706865397131,-7.85046229341888E-17));
#5020=DIRECTION('center_axis',(-1.,0.,2.79753905718983E-15));
#5021=DIRECTION('ref_axis',(2.07438621827601E-29,1.,7.41503934661689E-15));
#5022=DIRECTION('center_axis',(0.,0.,1.));
#5023=DIRECTION('ref_axis',(-0.984651433619442,-0.174532387456248,0.));
#5024=DIRECTION('center_axis',(0.,0.,1.));
#5025=DIRECTION('ref_axis',(-0.984651433619442,-0.174532387456248,0.));
#5026=DIRECTION('center_axis',(-1.,0.,0.));
#5027=DIRECTION('ref_axis',(0.,1.,0.));
#5028=DIRECTION('center_axis',(-3.59135779513219E-18,2.02611999592553E-17,
-1.));
#5029=DIRECTION('ref_axis',(-0.984651433619442,-0.174532387456248,0.));
#5030=DIRECTION('center_axis',(1.,2.10368093379065E-17,0.));
#5031=DIRECTION('ref_axis',(0.,0.923879532511287,-0.382683432365089));
#5032=DIRECTION('',(1.,2.10368093379065E-17,0.));
#5033=DIRECTION('center_axis',(-1.,0.,0.));
#5034=DIRECTION('ref_axis',(0.,1.,0.));
#5035=DIRECTION('',(-1.,-2.10368093379065E-17,2.17894099802631E-33));
#5036=DIRECTION('center_axis',(0.,0.,1.));
#5037=DIRECTION('ref_axis',(1.,0.,0.));
#5038=DIRECTION('center_axis',(0.,0.,1.));
#5039=DIRECTION('ref_axis',(0.984651458305332,-0.174532248186927,0.));
#5040=DIRECTION('center_axis',(0.939076988685624,-0.343706865397159,-8.46377966009197E-15));
#5041=DIRECTION('ref_axis',(-0.343706865397159,-0.939076988685624,0.));
#5042=DIRECTION('center_axis',(0.,0.,-1.));
#5043=DIRECTION('ref_axis',(0.984651458305332,-0.174532248186927,0.));
#5044=DIRECTION('center_axis',(-0.939076988685634,0.343706865397131,-3.92523114670945E-17));
#5045=DIRECTION('ref_axis',(-0.317543738124019,-0.867594009298993,-0.382683432365085));
#5046=DIRECTION('',(-0.939076988685634,0.343706865397131,-3.92523114670945E-17));
#5047=DIRECTION('',(0.939076988685634,-0.343706865397131,3.92523114670945E-17));
#5048=DIRECTION('center_axis',(0.,0.,-1.));
#5049=DIRECTION('ref_axis',(0.,-1.,0.));
#5050=DIRECTION('',(-0.243037455262684,-0.664027706755852,0.70710678118655));
#5051=DIRECTION('center_axis',(-2.22504376559028E-17,-1.25529385620196E-16,
1.));
#5052=DIRECTION('ref_axis',(0.984651458305332,-0.174532248186927,0.));
#5053=DIRECTION('',(0.,0.707106781186547,0.707106781186548));
#5054=DIRECTION('center_axis',(-0.243037455262684,-0.664027706755857,-0.707106781186545));
#5055=DIRECTION('ref_axis',(-0.945699139133592,0.,0.325043286720374));
#5056=DIRECTION('',(4.62337097084143E-15,-0.728963359076106,0.684552716103355));
#5057=DIRECTION('',(-0.939076988685634,0.343706865397131,-1.96261557335471E-17));
#5058=DIRECTION('center_axis',(0.243037455262683,-0.664027706755855,-0.707106781186547));
#5059=DIRECTION('ref_axis',(-0.945699139133592,0.,-0.325043286720372));
#5060=DIRECTION('',(0.243037643103134,-0.664027638005286,0.707106781186543));
#5061=DIRECTION('',(-0.939076988685634,-0.343706865397131,0.));
#5062=DIRECTION('center_axis',(-2.10368093379065E-17,1.,0.));
#5063=DIRECTION('ref_axis',(-1.,-2.10368093379065E-17,0.));
#5064=DIRECTION('',(0.,0.,1.));
#5065=DIRECTION('',(-1.,-2.10368093379065E-17,0.));
#5066=DIRECTION('',(0.,0.,1.));
#5067=DIRECTION('center_axis',(0.,0.,1.));
#5068=DIRECTION('ref_axis',(-0.343707131043638,0.939076891457644,0.));
#5069=DIRECTION('',(0.,0.,1.));
#5070=DIRECTION('center_axis',(0.,0.,-1.));
#5071=DIRECTION('ref_axis',(-0.984651433619442,-0.174532387456248,0.));
#5072=DIRECTION('center_axis',(0.343706865397131,-0.939076988685634,0.));
#5073=DIRECTION('ref_axis',(0.939076988685634,0.343706865397131,0.));
#5074=DIRECTION('',(0.,0.,1.));
#5075=DIRECTION('',(0.939076988685634,0.343706865397131,7.85046229341888E-17));
#5076=DIRECTION('center_axis',(0.939076988685634,-0.343706865397131,-3.92523114670944E-17));
#5077=DIRECTION('ref_axis',(-0.317543738124018,-0.867594009298994,0.382683432365085));
#5078=DIRECTION('',(0.939076988685634,-0.343706865397131,-3.92523114670944E-17));
#5079=DIRECTION('center_axis',(-0.93907698868562,0.34370686539717,-4.90653893338682E-15));
#5080=DIRECTION('ref_axis',(-0.34370686539717,-0.93907698868562,0.));
#5081=DIRECTION('',(-0.939076988685634,0.343706865397131,3.92523114670944E-17));
#5082=DIRECTION('center_axis',(1.,2.19594443453445E-14,-9.68599995485939E-15));
#5083=DIRECTION('ref_axis',(-2.19594443453447E-14,1.,-2.63499169505575E-14));
#5084=DIRECTION('center_axis',(0.,0.,-1.));
#5085=DIRECTION('ref_axis',(0.984651458305332,-0.174532248186926,0.));
#5086=DIRECTION('center_axis',(0.,0.,-1.));
#5087=DIRECTION('ref_axis',(0.984651458305332,-0.174532248186927,0.));
#5088=DIRECTION('center_axis',(1.,-3.55271367880048E-14,-1.47158218898757E-14));
#5089=DIRECTION('ref_axis',(3.55271367880048E-14,1.,0.));
#5090=DIRECTION('center_axis',(-1.43654197175346E-17,-8.10448018688736E-17,
1.));
#5091=DIRECTION('ref_axis',(0.984651458305332,-0.174532248186927,0.));
#5092=DIRECTION('center_axis',(-1.,-2.10368093379065E-17,0.));
#5093=DIRECTION('ref_axis',(0.,0.923879532511287,0.38268343236509));
#5094=DIRECTION('center_axis',(1.,3.5527136788005E-14,1.47158218898758E-14));
#5095=DIRECTION('ref_axis',(-3.5527136788005E-14,1.,0.));
#5096=DIRECTION('',(1.,2.10368093379065E-17,0.));
#5097=DIRECTION('center_axis',(0.,0.,-1.));
#5098=DIRECTION('ref_axis',(-1.,0.,0.));
#5099=DIRECTION('center_axis',(-0.939076891457649,-0.343707131043625,-2.10981174135637E-14));
#5100=DIRECTION('ref_axis',(0.343707131043625,-0.939076891457649,0.));
#5101=DIRECTION('center_axis',(3.59135779513219E-17,-2.02611999592553E-16,
1.));
#5102=DIRECTION('ref_axis',(-0.984651433619442,-0.174532387456248,0.));
#5103=DIRECTION('center_axis',(0.939076988685634,0.343706865397131,7.85046229341888E-17));
#5104=DIRECTION('ref_axis',(0.317543738124006,-0.867594009298993,0.382683432365097));
#5105=DIRECTION('',(-0.939076988685634,-0.343706865397131,-7.85046229341888E-17));
#5106=DIRECTION('center_axis',(0.,0.,1.));
#5107=DIRECTION('ref_axis',(-0.343707131043638,0.939076891457644,0.));
#5108=DIRECTION('',(-0.243037643103134,0.664027638005286,0.707106781186543));
#5109=DIRECTION('center_axis',(9.22981854077884E-17,-5.207144754439E-16,
-1.));
#5110=DIRECTION('ref_axis',(-0.984651433619442,-0.174532387456248,0.));
#5111=DIRECTION('',(0.,-0.707106781186548,0.707106781186547));
#5112=DIRECTION('center_axis',(0.243037455262683,-0.664027706755855,0.707106781186547));
#5113=DIRECTION('ref_axis',(0.945699139133592,0.,-0.325043286720372));
#5114=DIRECTION('',(0.,-0.728963359076108,-0.684552716103353));
#5115=DIRECTION('',(0.939076988685634,0.343706865397131,0.));
#5116=DIRECTION('center_axis',(-0.243037455262683,-0.664027706755855,0.707106781186547));
#5117=DIRECTION('ref_axis',(0.945699139133592,0.,0.325043286720372));
#5118=DIRECTION('',(0.243037455262683,0.664027706755854,0.707106781186548));
#5119=DIRECTION('',(0.939076988685634,-0.343706865397131,-1.96261557335472E-17));
#5120=DIRECTION('center_axis',(0.,0.,1.));
#5121=DIRECTION('ref_axis',(0.,-1.,0.));
#5122=DIRECTION('',(0.,0.,1.));
#5123=DIRECTION('center_axis',(-0.343706865397131,-0.939076988685634,0.));
#5124=DIRECTION('ref_axis',(0.939076988685634,-0.343706865397131,0.));
#5125=DIRECTION('center_axis',(-0.939076988685634,-0.343706865397131,0.));
#5126=DIRECTION('ref_axis',(0.131530922977618,-0.359369205285301,0.923879532511283));
#5127=DIRECTION('center_axis',(0.939076988685621,0.343706865397167,-3.33627166315019E-14));
#5128=DIRECTION('ref_axis',(3.5527136788005E-14,0.,1.));
#5129=DIRECTION('center_axis',(1.,-1.1579575182808E-14,-5.55111512312578E-16));
#5130=DIRECTION('ref_axis',(-1.1579575182808E-14,-1.,1.51667743606146E-15));
#5131=DIRECTION('center_axis',(0.,0.,1.));
#5132=DIRECTION('ref_axis',(-0.984651434199389,-0.174532384184389,0.));
#5133=DIRECTION('center_axis',(-1.,0.,0.));
#5134=DIRECTION('ref_axis',(0.,0.,1.));
#5135=DIRECTION('center_axis',(1.,2.10368093379065E-17,0.));
#5136=DIRECTION('ref_axis',(0.,0.38268343236509,0.923879532511287));
#5137=DIRECTION('center_axis',(-1.,0.,0.));
#5138=DIRECTION('ref_axis',(0.,0.,1.));
#5139=DIRECTION('',(-1.,-2.10368093379065E-17,0.));
#5140=DIRECTION('center_axis',(0.,0.,1.));
#5141=DIRECTION('ref_axis',(1.,0.,0.));
#5142=DIRECTION('center_axis',(0.939076988685637,-0.343706865397122,0.));
#5143=DIRECTION('ref_axis',(0.,0.,1.));
#5144=DIRECTION('center_axis',(6.59272226841564E-18,3.71938920356137E-17,
-1.));
#5145=DIRECTION('ref_axis',(0.984651458305332,-0.174532248186927,0.));
#5146=DIRECTION('center_axis',(-0.939076988685634,0.343706865397131,0.));
#5147=DIRECTION('ref_axis',(-0.13153092297762,-0.359369205285301,0.923879532511283));
#5148=DIRECTION('center_axis',(0.,0.,1.));
#5149=DIRECTION('ref_axis',(0.,-1.,0.));
#5150=DIRECTION('',(0.,-0.707106781186547,0.707106781186548));
#5151=DIRECTION('center_axis',(0.,0.,1.));
#5152=DIRECTION('ref_axis',(1.,0.,0.));
#5153=DIRECTION('center_axis',(0.939076988685628,0.343706865397149,0.));
#5154=DIRECTION('ref_axis',(0.243037455262691,-0.664027706755839,-0.70710678118656));
#5155=DIRECTION('center_axis',(0.,0.,1.));
#5156=DIRECTION('ref_axis',(0.819666659501632,-0.572840787044215,0.));
#5157=DIRECTION('center_axis',(0.,-1.,0.));
#5158=DIRECTION('ref_axis',(0.,0.,-1.));
#5159=DIRECTION('center_axis',(0.,1.,0.));
#5160=DIRECTION('ref_axis',(0.38268343236509,0.,-0.923879532511287));
#5161=DIRECTION('center_axis',(0.,-1.,0.));
#5162=DIRECTION('ref_axis',(0.,0.,-1.));
#5163=DIRECTION('',(0.,1.,0.));
#5164=DIRECTION('center_axis',(0.,0.,1.));
#5165=DIRECTION('ref_axis',(1.,0.,0.));
#5166=DIRECTION('center_axis',(0.,1.,0.));
#5167=DIRECTION('ref_axis',(0.,0.,-1.));
#5168=DIRECTION('center_axis',(0.,0.,-1.));
#5169=DIRECTION('ref_axis',(0.,1.,0.));
#5170=DIRECTION('center_axis',(0.,0.,1.));
#5171=DIRECTION('ref_axis',(6.12323399573676E-17,1.,0.));
#5172=DIRECTION('center_axis',(0.,0.,1.));
#5173=DIRECTION('ref_axis',(1.,0.,0.));
#5174=DIRECTION('center_axis',(0.,-1.,0.));
#5175=DIRECTION('ref_axis',(0.,0.,-1.));
#5176=DIRECTION('center_axis',(4.23676575331201E-16,0.,-1.));
#5177=DIRECTION('ref_axis',(0.,-1.,0.));
#5178=DIRECTION('center_axis',(0.,0.,1.));
#5179=DIRECTION('ref_axis',(0.,-1.,0.));
#5180=DIRECTION('center_axis',(0.,0.,-1.));
#5181=DIRECTION('ref_axis',(-1.,0.,0.));
#5182=DIRECTION('center_axis',(0.,1.,0.));
#5183=DIRECTION('ref_axis',(0.,0.,-1.));
#5184=DIRECTION('center_axis',(0.,0.,1.));
#5185=DIRECTION('ref_axis',(0.,1.,0.));
#5186=DIRECTION('center_axis',(0.,0.,-1.));
#5187=DIRECTION('ref_axis',(6.12323399573676E-17,1.,0.));
#5188=DIRECTION('center_axis',(6.02868246588882E-17,-1.,0.));
#5189=DIRECTION('ref_axis',(-0.38268343236509,0.,-0.923879532511287));
#5190=DIRECTION('center_axis',(0.,1.,0.));
#5191=DIRECTION('ref_axis',(0.,0.,-1.));
#5192=DIRECTION('',(-6.02868246588882E-17,1.,4.35788199605262E-33));
#5193=DIRECTION('',(6.02868246588882E-17,-1.,0.));
#5194=DIRECTION('center_axis',(0.,0.,-1.));
#5195=DIRECTION('ref_axis',(-1.,0.,0.));
#5196=DIRECTION('center_axis',(0.939076988685635,0.343706865397129,0.));
#5197=DIRECTION('ref_axis',(0.,0.,-1.));
#5198=DIRECTION('center_axis',(4.8260897964978E-16,6.90555734056858E-16,
1.));
#5199=DIRECTION('ref_axis',(0.819666659501632,-0.572840787044215,0.));
#5200=DIRECTION('center_axis',(0.,0.,-1.));
#5201=DIRECTION('ref_axis',(0.819666659501632,-0.572840787044215,0.));
#5202=DIRECTION('center_axis',(-0.939076988685634,-0.343706865397132,0.));
#5203=DIRECTION('ref_axis',(-0.131530922977621,0.359369205285301,-0.923879532511283));
#5204=DIRECTION('center_axis',(0.939076988685652,0.343706865397082,0.));
#5205=DIRECTION('ref_axis',(0.,0.,-1.));
#5206=DIRECTION('',(0.939076988685634,0.343706865397132,0.));
#5207=DIRECTION('',(-0.939076988685634,-0.343706865397132,0.));
#5208=DIRECTION('center_axis',(0.,0.,1.));
#5209=DIRECTION('ref_axis',(-0.984651458305332,-0.174532248186926,0.));
#5210=DIRECTION('center_axis',(-1.,0.,0.));
#5211=DIRECTION('ref_axis',(0.,0.,-1.));
#5212=DIRECTION('center_axis',(5.19202843246708E-18,1.75127146981215E-17,
-1.));
#5213=DIRECTION('ref_axis',(-0.984651458305332,-0.174532248186926,-8.16887183571084E-18));
#5214=DIRECTION('center_axis',(0.,0.,1.));
#5215=DIRECTION('ref_axis',(-0.984651458305332,-0.174532248186926,0.));
#5216=DIRECTION('center_axis',(1.,0.,0.));
#5217=DIRECTION('ref_axis',(0.,-0.382683432365088,-0.923879532511287));
#5218=DIRECTION('center_axis',(-1.,0.,0.));
#5219=DIRECTION('ref_axis',(0.,0.,-1.));
#5220=DIRECTION('',(1.,0.,0.));
#5221=DIRECTION('center_axis',(0.,0.,1.));
#5222=DIRECTION('ref_axis',(1.,0.,0.));
#5223=DIRECTION('center_axis',(0.939076988685633,-0.343706865397134,0.));
#5224=DIRECTION('ref_axis',(0.,0.,-1.));
#5225=DIRECTION('center_axis',(0.,0.,1.));
#5226=DIRECTION('ref_axis',(0.984651458305332,-0.174532248186927,0.));
#5227=DIRECTION('center_axis',(-0.939076988685634,0.343706865397131,0.));
#5228=DIRECTION('ref_axis',(0.131530922977619,0.359369205285284,-0.92387953251129));
#5229=DIRECTION('center_axis',(0.939076988685636,-0.343706865397126,0.));
#5230=DIRECTION('ref_axis',(0.,0.,-1.));
#5231=DIRECTION('',(-0.939076988685634,0.343706865397131,0.));
#5232=DIRECTION('center_axis',(0.,0.,-1.));
#5233=DIRECTION('ref_axis',(-1.,0.,0.));
#5234=DIRECTION('center_axis',(-0.939076988685634,-0.343706865397132,0.));
#5235=DIRECTION('ref_axis',(0.,0.,-1.));
#5236=DIRECTION('center_axis',(0.,0.,-1.));
#5237=DIRECTION('ref_axis',(-1.,-1.61486985400023E-15,0.));
#5238=DIRECTION('center_axis',(0.939076988685633,0.343706865397135,0.));
#5239=DIRECTION('ref_axis',(0.131530922977622,-0.359369205285301,-0.923879532511283));
#5240=DIRECTION('',(0.939076988685632,0.343706865397135,0.));
#5241=DIRECTION('center_axis',(0.,0.,1.));
#5242=DIRECTION('ref_axis',(-0.343706865397132,0.939076988685634,0.));
#5243=DIRECTION('',(-0.243037455262684,0.664027706755852,0.70710678118655));
#5244=DIRECTION('center_axis',(0.,0.,1.));
#5245=DIRECTION('ref_axis',(1.,0.,0.));
#5246=DIRECTION('',(0.939076988685634,-0.343706865397131,0.));
#5247=DIRECTION('',(0.939076988685634,0.343706865397131,0.));
#5248=DIRECTION('center_axis',(0.,0.,-1.));
#5249=DIRECTION('ref_axis',(-0.984651433619442,-0.174532387456248,0.));
#5250=DIRECTION('',(-1.,-2.10368093379065E-17,0.));
#5251=DIRECTION('center_axis',(0.,0.,-1.));
#5252=DIRECTION('ref_axis',(0.984651458305332,-0.174532248186927,0.));
#5253=DIRECTION('center_axis',(0.939076988685634,-0.343706865397131,0.));
#5254=DIRECTION('ref_axis',(-0.131530922977621,-0.359369205285284,-0.923879532511289));
#5255=DIRECTION('center_axis',(-0.939076988685636,0.343706865397126,0.));
#5256=DIRECTION('ref_axis',(0.,0.,-1.));
#5257=DIRECTION('center_axis',(1.,1.73325339572847E-16,2.22044604925031E-15));
#5258=DIRECTION('ref_axis',(-1.7332533957286E-16,1.,6.06670974424563E-15));
#5259=DIRECTION('center_axis',(0.,0.,-1.));
#5260=DIRECTION('ref_axis',(0.984651458305332,-0.174532248186926,0.));
#5261=DIRECTION('center_axis',(1.,0.,0.));
#5262=DIRECTION('ref_axis',(0.,0.,-1.));
#5263=DIRECTION('center_axis',(-1.,-2.10368093379065E-17,0.));
#5264=DIRECTION('ref_axis',(0.,0.382683432365089,-0.923879532511287));
#5265=DIRECTION('center_axis',(1.,0.,0.));
#5266=DIRECTION('ref_axis',(0.,0.,-1.));
#5267=DIRECTION('',(1.,2.10368093379065E-17,0.));
#5268=DIRECTION('center_axis',(0.,0.,-1.));
#5269=DIRECTION('ref_axis',(-1.,0.,0.));
#5270=DIRECTION('center_axis',(-0.939076891457638,-0.343707131043653,0.));
#5271=DIRECTION('ref_axis',(0.,0.,-1.));
#5272=DIRECTION('center_axis',(-6.26309115267135E-17,3.53341965479789E-16,
1.));
#5273=DIRECTION('ref_axis',(-0.984651433619442,-0.174532387456248,0.));
#5274=DIRECTION('center_axis',(0.939076988685634,0.343706865397131,0.));
#5275=DIRECTION('ref_axis',(0.131530922977618,-0.359369205285301,-0.923879532511283));
#5276=DIRECTION('center_axis',(0.,0.,-1.));
#5277=DIRECTION('ref_axis',(-0.343707131043638,0.939076891457644,0.));
#5278=DIRECTION('',(0.,0.707106781186547,0.707106781186548));
#5279=DIRECTION('center_axis',(0.,0.,1.));
#5280=DIRECTION('ref_axis',(1.,0.,0.));
#5281=DIRECTION('',(-0.707106781186548,0.,0.707106781186547));
#5282=DIRECTION('center_axis',(0.,0.,1.));
#5283=DIRECTION('ref_axis',(-1.,0.,0.));
#5284=DIRECTION('',(0.707106781186548,0.,0.707106781186547));
#5285=DIRECTION('center_axis',(0.,0.,-1.));
#5286=DIRECTION('ref_axis',(1.,0.,0.));
#5287=DIRECTION('',(-0.707106781186548,0.,0.707106781186547));
#5288=DIRECTION('center_axis',(-0.707106781186548,-4.26292225325042E-17,
-0.707106781186547));
#5289=DIRECTION('ref_axis',(-0.707106781186547,0.,0.707106781186548));
#5290=DIRECTION('',(-0.707106781186547,0.,0.707106781186548));
#5291=DIRECTION('center_axis',(0.,0.,-1.));
#5292=DIRECTION('ref_axis',(0.819666659501635,-0.572840787044211,0.));
#5293=DIRECTION('',(-0.243037455262685,0.664027706755856,0.707106781186545));
#5294=DIRECTION('center_axis',(-0.243037455262685,0.664027706755857,-0.707106781186545));
#5295=DIRECTION('ref_axis',(-0.945699139133591,0.,0.325043286720375));
#5296=DIRECTION('center_axis',(0.,0.,1.));
#5297=DIRECTION('ref_axis',(-9.68454817581412E-16,-1.,0.));
#5298=DIRECTION('',(0.,0.,1.));
#5299=DIRECTION('center_axis',(0.343706865397131,0.939076988685634,0.));
#5300=DIRECTION('ref_axis',(-0.939076988685634,0.343706865397131,0.));
#5301=DIRECTION('',(0.,0.,-1.));
#5302=DIRECTION('center_axis',(-1.48752705373622E-17,0.707106781186548,
-0.707106781186547));
#5303=DIRECTION('ref_axis',(-1.,0.,2.10368093379065E-17));
#5304=DIRECTION('center_axis',(-1.48752705373622E-17,0.707106781186547,
0.707106781186548));
#5305=DIRECTION('ref_axis',(1.,0.,2.10368093379065E-17));
#5306=DIRECTION('center_axis',(0.,0.,-1.));
#5307=DIRECTION('ref_axis',(-1.,0.,0.));
#5308=DIRECTION('',(-0.707106781186548,0.,0.707106781186547));
#5309=DIRECTION('center_axis',(0.,0.,1.));
#5310=DIRECTION('ref_axis',(1.,0.,0.));
#5311=DIRECTION('',(0.707106781186548,0.,0.707106781186547));
#5312=DIRECTION('center_axis',(-0.707106781186548,-4.26292225325042E-17,
0.707106781186547));
#5313=DIRECTION('ref_axis',(0.707106781186547,0.,0.707106781186548));
#5314=DIRECTION('',(0.707106781186547,0.,0.707106781186548));
#5315=DIRECTION('center_axis',(0.,0.,1.));
#5316=DIRECTION('ref_axis',(0.819666659501635,-0.572840787044211,0.));
#5317=DIRECTION('center_axis',(0.,0.,1.));
#5318=DIRECTION('ref_axis',(-1.,-1.29205801384544E-14,0.));
#5319=DIRECTION('axis',(0.,0.,1.));
#5320=DIRECTION('refdir',(1.,0.,0.));
#5321=DIRECTION('center_axis',(0.939076988685634,-0.343706865397131,0.));
#5322=DIRECTION('ref_axis',(-0.243037455262708,-0.664027706755848,-0.707106781186545));
#5323=DIRECTION('',(0.939076988685634,-0.343706865397131,0.));
#5324=DIRECTION('center_axis',(-0.939076988685622,0.343706865397164,0.));
#5325=DIRECTION('ref_axis',(0.,0.,-1.));
#5326=DIRECTION('',(-0.939076988685634,0.343706865397131,0.));
#5327=DIRECTION('center_axis',(-1.,4.44836221753368E-14,-5.26791909949708E-28));
#5328=DIRECTION('ref_axis',(-4.44836221753368E-14,-1.,1.4393025285889E-27));
#5329=DIRECTION('center_axis',(0.,0.,-1.));
#5330=DIRECTION('ref_axis',(0.984651458305332,-0.174532248186928,0.));
#5331=DIRECTION('center_axis',(1.,0.,0.));
#5332=DIRECTION('ref_axis',(0.,0.,-1.));
#5333=DIRECTION('center_axis',(0.,0.,1.));
#5334=DIRECTION('ref_axis',(0.984651458305332,-0.174532248186927,0.));
#5335=DIRECTION('center_axis',(0.,0.,-1.));
#5336=DIRECTION('ref_axis',(0.984651458305332,-0.174532248186927,0.));
#5337=DIRECTION('center_axis',(-1.,-2.10368093379065E-17,0.));
#5338=DIRECTION('ref_axis',(0.,0.707106781186545,-0.70710678118655));
#5339=DIRECTION('center_axis',(1.,0.,0.));
#5340=DIRECTION('ref_axis',(0.,0.,-1.));
#5341=DIRECTION('',(1.,2.10368093379065E-17,0.));
#5342=DIRECTION('',(-1.,-2.10368093379065E-17,0.));
#5343=DIRECTION('center_axis',(0.,0.,-1.));
#5344=DIRECTION('ref_axis',(-1.,0.,0.));
#5345=DIRECTION('center_axis',(-0.939076891457638,-0.343707131043654,0.));
#5346=DIRECTION('ref_axis',(0.,0.,-1.));
#5347=DIRECTION('center_axis',(0.,0.,1.));
#5348=DIRECTION('ref_axis',(-0.984651433619442,-0.174532387456248,0.));
#5349=DIRECTION('center_axis',(0.,0.,-1.));
#5350=DIRECTION('ref_axis',(-0.984651433619442,-0.174532387456248,0.));
#5351=DIRECTION('center_axis',(0.939076988685634,0.343706865397131,0.));
#5352=DIRECTION('ref_axis',(0.24303745526271,-0.664027706755839,-0.707106781186553));
#5353=DIRECTION('',(-0.939076988685634,-0.343706865397131,0.));
#5354=DIRECTION('',(0.939076988685634,0.343706865397131,0.));
#5355=DIRECTION('center_axis',(0.,0.,1.));
#5356=DIRECTION('ref_axis',(-0.343707131043638,0.939076891457644,0.));
#5357=DIRECTION('',(0.,0.,1.));
#5358=DIRECTION('center_axis',(0.,0.,-1.));
#5359=DIRECTION('ref_axis',(-0.984651433619442,-0.174532387456248,0.));
#5360=DIRECTION('',(0.,0.,1.));
#5361=DIRECTION('center_axis',(0.343706865397131,-0.939076988685634,0.));
#5362=DIRECTION('ref_axis',(0.939076988685634,0.343706865397131,0.));
#5363=DIRECTION('',(0.,0.,1.));
#5364=DIRECTION('',(0.939076988685634,0.343706865397131,0.));
#5365=DIRECTION('center_axis',(-0.343706865397131,-0.939076988685634,0.));
#5366=DIRECTION('ref_axis',(0.939076988685634,-0.343706865397131,0.));
#5367=DIRECTION('',(0.,0.,1.));
#5368=DIRECTION('',(0.939076988685634,-0.343706865397131,0.));
#5369=DIRECTION('center_axis',(0.,0.,1.));
#5370=DIRECTION('ref_axis',(1.,0.,0.));
#5371=DIRECTION('center_axis',(0.,0.,-1.));
#5372=DIRECTION('ref_axis',(-0.343707104196511,0.939076901283835,0.));
#5373=DIRECTION('',(0.939076988685634,0.343706865397131,0.));
#5374=DIRECTION('',(0.939076988685634,-0.343706865397131,0.));
#5375=DIRECTION('center_axis',(0.,0.,-1.));
#5376=DIRECTION('ref_axis',(0.,-1.,0.));
#5377=DIRECTION('',(-1.,-2.56123153689012E-15,0.));
#5378=DIRECTION('center_axis',(-0.939076988685632,-0.343706865397135,0.));
#5379=DIRECTION('ref_axis',(0.243037455262702,-0.664027706755867,-0.707106781186529));
#5380=DIRECTION('center_axis',(-1.,0.,0.));
#5381=DIRECTION('ref_axis',(0.,-1.,-2.60646223683612E-16));
#5382=DIRECTION('',(-0.939076988685632,-0.343706865397135,0.));
#5383=DIRECTION('center_axis',(-0.939076988685625,-0.343706865397157,0.));
#5384=DIRECTION('ref_axis',(0.,0.,-1.));
#5385=DIRECTION('',(0.939076988685632,0.343706865397135,0.));
#5386=DIRECTION('center_axis',(0.,0.,1.));
#5387=DIRECTION('ref_axis',(-1.,-2.99175888741095E-15,0.));
#5388=DIRECTION('center_axis',(0.939076988685628,-0.343706865397149,0.));
#5389=DIRECTION('ref_axis',(0.,0.,-1.));
#5390=DIRECTION('center_axis',(0.,0.,-1.));
#5391=DIRECTION('ref_axis',(-1.,-8.19857002800108E-15,0.));
#5392=DIRECTION('center_axis',(0.,0.,1.));
#5393=DIRECTION('ref_axis',(-1.,-8.19857002800108E-15,0.));
#5394=DIRECTION('center_axis',(0.939076988685634,-0.343706865397131,0.));
#5395=DIRECTION('ref_axis',(0.243037455262708,0.664027706755848,-0.707106781186545));
#5396=DIRECTION('center_axis',(0.939076988685653,-0.343706865397079,0.));
#5397=DIRECTION('ref_axis',(0.,0.,-1.));
#5398=DIRECTION('',(-0.939076988685634,0.343706865397131,0.));
#5399=DIRECTION('',(0.939076988685634,-0.343706865397131,0.));
#5400=DIRECTION('center_axis',(0.,0.,-1.));
#5401=DIRECTION('ref_axis',(0.984651458305332,-0.174532248186926,0.));
#5402=DIRECTION('center_axis',(-1.,0.,0.));
#5403=DIRECTION('ref_axis',(0.,0.,-1.));
#5404=DIRECTION('center_axis',(0.,0.,1.));
#5405=DIRECTION('ref_axis',(0.984651458305332,-0.174532248186926,0.));
#5406=DIRECTION('center_axis',(0.,0.,-1.));
#5407=DIRECTION('ref_axis',(0.984651458305332,-0.174532248186926,0.));
#5408=DIRECTION('center_axis',(-1.,-3.4184815174098E-17,0.));
#5409=DIRECTION('ref_axis',(0.,-0.707106781186547,-0.707106781186548));
#5410=DIRECTION('center_axis',(-1.,0.,0.));
#5411=DIRECTION('ref_axis',(0.,0.,-1.));
#5412=DIRECTION('',(1.,3.4184815174098E-17,0.));
#5413=DIRECTION('',(-1.,-3.4184815174098E-17,0.));
#5414=DIRECTION('center_axis',(0.,0.,-1.));
#5415=DIRECTION('ref_axis',(-1.,0.,0.));
#5416=DIRECTION('center_axis',(0.939076988685622,0.343706865397164,0.));
#5417=DIRECTION('ref_axis',(0.,0.,-1.));
#5418=DIRECTION('center_axis',(0.,0.,1.));
#5419=DIRECTION('ref_axis',(-0.984651458305332,-0.174532248186928,0.));
#5420=DIRECTION('center_axis',(0.,0.,-1.));
#5421=DIRECTION('ref_axis',(-0.984651458305332,-0.174532248186928,0.));
#5422=DIRECTION('center_axis',(0.939076988685634,0.343706865397132,0.));
#5423=DIRECTION('ref_axis',(-0.243037455262645,0.664027706755859,-0.707106781186557));
#5424=DIRECTION('center_axis',(1.,0.,0.));
#5425=DIRECTION('ref_axis',(0.,1.,1.73764149122408E-16));
#5426=DIRECTION('',(-0.939076988685634,-0.343706865397132,0.));
#5427=DIRECTION('',(0.939076988685634,0.343706865397132,0.));
#5428=DIRECTION('center_axis',(0.,0.,1.));
#5429=DIRECTION('ref_axis',(-1.,0.,0.));
#5430=DIRECTION('',(0.,1.,0.));
#5431=DIRECTION('',(0.,-1.,0.));
#5432=DIRECTION('center_axis',(0.,0.,-1.));
#5433=DIRECTION('ref_axis',(1.,-8.77213254024816E-16,0.));
#5434=DIRECTION('center_axis',(0.,0.,-1.));
#5435=DIRECTION('ref_axis',(-1.,3.55271367880045E-14,0.));
#5436=DIRECTION('center_axis',(0.,0.,1.));
#5437=DIRECTION('ref_axis',(1.,-9.73346213370003E-16,0.));
#5438=DIRECTION('',(-0.939076988685634,-0.343706865397131,0.));
#5439=DIRECTION('',(-0.939076988685634,0.343706865397131,0.));
#5440=DIRECTION('center_axis',(0.,0.,1.));
#5441=DIRECTION('ref_axis',(0.984651458305332,-0.174532248186928,0.));
#5442=DIRECTION('',(1.,2.56123153689012E-15,0.));
#5443=DIRECTION('center_axis',(0.,0.,1.));
#5444=DIRECTION('ref_axis',(-0.984651436114281,-0.174532373381225,0.));
#5445=DIRECTION('center_axis',(1.,0.,0.));
#5446=DIRECTION('ref_axis',(0.,-1.,0.));
#5447=DIRECTION('',(0.,0.,-1.));
#5448=DIRECTION('center_axis',(1.,0.,0.));
#5449=DIRECTION('ref_axis',(0.,1.,-1.21634904385685E-15));
#5450=DIRECTION('',(0.,-1.,0.));
#5451=DIRECTION('',(0.,0.,-1.));
#5452=DIRECTION('center_axis',(0.343706865397135,-0.939076988685632,0.));
#5453=DIRECTION('ref_axis',(-0.939076988685632,-0.343706865397135,0.));
#5454=DIRECTION('',(0.,0.,-1.));
#5455=DIRECTION('',(-0.939076988685632,-0.343706865397135,0.));
#5456=DIRECTION('center_axis',(-0.939076988685634,-0.343706865397131,0.));
#5457=DIRECTION('ref_axis',(0.243037455262645,-0.664027706755859,-0.707106781186557));
#5458=DIRECTION('center_axis',(-0.939076988685639,-0.343706865397119,0.));
#5459=DIRECTION('ref_axis',(0.,0.,-1.));
#5460=DIRECTION('',(0.939076988685634,0.343706865397131,0.));
#5461=DIRECTION('center_axis',(-1.,4.44836221753353E-14,-4.73695157173395E-14));
#5462=DIRECTION('ref_axis',(-4.44836221753292E-14,-1.,-1.2942314121059E-13));
#5463=DIRECTION('center_axis',(0.,0.,1.));
#5464=DIRECTION('ref_axis',(-0.984651437181694,-0.174532367359248,0.));
#5465=DIRECTION('center_axis',(1.,0.,0.));
#5466=DIRECTION('ref_axis',(0.,0.,-1.));
#5467=DIRECTION('center_axis',(0.,0.,-1.));
#5468=DIRECTION('ref_axis',(-0.984651436114281,-0.174532373381225,0.));
#5469=DIRECTION('center_axis',(1.,2.56123153689012E-15,0.));
#5470=DIRECTION('ref_axis',(0.,0.707106781186547,-0.707106781186548));
#5471=DIRECTION('center_axis',(1.,0.,0.));
#5472=DIRECTION('ref_axis',(0.,0.,-1.));
#5473=DIRECTION('',(-1.,-2.56123153689012E-15,0.));
#5474=DIRECTION('center_axis',(0.,0.,1.));
#5475=DIRECTION('ref_axis',(1.,0.,0.));
#5476=DIRECTION('center_axis',(-0.939076988685623,0.34370686539716,0.));
#5477=DIRECTION('ref_axis',(0.,0.,-1.));
#5478=DIRECTION('center_axis',(0.,0.,-1.));
#5479=DIRECTION('ref_axis',(0.984651458305332,-0.174532248186928,0.));
#5480=DIRECTION('center_axis',(-0.939076988685634,0.343706865397131,0.));
#5481=DIRECTION('ref_axis',(-0.243037455262702,-0.664027706755867,-0.707106781186529));
#5482=DIRECTION('',(0.939076988685634,-0.343706865397131,0.));
#5483=DIRECTION('center_axis',(0.,0.,-1.));
#5484=DIRECTION('ref_axis',(0.,-1.,0.));
#5485=DIRECTION('',(0.,0.,-1.));
#5486=DIRECTION('center_axis',(0.,0.,1.));
#5487=DIRECTION('ref_axis',(0.984651458305332,-0.174532248186928,0.));
#5488=DIRECTION('',(0.,0.,-1.));
#5489=DIRECTION('center_axis',(-0.343706865397131,-0.939076988685634,0.));
#5490=DIRECTION('ref_axis',(-0.939076988685634,0.343706865397131,0.));
#5491=DIRECTION('',(0.,0.,-1.));
#5492=DIRECTION('',(-0.939076988685634,0.343706865397131,0.));
#5493=DIRECTION('center_axis',(0.343706865397131,-0.939076988685634,0.));
#5494=DIRECTION('ref_axis',(-0.939076988685634,-0.343706865397131,0.));
#5495=DIRECTION('',(0.,0.,-1.));
#5496=DIRECTION('',(-0.939076988685634,-0.343706865397131,0.));
#5497=DIRECTION('center_axis',(-0.939076988685632,-0.343706865397135,0.));
#5498=DIRECTION('ref_axis',(-0.243037455262705,0.664027706755858,0.707106781186537));
#5499=DIRECTION('center_axis',(0.939076988685625,0.343706865397157,0.));
#5500=DIRECTION('ref_axis',(-0.343706865397157,0.939076988685625,0.));
#5501=DIRECTION('',(0.939076988685632,0.343706865397135,0.));
#5502=DIRECTION('center_axis',(0.,0.,-1.));
#5503=DIRECTION('ref_axis',(-1.,0.,0.));
#5504=DIRECTION('center_axis',(-0.93907698868565,0.343706865397088,0.));
#5505=DIRECTION('ref_axis',(-0.343706865397088,-0.93907698868565,0.));
#5506=DIRECTION('center_axis',(0.,0.,-1.));
#5507=DIRECTION('ref_axis',(-1.,-1.09314267040014E-14,0.));
#5508=DIRECTION('center_axis',(0.,0.,1.));
#5509=DIRECTION('ref_axis',(-1.,-1.09314267040014E-14,0.));
#5510=DIRECTION('center_axis',(0.343706865397131,0.939076988685634,0.));
#5511=DIRECTION('ref_axis',(0.939076988685634,-0.343706865397131,0.));
#5512=DIRECTION('',(0.,0.,-1.));
#5513=DIRECTION('',(0.939076988685634,-0.343706865397131,0.));
#5514=DIRECTION('',(0.,0.,1.));
#5515=DIRECTION('center_axis',(0.,0.,-1.));
#5516=DIRECTION('ref_axis',(-1.,1.59022524780982E-14,0.));
#5517=DIRECTION('center_axis',(0.,0.,-1.));
#5518=DIRECTION('ref_axis',(-1.,0.,0.));
#5519=DIRECTION('center_axis',(0.,0.,-1.));
#5520=DIRECTION('ref_axis',(0.906604300895813,-0.421981802447943,0.));
#5521=DIRECTION('center_axis',(-0.765141033998154,-0.64386271680556,0.));
#5522=DIRECTION('ref_axis',(0.64386271680556,-0.765141033998154,0.));
#5523=DIRECTION('center_axis',(0.,0.,1.));
#5524=DIRECTION('ref_axis',(0.906604300895813,-0.421981802447943,0.));
#5525=DIRECTION('center_axis',(0.,-1.,0.));
#5526=DIRECTION('ref_axis',(1.,0.,0.));
#5527=DIRECTION('center_axis',(0.,0.,-1.));
#5528=DIRECTION('ref_axis',(0.906604300895813,-0.421981802447943,0.));
#5529=DIRECTION('center_axis',(0.,0.,1.));
#5530=DIRECTION('ref_axis',(1.,0.,0.));
#5531=DIRECTION('',(-0.939076988685634,0.343706865397131,0.));
#5532=DIRECTION('center_axis',(0.,0.,1.));
#5533=DIRECTION('ref_axis',(-0.984841706637699,-0.173455506879845,0.));
#5534=DIRECTION('center_axis',(-2.56123153689012E-15,1.,0.));
#5535=DIRECTION('ref_axis',(1.,2.56123153689012E-15,0.));
#5536=DIRECTION('',(1.,2.56123153689012E-15,0.));
#5537=DIRECTION('',(0.,0.,-1.));
#5538=DIRECTION('center_axis',(0.,0.,-1.));
#5539=DIRECTION('ref_axis',(-0.343707104196511,0.939076901283835,0.));
#5540=DIRECTION('center_axis',(0.,0.,1.));
#5541=DIRECTION('ref_axis',(-0.984651436114281,-0.174532373381225,0.));
#5542=DIRECTION('center_axis',(0.939076988685634,-0.343706865397131,0.));
#5543=DIRECTION('ref_axis',(-0.243037455262708,-0.664027706755848,0.707106781186545));
#5544=DIRECTION('center_axis',(0.939076988685622,-0.343706865397164,-8.08266304693775E-14));
#5545=DIRECTION('ref_axis',(0.343706865397164,0.939076988685622,0.));
#5546=DIRECTION('center_axis',(-1.,0.,0.));
#5547=DIRECTION('ref_axis',(0.,1.,0.));
#5548=DIRECTION('center_axis',(1.,0.,0.));
#5549=DIRECTION('ref_axis',(0.,1.,0.));
#5550=DIRECTION('center_axis',(0.,0.,-1.));
#5551=DIRECTION('ref_axis',(0.984651458305332,-0.174532248186926,0.));
#5552=DIRECTION('center_axis',(-1.,0.,0.));
#5553=DIRECTION('ref_axis',(0.,-1.,0.));
#5554=DIRECTION('center_axis',(0.,0.,-1.));
#5555=DIRECTION('ref_axis',(0.984651458305332,-0.174532248186927,0.));
#5556=DIRECTION('center_axis',(-1.,-2.10368093379065E-17,0.));
#5557=DIRECTION('ref_axis',(0.,0.707106781186547,0.707106781186547));
#5558=DIRECTION('center_axis',(-1.,0.,-4.736951571734E-14));
#5559=DIRECTION('ref_axis',(0.,-1.,0.));
#5560=DIRECTION('',(-1.,-2.10368093379065E-17,0.));
#5561=DIRECTION('center_axis',(0.,0.,-1.));
#5562=DIRECTION('ref_axis',(-1.,0.,0.));
#5563=DIRECTION('center_axis',(-0.939076891457638,-0.343707131043654,0.));
#5564=DIRECTION('ref_axis',(0.343707131043654,-0.939076891457638,0.));
#5565=DIRECTION('center_axis',(0.939076988685602,0.343706865397101,2.82880427340759E-7));
#5566=DIRECTION('ref_axis',(-0.343706865397115,0.93907698868564,0.));
#5567=DIRECTION('center_axis',(0.939076988685634,0.343706865397131,0.));
#5568=DIRECTION('ref_axis',(0.243037455262708,-0.664027706755848,0.707106781186545));
#5569=DIRECTION('center_axis',(-2.10368093379065E-17,1.,0.));
#5570=DIRECTION('ref_axis',(-1.,-2.10368093379065E-17,0.));
#5571=DIRECTION('',(0.,0.,1.));
#5572=DIRECTION('center_axis',(0.,0.,1.));
#5573=DIRECTION('ref_axis',(0.,-1.,0.));
#5574=DIRECTION('center_axis',(-0.939076988685634,0.343706865397131,0.));
#5575=DIRECTION('ref_axis',(0.243037455262705,0.664027706755858,0.707106781186537));
#5576=DIRECTION('center_axis',(-0.939076988685623,0.343706865397162,0.));
#5577=DIRECTION('ref_axis',(0.,0.,1.));
#5578=DIRECTION('',(-0.939076988685634,0.343706865397131,0.));
#5579=DIRECTION('center_axis',(0.939076988685623,-0.34370686539716,0.));
#5580=DIRECTION('ref_axis',(0.343706865397161,0.939076988685623,0.));
#5581=DIRECTION('center_axis',(0.,0.,1.));
#5582=DIRECTION('ref_axis',(-0.9848417066377,-0.173455506879843,0.));
#5583=DIRECTION('center_axis',(0.,0.,-1.));
#5584=DIRECTION('ref_axis',(-0.984841706637699,-0.173455506879845,0.));
#5585=DIRECTION('center_axis',(0.,1.,0.));
#5586=DIRECTION('ref_axis',(0.707106781186561,0.,0.707106781186534));
#5587=DIRECTION('center_axis',(0.,-1.,0.));
#5588=DIRECTION('ref_axis',(1.,0.,0.));
#5589=DIRECTION('',(0.,-1.,0.));
#5590=DIRECTION('',(0.,1.,0.));
#5591=DIRECTION('center_axis',(0.,0.,1.));
#5592=DIRECTION('ref_axis',(1.,0.,0.));
#5593=DIRECTION('center_axis',(0.,1.,0.));
#5594=DIRECTION('ref_axis',(-1.,0.,0.));
#5595=DIRECTION('center_axis',(0.,0.,-1.));
#5596=DIRECTION('ref_axis',(0.,1.,0.));
#5597=DIRECTION('center_axis',(0.,0.,1.));
#5598=DIRECTION('ref_axis',(0.,1.,0.));
#5599=DIRECTION('center_axis',(0.,0.,1.));
#5600=DIRECTION('ref_axis',(1.,0.,0.));
#5601=DIRECTION('center_axis',(0.,-1.,0.));
#5602=DIRECTION('ref_axis',(1.,0.,0.));
#5603=DIRECTION('center_axis',(0.,0.,-1.));
#5604=DIRECTION('ref_axis',(0.,-1.,0.));
#5605=DIRECTION('center_axis',(0.,0.,1.));
#5606=DIRECTION('ref_axis',(0.,-1.,0.));
#5607=DIRECTION('center_axis',(0.,0.,-1.));
#5608=DIRECTION('ref_axis',(-1.,0.,0.));
#5609=DIRECTION('center_axis',(0.,1.,0.));
#5610=DIRECTION('ref_axis',(-1.,0.,0.));
#5611=DIRECTION('center_axis',(0.,0.,1.));
#5612=DIRECTION('ref_axis',(0.,1.,0.));
#5613=DIRECTION('center_axis',(0.,0.,-1.));
#5614=DIRECTION('ref_axis',(0.,1.,0.));
#5615=DIRECTION('center_axis',(6.02868246588882E-17,-1.,0.));
#5616=DIRECTION('ref_axis',(-0.707106781186561,0.,0.707106781186534));
#5617=DIRECTION('center_axis',(0.,1.,0.));
#5618=DIRECTION('ref_axis',(-1.,0.,0.));
#5619=DIRECTION('',(-6.02868246588882E-17,1.,0.));
#5620=DIRECTION('',(6.02868246588882E-17,-1.,0.));
#5621=DIRECTION('center_axis',(0.,0.,1.));
#5622=DIRECTION('ref_axis',(1.,0.,0.));
#5623=DIRECTION('center_axis',(0.939076988685622,0.343706865397164,0.));
#5624=DIRECTION('ref_axis',(-0.343706865397164,0.939076988685622,0.));
#5625=DIRECTION('center_axis',(0.,0.,1.));
#5626=DIRECTION('ref_axis',(0.819666659501632,-0.572840787044215,0.));
#5627=DIRECTION('center_axis',(0.,0.,-1.));
#5628=DIRECTION('ref_axis',(0.819666659501632,-0.572840787044215,0.));
#5629=DIRECTION('center_axis',(-0.939076988685634,-0.343706865397132,0.));
#5630=DIRECTION('ref_axis',(-0.243037455262705,0.664027706755858,0.707106781186537));
#5631=DIRECTION('center_axis',(-0.939076988685623,-0.34370686539716,4.4483622175336E-14));
#5632=DIRECTION('ref_axis',(0.343706865397161,-0.939076988685623,0.));
#5633=DIRECTION('',(0.939076988685634,0.343706865397132,0.));
#5634=DIRECTION('center_axis',(-1.,0.,0.));
#5635=DIRECTION('ref_axis',(0.,-1.,1.73764149122408E-16));
#5636=DIRECTION('',(-0.939076988685634,-0.343706865397132,0.));
#5637=DIRECTION('',(-0.939076988685634,-0.343706865397132,0.));
#5638=DIRECTION('center_axis',(0.,0.,1.));
#5639=DIRECTION('ref_axis',(-0.984651458305332,-0.174532248186928,0.));
#5640=DIRECTION('center_axis',(1.,0.,0.));
#5641=DIRECTION('ref_axis',(0.,1.,0.));
#5642=DIRECTION('center_axis',(0.,0.,-1.));
#5643=DIRECTION('ref_axis',(-0.984651458305332,-0.174532248186928,0.));
#5644=DIRECTION('center_axis',(0.,0.,1.));
#5645=DIRECTION('ref_axis',(-0.984651458305332,-0.174532248186927,0.));
#5646=DIRECTION('center_axis',(1.,0.,0.));
#5647=DIRECTION('ref_axis',(0.,-0.707106781186549,0.707106781186546));
#5648=DIRECTION('center_axis',(1.,0.,0.));
#5649=DIRECTION('ref_axis',(0.,1.,0.));
#5650=DIRECTION('',(-1.,-3.4184815174098E-17,0.));
#5651=DIRECTION('',(1.,0.,0.));
#5652=DIRECTION('center_axis',(0.,0.,1.));
#5653=DIRECTION('ref_axis',(1.,0.,0.));
#5654=DIRECTION('center_axis',(0.,0.,-1.));
#5655=DIRECTION('ref_axis',(0.984651458305332,-0.174532248186926,0.));
#5656=DIRECTION('center_axis',(0.,0.,1.));
#5657=DIRECTION('ref_axis',(0.984651458305332,-0.174532248186927,0.));
#5658=DIRECTION('center_axis',(0.,0.,1.));
#5659=DIRECTION('ref_axis',(1.,0.,0.));
#5660=DIRECTION('',(0.,0.,1.));
#5661=DIRECTION('center_axis',(0.,0.,1.));
#5662=DIRECTION('ref_axis',(0.,1.,0.));
#5663=DIRECTION('',(0.,0.,1.));
#5664=DIRECTION('center_axis',(0.,0.,1.));
#5665=DIRECTION('ref_axis',(-1.,0.,0.));
#5666=DIRECTION('',(0.,0.,1.));
#5667=DIRECTION('center_axis',(0.,0.,-1.));
#5668=DIRECTION('ref_axis',(0.,-1.,0.));
#5669=DIRECTION('center_axis',(0.,0.,1.));
#5670=DIRECTION('ref_axis',(1.,0.,0.));
#5671=DIRECTION('',(0.,0.,1.));
#5672=DIRECTION('center_axis',(0.,0.,-1.));
#5673=DIRECTION('ref_axis',(0.,1.,0.));
#5674=DIRECTION('center_axis',(1.,0.,0.));
#5675=DIRECTION('ref_axis',(0.,1.,0.));
#5676=DIRECTION('',(0.,0.,1.));
#5677=DIRECTION('',(0.,-1.,0.));
#5678=DIRECTION('center_axis',(0.,0.,-1.));
#5679=DIRECTION('ref_axis',(-1.,0.,0.));
#5680=DIRECTION('',(0.,0.,-1.));
#5681=DIRECTION('center_axis',(0.,0.,-1.));
#5682=DIRECTION('ref_axis',(0.906604300895813,-0.421981802447943,0.));
#5683=DIRECTION('center_axis',(0.,0.,1.));
#5684=DIRECTION('ref_axis',(-1.,0.,0.));
#5685=DIRECTION('',(0.,0.,-1.));
#5686=DIRECTION('center_axis',(0.,0.,1.));
#5687=DIRECTION('ref_axis',(-0.984841706637699,-0.173455506879845,0.));
#5688=DIRECTION('center_axis',(0.343706865397131,0.939076988685634,0.));
#5689=DIRECTION('ref_axis',(-0.939076988685634,0.343706865397131,0.));
#5690=DIRECTION('',(0.,0.,1.));
#5691=DIRECTION('',(0.939076988685634,-0.343706865397131,0.));
#5692=DIRECTION('center_axis',(0.,0.,-1.));
#5693=DIRECTION('ref_axis',(-1.,0.,0.));
#5694=DIRECTION('center_axis',(-0.765141033998154,-0.64386271680556,0.));
#5695=DIRECTION('ref_axis',(0.,0.,-1.));
#5696=DIRECTION('center_axis',(0.939076988685626,-0.343706865397153,0.));
#5697=DIRECTION('ref_axis',(0.,0.,-1.));
#5698=DIRECTION('center_axis',(0.,0.,-1.));
#5699=DIRECTION('ref_axis',(-0.984841706637699,-0.173455506879845,0.));
#5700=DIRECTION('center_axis',(0.,0.,1.));
#5701=DIRECTION('ref_axis',(1.,0.,0.));
#5702=DIRECTION('center_axis',(0.,-1.,0.));
#5703=DIRECTION('ref_axis',(0.,0.,-1.));
#5704=DIRECTION('center_axis',(0.,0.,1.));
#5705=DIRECTION('ref_axis',(0.906604300895813,-0.421981802447943,0.));
#5706=DIRECTION('center_axis',(0.,0.,-1.));
#5707=DIRECTION('ref_axis',(-1.,0.,0.));
#5708=DIRECTION('center_axis',(0.939076988685622,0.343706865397164,0.));
#5709=DIRECTION('ref_axis',(0.,0.,-1.));
#5710=DIRECTION('center_axis',(0.,0.,1.));
#5711=DIRECTION('ref_axis',(0.819666659501632,-0.572840787044215,0.));
#5712=DIRECTION('center_axis',(0.,1.,0.));
#5713=DIRECTION('ref_axis',(0.,0.,-1.));
#5714=DIRECTION('center_axis',(0.,0.,-1.));
#5715=DIRECTION('ref_axis',(0.819666659501632,-0.572840787044215,0.));
#5716=DIRECTION('center_axis',(-1.,-6.02868246588882E-17,0.));
#5717=DIRECTION('ref_axis',(6.02868246588882E-17,-1.,0.));
#5718=DIRECTION('',(-6.02868246588882E-17,1.,0.));
#5719=DIRECTION('',(0.,0.,-1.));
#5720=DIRECTION('center_axis',(0.,0.,1.));
#5721=DIRECTION('ref_axis',(0.819666659501631,-0.572840787044217,0.));
#5722=DIRECTION('',(0.,0.,1.));
#5723=DIRECTION('center_axis',(-0.343706865397132,0.939076988685634,0.));
#5724=DIRECTION('ref_axis',(-0.939076988685634,-0.343706865397132,0.));
#5725=DIRECTION('',(0.939076988685634,0.343706865397132,0.));
#5726=DIRECTION('',(0.,0.,1.));
#5727=DIRECTION('center_axis',(0.,0.,1.));
#5728=DIRECTION('ref_axis',(-0.343706865397132,0.939076988685634,0.));
#5729=DIRECTION('center_axis',(0.,0.,-1.));
#5730=DIRECTION('ref_axis',(-0.984651458305332,-0.174532248186927,0.));
#5731=DIRECTION('',(0.,0.,1.));
#5732=DIRECTION('center_axis',(0.,0.,1.));
#5733=DIRECTION('ref_axis',(1.,0.,0.));
#5734=DIRECTION('',(0.939076988685634,-0.343706865397131,0.));
#5735=DIRECTION('center_axis',(0.,0.,1.));
#5736=DIRECTION('ref_axis',(-1.,-8.19857002800108E-15,0.));
#5737=DIRECTION('',(-0.939076988685632,-0.343706865397135,0.));
#5738=DIRECTION('center_axis',(0.,0.,-1.));
#5739=DIRECTION('ref_axis',(0.819666659501635,-0.572840787044211,0.));
#5740=DIRECTION('',(0.,1.,0.));
#5741=DIRECTION('center_axis',(0.,0.,1.));
#5742=DIRECTION('ref_axis',(1.,0.,0.));
#5743=DIRECTION('',(0.,1.,0.));
#5744=DIRECTION('center_axis',(0.,0.,1.));
#5745=DIRECTION('ref_axis',(0.819666659501632,-0.572840787044215,0.));
#5746=DIRECTION('',(0.939076988685634,0.343706865397132,0.));
#5747=DIRECTION('center_axis',(0.,-1.,0.));
#5748=DIRECTION('ref_axis',(0.707106781186561,0.,-0.707106781186534));
#5749=DIRECTION('center_axis',(0.,-1.,0.));
#5750=DIRECTION('ref_axis',(0.,0.,-1.));
#5751=DIRECTION('',(0.,-1.,0.));
#5752=DIRECTION('center_axis',(0.,1.,0.));
#5753=DIRECTION('ref_axis',(1.,0.,0.));
#5754=DIRECTION('center_axis',(0.,0.,1.));
#5755=DIRECTION('ref_axis',(1.,0.,0.));
#5756=DIRECTION('center_axis',(0.93907698868565,0.343706865397088,0.));
#5757=DIRECTION('ref_axis',(0.343706865397088,-0.93907698868565,0.));
#5758=DIRECTION('center_axis',(0.,0.,-1.));
#5759=DIRECTION('ref_axis',(0.819666659501632,-0.572840787044214,0.));
#5760=DIRECTION('center_axis',(-0.939076988685634,-0.343706865397132,0.));
#5761=DIRECTION('ref_axis',(0.243037455262708,-0.664027706755848,-0.707106781186545));
#5762=DIRECTION('center_axis',(-0.939076988685639,-0.343706865397119,6.07648499379232E-14));
#5763=DIRECTION('ref_axis',(-0.343706865397119,0.939076988685638,0.));
#5764=DIRECTION('',(-0.939076988685634,-0.343706865397132,0.));
#5765=DIRECTION('center_axis',(0.,0.,1.));
#5766=DIRECTION('ref_axis',(-0.984651458305332,-0.174532248186928,0.));
#5767=DIRECTION('center_axis',(-1.,0.,0.));
#5768=DIRECTION('ref_axis',(0.,-2.96059473233375E-15,-1.));
#5769=DIRECTION('center_axis',(0.,0.,1.));
#5770=DIRECTION('ref_axis',(-0.984651458305332,-0.174532248186928,0.));
#5771=DIRECTION('center_axis',(1.,3.4184815174098E-17,0.));
#5772=DIRECTION('ref_axis',(0.,0.707106781186549,-0.707106781186546));
#5773=DIRECTION('center_axis',(-1.,0.,0.));
#5774=DIRECTION('ref_axis',(0.,1.29526019539602E-15,-1.));
#5775=DIRECTION('',(-1.,0.,0.));
#5776=DIRECTION('',(1.,3.4184815174098E-17,0.));
#5777=DIRECTION('center_axis',(0.,0.,1.));
#5778=DIRECTION('ref_axis',(1.,0.,0.));
#5779=DIRECTION('center_axis',(0.939076988685623,-0.34370686539716,6.10546041097067E-15));
#5780=DIRECTION('ref_axis',(0.,-1.77635683940025E-14,-1.));
#5781=DIRECTION('center_axis',(0.,0.,-1.));
#5782=DIRECTION('ref_axis',(0.984651458305332,-0.174532248186927,0.));
#5783=DIRECTION('center_axis',(0.,0.,1.));
#5784=DIRECTION('ref_axis',(0.984651458305332,-0.174532248186926,0.));
#5785=DIRECTION('center_axis',(-0.939076988685634,0.343706865397131,0.));
#5786=DIRECTION('ref_axis',(-0.243037455262705,-0.664027706755857,-0.707106781186538));
#5787=DIRECTION('center_axis',(0.939076988685623,-0.34370686539716,0.));
#5788=DIRECTION('ref_axis',(-0.343706865397161,-0.939076988685623,0.));
#5789=DIRECTION('',(-0.939076988685634,0.343706865397131,0.));
#5790=DIRECTION('center_axis',(0.,0.,1.));
#5791=DIRECTION('ref_axis',(-1.,-1.31177120448019E-14,0.));
#5792=DIRECTION('center_axis',(-0.939076988685626,-0.343706865397153,0.));
#5793=DIRECTION('ref_axis',(-0.343706865397153,0.939076988685626,0.));
#5794=DIRECTION('center_axis',(0.,0.,-1.));
#5795=DIRECTION('ref_axis',(-1.,-8.19857002800108E-15,0.));
#5796=DIRECTION('center_axis',(0.939076988685632,0.343706865397135,0.));
#5797=DIRECTION('ref_axis',(-0.243037455262708,0.664027706755848,-0.707106781186545));
#5798=DIRECTION('center_axis',(-0.939076988685623,-0.34370686539716,0.));
#5799=DIRECTION('ref_axis',(-0.343706865397161,0.939076988685623,0.));
#5800=DIRECTION('',(0.939076988685632,0.343706865397135,0.));
#5801=DIRECTION('center_axis',(0.,0.,-1.));
#5802=DIRECTION('ref_axis',(-1.,0.,0.));
#5803=DIRECTION('center_axis',(0.,-1.,0.));
#5804=DIRECTION('ref_axis',(-1.,0.,0.));
#5805=DIRECTION('center_axis',(0.,0.,1.));
#5806=DIRECTION('ref_axis',(0.819666659501635,-0.572840787044211,0.));
#5807=DIRECTION('center_axis',(0.,1.,0.));
#5808=DIRECTION('ref_axis',(-0.707106781186561,0.,-0.707106781186534));
#5809=DIRECTION('center_axis',(0.,-1.,0.));
#5810=DIRECTION('ref_axis',(1.8947806286936E-13,0.,-1.));
#5811=DIRECTION('',(0.,1.,0.));
#5812=DIRECTION('center_axis',(0.,0.,1.));
#5813=DIRECTION('ref_axis',(1.,0.,0.));
#5814=DIRECTION('center_axis',(-4.73695157173405E-14,1.,-2.24387101929534E-27));
#5815=DIRECTION('ref_axis',(4.736951571734E-14,0.,-1.));
#5816=DIRECTION('center_axis',(0.,0.,1.));
#5817=DIRECTION('ref_axis',(0.,1.,0.));
#5818=DIRECTION('center_axis',(0.,0.,1.));
#5819=DIRECTION('ref_axis',(1.,0.,0.));
#5820=DIRECTION('center_axis',(-7.10542735760107E-14,-1.,0.));
#5821=DIRECTION('ref_axis',(0.,0.,-1.));
#5822=DIRECTION('center_axis',(0.,0.,1.));
#5823=DIRECTION('ref_axis',(0.,-1.,0.));
#5824=DIRECTION('center_axis',(0.,0.,-1.));
#5825=DIRECTION('ref_axis',(-1.,0.,0.));
#5826=DIRECTION('center_axis',(0.,0.,-1.));
#5827=DIRECTION('ref_axis',(0.,1.,0.));
#5828=DIRECTION('center_axis',(0.343706865397131,0.939076988685634,0.));
#5829=DIRECTION('ref_axis',(-0.939076988685634,0.343706865397131,0.));
#5830=DIRECTION('',(0.,0.,1.));
#5831=DIRECTION('',(0.939076988685634,-0.343706865397131,0.));
#5832=DIRECTION('',(0.,0.,1.));
#5833=DIRECTION('center_axis',(0.,0.,1.));
#5834=DIRECTION('ref_axis',(0.,-1.,0.));
#5835=DIRECTION('',(0.,0.,1.));
#5836=DIRECTION('center_axis',(0.,0.,-1.));
#5837=DIRECTION('ref_axis',(0.984651458305332,-0.174532248186926,0.));
#5838=DIRECTION('center_axis',(3.4184815174098E-17,-1.,0.));
#5839=DIRECTION('ref_axis',(1.,3.4184815174098E-17,0.));
#5840=DIRECTION('',(0.,0.,1.));
#5841=DIRECTION('',(-1.,-3.4184815174098E-17,0.));
#5842=DIRECTION('center_axis',(0.,0.,1.));
#5843=DIRECTION('ref_axis',(-0.343706865397132,0.939076988685634,0.));
#5844=DIRECTION('',(0.,0.,1.));
#5845=DIRECTION('center_axis',(0.,0.,-1.));
#5846=DIRECTION('ref_axis',(-0.984651458305332,-0.174532248186928,0.));
#5847=DIRECTION('center_axis',(-0.343706865397132,0.939076988685634,0.));
#5848=DIRECTION('ref_axis',(-0.939076988685634,-0.343706865397132,0.));
#5849=DIRECTION('',(0.,0.,-1.));
#5850=DIRECTION('',(0.939076988685634,0.343706865397132,0.));
#5851=DIRECTION('center_axis',(0.,0.,1.));
#5852=DIRECTION('ref_axis',(0.819666659501631,-0.572840787044217,0.));
#5853=DIRECTION('',(0.,0.,1.));
#5854=DIRECTION('center_axis',(0.,0.,1.));
#5855=DIRECTION('ref_axis',(0.819666659501632,-0.572840787044215,0.));
#5856=DIRECTION('center_axis',(-1.,0.,0.));
#5857=DIRECTION('ref_axis',(0.,-1.,0.));
#5858=DIRECTION('',(0.,0.,1.));
#5859=DIRECTION('',(0.,1.,0.));
#5860=DIRECTION('center_axis',(-0.939076988685634,-0.343706865397132,0.));
#5861=DIRECTION('ref_axis',(-0.243037455262705,0.664027706755857,0.707106781186538));
#5862=DIRECTION('center_axis',(0.939076988685625,0.343706865397157,0.));
#5863=DIRECTION('ref_axis',(-0.343706865397157,0.939076988685625,0.));
#5864=DIRECTION('',(-0.939076988685634,-0.343706865397132,0.));
#5865=DIRECTION('center_axis',(-0.939076988685623,-0.343706865397161,0.));
#5866=DIRECTION('ref_axis',(0.,0.,1.));
#5867=DIRECTION('center_axis',(0.,0.,1.));
#5868=DIRECTION('ref_axis',(-0.984651458305332,-0.174532248186927,0.));
#5869=DIRECTION('center_axis',(1.,0.,0.));
#5870=DIRECTION('ref_axis',(0.,0.,1.));
#5871=DIRECTION('center_axis',(0.,0.,1.));
#5872=DIRECTION('ref_axis',(-0.984651458305332,-0.174532248186928,0.));
#5873=DIRECTION('center_axis',(1.,3.4184815174098E-17,0.));
#5874=DIRECTION('ref_axis',(0.,-0.707106781186546,0.707106781186549));
#5875=DIRECTION('center_axis',(1.,0.,0.));
#5876=DIRECTION('ref_axis',(0.,0.,1.));
#5877=DIRECTION('',(1.,3.4184815174098E-17,0.));
#5878=DIRECTION('center_axis',(0.,0.,1.));
#5879=DIRECTION('ref_axis',(1.,0.,0.));
#5880=DIRECTION('center_axis',(-0.939076988685623,0.343706865397162,0.));
#5881=DIRECTION('ref_axis',(0.,0.,1.));
#5882=DIRECTION('center_axis',(0.,0.,1.));
#5883=DIRECTION('ref_axis',(0.984651458305332,-0.174532248186926,0.));
#5884=DIRECTION('center_axis',(-0.939076988685634,0.343706865397131,0.));
#5885=DIRECTION('ref_axis',(0.243037455262699,0.664027706755876,0.707106781186522));
#5886=DIRECTION('center_axis',(-0.939076988685628,0.343706865397149,0.));
#5887=DIRECTION('ref_axis',(0.,0.,1.));
#5888=DIRECTION('',(-0.939076988685634,0.343706865397131,0.));
#5889=DIRECTION('center_axis',(0.,0.,-1.));
#5890=DIRECTION('ref_axis',(-1.,0.,0.));
#5891=DIRECTION('center_axis',(0.939076988685619,0.343706865397172,0.));
#5892=DIRECTION('ref_axis',(0.,0.,1.));
#5893=DIRECTION('center_axis',(0.,0.,1.));
#5894=DIRECTION('ref_axis',(-1.,-1.09314267040014E-14,0.));
#5895=DIRECTION('center_axis',(0.,0.,-1.));
#5896=DIRECTION('ref_axis',(-1.,-1.09314267040014E-14,0.));
#5897=DIRECTION('center_axis',(0.939076988685632,0.343706865397135,0.));
#5898=DIRECTION('ref_axis',(0.243037455262708,-0.664027706755848,0.707106781186545));
#5899=DIRECTION('center_axis',(0.939076988685622,0.343706865397164,0.));
#5900=DIRECTION('ref_axis',(0.,0.,1.));
#5901=DIRECTION('',(-0.939076988685632,-0.343706865397135,0.));
#5902=DIRECTION('',(0.939076988685632,0.343706865397135,0.));
#5903=DIRECTION('center_axis',(0.,0.,-1.));
#5904=DIRECTION('ref_axis',(-1.,0.,0.));
#5905=DIRECTION('center_axis',(0.,1.,0.));
#5906=DIRECTION('ref_axis',(0.,0.,1.));
#5907=DIRECTION('center_axis',(0.,0.,-1.));
#5908=DIRECTION('ref_axis',(0.819666659501635,-0.572840787044211,0.));
#5909=DIRECTION('center_axis',(0.,0.,1.));
#5910=DIRECTION('ref_axis',(0.819666659501635,-0.572840787044211,0.));
#5911=DIRECTION('center_axis',(0.,1.,0.));
#5912=DIRECTION('ref_axis',(0.707106781186561,0.,0.707106781186534));
#5913=DIRECTION('center_axis',(0.,1.,0.));
#5914=DIRECTION('ref_axis',(0.,0.,1.));
#5915=DIRECTION('',(0.,-1.,0.));
#5916=DIRECTION('',(0.,1.,0.));
#5917=DIRECTION('center_axis',(0.,0.,1.));
#5918=DIRECTION('ref_axis',(1.,0.,0.));
#5919=DIRECTION('center_axis',(0.,-1.,0.));
#5920=DIRECTION('ref_axis',(0.,0.,1.));
#5921=DIRECTION('center_axis',(0.,0.,-1.));
#5922=DIRECTION('ref_axis',(0.,1.,0.));
#5923=DIRECTION('center_axis',(0.,0.,1.));
#5924=DIRECTION('ref_axis',(0.,1.,0.));
#5925=DIRECTION('center_axis',(-4.73695157173382E-14,1.,0.));
#5926=DIRECTION('ref_axis',(0.,0.,1.));
#5927=DIRECTION('center_axis',(0.,0.,-1.));
#5928=DIRECTION('ref_axis',(0.,-1.,0.));
#5929=DIRECTION('center_axis',(0.,0.,1.));
#5930=DIRECTION('ref_axis',(0.,-1.,0.));
#5931=DIRECTION('center_axis',(0.,0.,-1.));
#5932=DIRECTION('ref_axis',(-1.,0.,0.));
#5933=DIRECTION('center_axis',(0.,-1.,0.));
#5934=DIRECTION('ref_axis',(0.,0.,1.));
#5935=DIRECTION('center_axis',(0.,0.,1.));
#5936=DIRECTION('ref_axis',(0.,1.,0.));
#5937=DIRECTION('center_axis',(0.,0.,-1.));
#5938=DIRECTION('ref_axis',(0.,1.,0.));
#5939=DIRECTION('center_axis',(0.,-1.,0.));
#5940=DIRECTION('ref_axis',(-0.707106781186561,0.,0.707106781186534));
#5941=DIRECTION('center_axis',(0.,-1.,0.));
#5942=DIRECTION('ref_axis',(0.,0.,1.));
#5943=DIRECTION('',(0.,-1.,0.));
#5944=DIRECTION('center_axis',(0.,0.,-1.));
#5945=DIRECTION('ref_axis',(-1.,0.,0.));
#5946=DIRECTION('center_axis',(0.,0.,-1.));
#5947=DIRECTION('ref_axis',(0.819666659501632,-0.572840787044215,0.));
#5948=DIRECTION('center_axis',(1.,0.,0.));
#5949=DIRECTION('ref_axis',(0.,1.,0.));
#5950=DIRECTION('',(0.,0.,-1.));
#5951=DIRECTION('',(0.,0.,1.));
#5952=DIRECTION('center_axis',(0.,0.,1.));
#5953=DIRECTION('ref_axis',(1.,-8.77213254024816E-16,0.));
#5954=DIRECTION('',(0.,0.,1.));
#5955=DIRECTION('center_axis',(0.,0.,1.));
#5956=DIRECTION('ref_axis',(-1.,3.55271367880045E-14,0.));
#5957=DIRECTION('',(0.,0.,1.));
#5958=DIRECTION('center_axis',(0.,0.,1.));
#5959=DIRECTION('ref_axis',(1.,-9.73346213370003E-16,0.));
#5960=DIRECTION('center_axis',(0.,0.,-1.));
#5961=DIRECTION('ref_axis',(-1.,0.,0.));
#5962=DIRECTION('',(0.939076988685634,0.343706865397131,0.));
#5963=DIRECTION('center_axis',(0.,0.,-1.));
#5964=DIRECTION('ref_axis',(-0.343707104196511,0.939076901283835,0.));
#5965=DIRECTION('',(-1.,-2.56123153689012E-15,0.));
#5966=DIRECTION('center_axis',(0.,0.,-1.));
#5967=DIRECTION('ref_axis',(0.,-1.,0.));
#5968=DIRECTION('',(0.939076988685634,-0.343706865397131,0.));
#5969=DIRECTION('center_axis',(0.,0.,1.));
#5970=DIRECTION('ref_axis',(1.,0.,0.));
#5971=DIRECTION('',(0.,1.,0.));
#5972=DIRECTION('center_axis',(0.,0.,1.));
#5973=DIRECTION('ref_axis',(1.,-9.73346213370003E-16,0.));
#5974=DIRECTION('center_axis',(0.,0.,-1.));
#5975=DIRECTION('ref_axis',(-1.,3.55271367880045E-14,0.));
#5976=DIRECTION('center_axis',(0.,0.,-1.));
#5977=DIRECTION('ref_axis',(1.,-8.77213254024816E-16,0.));
#5978=DIRECTION('center_axis',(0.,0.,1.));
#5979=DIRECTION('ref_axis',(-1.,0.,0.));
#5980=DIRECTION('',(0.,0.,-1.));
#5981=DIRECTION('center_axis',(0.,0.,1.));
#5982=DIRECTION('ref_axis',(0.819666659501635,-0.572840787044211,0.));
#5983=DIRECTION('',(0.,0.,1.));
#5984=DIRECTION('center_axis',(0.343706865397135,-0.939076988685632,0.));
#5985=DIRECTION('ref_axis',(0.939076988685632,0.343706865397135,0.));
#5986=DIRECTION('center_axis',(0.,0.,1.));
#5987=DIRECTION('ref_axis',(-0.343707104196511,0.939076901283835,0.));
#5988=DIRECTION('',(0.,0.,1.));
#5989=DIRECTION('',(0.,0.,1.));
#5990=DIRECTION('center_axis',(-2.56123153689012E-15,1.,0.));
#5991=DIRECTION('ref_axis',(-1.,-2.56123153689012E-15,0.));
#5992=DIRECTION('',(0.,0.,1.));
#5993=DIRECTION('center_axis',(0.,0.,1.));
#5994=DIRECTION('ref_axis',(0.,-1.,0.));
#5995=DIRECTION('',(0.,0.,1.));
#5996=DIRECTION('center_axis',(-0.343706865397131,-0.939076988685634,0.));
#5997=DIRECTION('ref_axis',(0.939076988685634,-0.343706865397131,0.));
#5998=DIRECTION('',(0.,0.,1.));
#5999=DIRECTION('center_axis',(0.343706865397131,-0.939076988685634,0.));
#6000=DIRECTION('ref_axis',(0.939076988685634,0.343706865397131,0.));
#6001=DIRECTION('center_axis',(-0.343706865397132,0.939076988685634,0.));
#6002=DIRECTION('ref_axis',(0.939076988685634,0.343706865397132,0.));
#6003=DIRECTION('',(0.,0.,-1.));
#6004=DIRECTION('',(0.,0.,-1.));
#6005=DIRECTION('center_axis',(0.,0.,-1.));
#6006=DIRECTION('ref_axis',(-0.343706865397132,0.939076988685634,0.));
#6007=DIRECTION('',(0.,0.,-1.));
#6008=DIRECTION('center_axis',(3.4184815174098E-17,-1.,0.));
#6009=DIRECTION('ref_axis',(-1.,-3.4184815174098E-17,0.));
#6010=DIRECTION('',(0.,0.,-1.));
#6011=DIRECTION('center_axis',(0.,0.,-1.));
#6012=DIRECTION('ref_axis',(0.,-1.,0.));
#6013=DIRECTION('center_axis',(0.,0.,-1.));
#6014=DIRECTION('ref_axis',(1.,-8.77213254024816E-16,0.));
#6015=DIRECTION('',(0.,0.,-1.));
#6016=DIRECTION('center_axis',(0.,0.,-1.));
#6017=DIRECTION('ref_axis',(-1.,3.55271367880045E-14,0.));
#6018=DIRECTION('',(0.,0.,-1.));
#6019=DIRECTION('center_axis',(0.,0.,-1.));
#6020=DIRECTION('ref_axis',(1.,-9.73346213370003E-16,0.));
#6021=DIRECTION('',(0.,0.,-1.));
#6022=DIRECTION('center_axis',(-1.,0.,0.));
#6023=DIRECTION('ref_axis',(0.,1.,0.));
#6024=DIRECTION('center_axis',(0.,0.,1.));
#6025=DIRECTION('ref_axis',(-9.68454817581412E-16,-1.,0.));
#6026=DIRECTION('',(0.,0.,1.));
#6027=DIRECTION('center_axis',(0.,-1.,0.));
#6028=DIRECTION('ref_axis',(1.,0.,0.));
#6029=DIRECTION('',(0.,0.,1.));
#6030=DIRECTION('',(1.,0.,0.));
#6031=DIRECTION('',(0.,0.,1.));
#6032=DIRECTION('',(1.,0.,0.));
#6033=CARTESIAN_POINT('',(0.,0.,0.));
#6034=CARTESIAN_POINT('',(0.,0.,0.));
#6035=CARTESIAN_POINT('Origin',(220.238564252888,30.3647133564755,9.08535533905933));
#6036=CARTESIAN_POINT('',(232.50068708723,63.8673242887937,9.82781745930524));
#6037=CARTESIAN_POINT('',(232.245497759204,63.1700951967001,10.1353553390593));
#6038=CARTESIAN_POINT('Origin',(232.245497759204,63.1700951967001,9.08535533905933));
#6039=CARTESIAN_POINT('',(220.238564252888,-4.56893131321258,10.1353553390593));
#6040=CARTESIAN_POINT('Origin',(220.238564252888,30.3647133564755,10.1353553390593));
#6041=CARTESIAN_POINT('',(220.238564252888,-5.31139343345846,9.8278174593052));
#6042=CARTESIAN_POINT('Origin',(220.238564252888,-4.56893131321258,9.08535533905933));
#6043=CARTESIAN_POINT('Origin',(220.238564252888,30.3647133564755,9.82781745930522));
#6044=CARTESIAN_POINT('Origin',(-56.831536334054,-4.56893131321257,9.08535533905932));
#6045=CARTESIAN_POINT('',(-223.073596686219,-4.56893131321257,10.1353553390593));
#6046=CARTESIAN_POINT('',(-223.073596686219,-5.31139343345846,9.82781745930521));
#6047=CARTESIAN_POINT('Origin',(-223.073596686219,-4.56893131321257,9.08535533905932));
#6048=CARTESIAN_POINT('',(-56.831536334054,-5.31139343345845,9.82781745930521));
#6049=CARTESIAN_POINT('',(-56.831536334054,-4.56893131321257,10.1353553390593));
#6050=CARTESIAN_POINT('Origin',(-223.073596686219,30.3647133564755,9.08535533905933));
#6051=CARTESIAN_POINT('',(-235.080530192535,63.1700951967001,10.1353553390593));
#6052=CARTESIAN_POINT('',(-235.335719520561,63.8673242887938,9.82781745930521));
#6053=CARTESIAN_POINT('Origin',(-235.080530192535,63.1700951967001,9.08535533905933));
#6054=CARTESIAN_POINT('Origin',(-223.073596686219,30.3647133564755,9.8278174593052));
#6055=CARTESIAN_POINT('Origin',(-223.073596686219,30.3647133564755,10.1353553390593));
#6056=CARTESIAN_POINT('Origin',(5.6105125568344,151.264218287013,9.08535533905933));
#6057=CARTESIAN_POINT('',(29.4767845260559,159.999392959686,10.1353553390593));
#6058=CARTESIAN_POINT('',(29.2215951980301,160.69662205178,9.82781745930518));
#6059=CARTESIAN_POINT('Origin',(29.4767845260559,159.999392959686,9.08535533905933));
#6060=CARTESIAN_POINT('',(5.35532322880858,151.961447379107,9.8278174593052));
#6061=CARTESIAN_POINT('',(5.6105125568344,151.264218287013,10.1353553390593));
#6062=CARTESIAN_POINT('Origin',(25.3574837833344,171.254159525072,9.08535533905933));
#6063=CARTESIAN_POINT('',(37.3424080238262,171.254159525072,10.1353553390593));
#6064=CARTESIAN_POINT('',(36.5999459035803,171.254159525072,9.8278174593052));
#6065=CARTESIAN_POINT('Origin',(37.3424080238262,171.254159525072,9.08535533905933));
#6066=CARTESIAN_POINT('Origin',(25.3574837833344,171.254159525072,9.82781745930521));
#6067=CARTESIAN_POINT('Origin',(25.3574837833344,171.254159525072,10.1353553390593));
#6068=CARTESIAN_POINT('Origin',(37.3424080238262,165.776375820256,9.08535533905933));
#6069=CARTESIAN_POINT('',(37.3424080238262,242.729514644633,10.1353553390593));
#6070=CARTESIAN_POINT('',(36.5999459035803,242.729514644633,9.8278174593052));
#6071=CARTESIAN_POINT('Origin',(37.3424080238262,242.729514644633,9.08535533905933));
#6072=CARTESIAN_POINT('',(36.5999459035803,165.776375820256,9.8278174593052));
#6073=CARTESIAN_POINT('',(37.3424080238262,165.776375820256,10.1353553390593));
#6074=CARTESIAN_POINT('Origin',(-1.41751621666558,242.729514644633,9.08535533905933));
#6075=CARTESIAN_POINT('',(-40.1774404571573,242.729514644633,10.1353553390593));
#6076=CARTESIAN_POINT('',(-39.4349783369115,242.729514644633,9.8278174593052));
#6077=CARTESIAN_POINT('Origin',(-40.1774404571573,242.729514644633,9.08535533905933));
#6078=CARTESIAN_POINT('Origin',(-1.41751621666557,242.729514644633,9.82781745930521));
#6079=CARTESIAN_POINT('Origin',(-1.41751621666558,242.729514644633,10.1353553390593));
#6080=CARTESIAN_POINT('Origin',(-41.8425162166656,242.729514644633,9.08535533905933));
#6081=CARTESIAN_POINT('',(-43.5075919761738,242.729514644633,10.1353553390593));
#6082=CARTESIAN_POINT('',(-44.2500540964197,242.729514644633,9.82781745930522));
#6083=CARTESIAN_POINT('Origin',(-43.5075919761738,242.729514644633,9.08535533905933));
#6084=CARTESIAN_POINT('Origin',(-41.8425162166656,242.729514644633,9.82781745930521));
#6085=CARTESIAN_POINT('Origin',(-41.8425162166656,242.729514644633,10.1353553390593));
#6086=CARTESIAN_POINT('Origin',(-1.41751621666558,242.729514644633,9.08535533905933));
#6087=CARTESIAN_POINT('',(40.6725595428427,242.729514644633,10.1353553390593));
#6088=CARTESIAN_POINT('',(41.4150216630885,242.729514644633,9.82781745930521));
#6089=CARTESIAN_POINT('Origin',(40.6725595428427,242.729514644633,9.08535533905933));
#6090=CARTESIAN_POINT('Origin',(-1.41751621666557,242.729514644633,9.82781745930521));
#6091=CARTESIAN_POINT('Origin',(-1.41751621666558,242.729514644633,10.1353553390593));
#6092=CARTESIAN_POINT('Origin',(40.6725595428427,144.605374280166,9.08535533905933));
#6093=CARTESIAN_POINT('',(40.6725595428427,163.916020057961,10.1353553390593));
#6094=CARTESIAN_POINT('',(41.4150216630885,163.916020057961,9.8278174593052));
#6095=CARTESIAN_POINT('Origin',(40.6725595428427,163.916020057961,9.08535533905933));
#6096=CARTESIAN_POINT('',(41.4150216630885,144.605374280166,9.82781745930521));
#6097=CARTESIAN_POINT('',(40.6725595428427,144.605374280166,10.1353553390593));
#6098=CARTESIAN_POINT('Origin',(35.8574837833344,163.916020057961,9.08535533905933));
#6099=CARTESIAN_POINT('',(37.5124583792847,159.394293213429,10.1353553390593));
#6100=CARTESIAN_POINT('',(37.7676477073106,158.697064121335,9.82781745930525));
#6101=CARTESIAN_POINT('Origin',(37.5124583792847,159.394293213429,9.08535533905933));
#6102=CARTESIAN_POINT('Origin',(35.8574837833344,163.916020057961,9.8278174593052));
#6103=CARTESIAN_POINT('Origin',(35.8574837833344,163.916020057961,10.1353553390593));
#6104=CARTESIAN_POINT('Origin',(0.877788968303155,145.985821341775,9.08535533905933));
#6105=CARTESIAN_POINT('',(34.1772573702838,158.173592995998,10.1353553390593));
#6106=CARTESIAN_POINT('',(34.4324466983096,157.476363903904,9.82781745930519));
#6107=CARTESIAN_POINT('Origin',(34.1772573702838,158.173592995998,9.08535533905933));
#6108=CARTESIAN_POINT('',(1.13297829632897,145.288592249681,9.8278174593052));
#6109=CARTESIAN_POINT('',(0.877788968303155,145.985821341775,10.1353553390593));
#6110=CARTESIAN_POINT('Origin',(38.2965581130053,146.918826430611,9.08535533905933));
#6111=CARTESIAN_POINT('',(34.1772573702838,135.664059865225,10.1353553390593));
#6112=CARTESIAN_POINT('',(34.4324466983096,136.361288957319,9.82781745930521));
#6113=CARTESIAN_POINT('Origin',(34.1772573702838,135.664059865225,9.08535533905933));
#6114=CARTESIAN_POINT('Origin',(38.2965581130053,146.918826430611,9.8278174593052));
#6115=CARTESIAN_POINT('Origin',(38.2965581130053,146.918826430611,10.1353553390593));
#6116=CARTESIAN_POINT('Origin',(59.0719992721481,126.552460063449,9.08535533905933));
#6117=CARTESIAN_POINT('',(59.3271886001739,127.249689155543,9.8278174593052));
#6118=CARTESIAN_POINT('',(59.0719992721481,126.552460063449,10.1353553390593));
#6119=CARTESIAN_POINT('Origin',(-1.41751621666558,242.729514644633,8.56035533905933));
#6120=CARTESIAN_POINT('',(43.9499459035803,242.729514644633,7.29289321881345));
#6121=CARTESIAN_POINT('',(44.2574837833344,242.729514644633,6.98535533905933));
#6122=CARTESIAN_POINT('',(-46.7849783369115,242.729514644633,7.29289321881345));
#6123=CARTESIAN_POINT('Origin',(-1.41751621666557,242.729514644633,7.29289321881345));
#6124=CARTESIAN_POINT('',(-47.0925162166656,242.729514644633,6.98535533905933));
#6125=CARTESIAN_POINT('Origin',(42.6824837833344,149.085419014868,8.56035533905933));
#6126=CARTESIAN_POINT('',(43.9499459035803,163.916020057961,7.29289321881346));
#6127=CARTESIAN_POINT('',(44.2574837833344,163.916020057961,6.98535533905933));
#6128=CARTESIAN_POINT('',(43.9499459035803,153.56546374957,7.29289321881344));
#6129=CARTESIAN_POINT('Origin',(35.8574837833344,163.916020057961,8.56035533905933));
#6130=CARTESIAN_POINT('',(38.6389185720292,156.316575099028,7.29289321881345));
#6131=CARTESIAN_POINT('',(38.7446214526704,156.027773353002,6.98535533905933));
#6132=CARTESIAN_POINT('Origin',(35.8574837833344,163.916020057961,7.29289321881344));
#6133=CARTESIAN_POINT('Origin',(5.48433896688692,145.531522721616,8.56035533905933));
#6134=CARTESIAN_POINT('',(35.3037175630282,155.095874881597,7.29289321881345));
#6135=CARTESIAN_POINT('',(35.4094204436694,154.807073135571,6.98535533905933));
#6136=CARTESIAN_POINT('',(9.83569963744487,145.77445319355,7.29289321881345));
#6137=CARTESIAN_POINT('Origin',(38.2965581130053,146.918826430611,8.56035533905933));
#6138=CARTESIAN_POINT('',(35.3037175630283,138.741777979626,7.29289321881345));
#6139=CARTESIAN_POINT('',(35.4094204436694,139.030579725652,6.98535533905933));
#6140=CARTESIAN_POINT('Origin',(38.2965581130053,146.918826430611,7.29289321881345));
#6141=CARTESIAN_POINT('Origin',(117.487323528218,107.312478711113,8.56035533905933));
#6142=CARTESIAN_POINT('',(233.371957951948,66.247813311101,7.29289321881344));
#6143=CARTESIAN_POINT('',(233.477660832589,66.5366150571272,6.98535533905933));
#6144=CARTESIAN_POINT('',(175.647458456263,87.3752682666839,7.29289321881344));
#6145=CARTESIAN_POINT('Origin',(220.238564252888,30.3647133564755,8.56035533905933));
#6146=CARTESIAN_POINT('',(220.238564252888,-7.84631767395021,7.29289321881345));
#6147=CARTESIAN_POINT('',(220.238564252888,-5.00385555370433,10.1353553390593));
#6148=CARTESIAN_POINT('Origin',(220.238564252888,30.3647133564755,7.29289321881346));
#6149=CARTESIAN_POINT('Origin',(-1.41751621666558,140.125329545464,10.1353553390593));
#6150=CARTESIAN_POINT('',(-1.41751621666556,145.14572818673,10.1353553390593));
#6151=CARTESIAN_POINT('',(-233.935942450762,60.0428235358006,10.1353553390593));
#6152=CARTESIAN_POINT('',(-60.7624376263395,123.425190722057,10.1353553390593));
#6153=CARTESIAN_POINT('',(231.100901819305,60.0428265363554,10.1353553390593));
#6154=CARTESIAN_POINT('',(0.105839591603256,144.588172356853,10.1353553390593));
#6155=CARTESIAN_POINT('',(220.238564252888,-1.23877979419627,10.1353553390593));
#6156=CARTESIAN_POINT('Origin',(220.238564252888,30.3647133564755,10.1353553390593));
#6157=CARTESIAN_POINT('',(-223.073596686219,-1.23877979419746,10.1353553390593));
#6158=CARTESIAN_POINT('',(53.9965039007228,-1.23877979419627,10.1353553390593));
#6159=CARTESIAN_POINT('Origin',(-223.073596686219,30.3647133564755,10.1353553390593));
#6160=CARTESIAN_POINT('Origin',(9.58051030941905,146.471682285643,6.55043109856757));
#6161=CARTESIAN_POINT('',(35.4094204436694,154.807073135571,6.55043109856757));
#6162=CARTESIAN_POINT('Origin',(35.0485282350024,155.793103973691,6.55043109856757));
#6163=CARTESIAN_POINT('',(38.7446214526704,156.027773353002,6.55043109856757));
#6164=CARTESIAN_POINT('',(9.94140251808604,145.485651447524,6.55043109856757));
#6165=CARTESIAN_POINT('Origin',(38.3837292440034,157.013804191122,6.55043109856757));
#6166=CARTESIAN_POINT('Origin',(35.8574837833344,163.916020057961,6.55043109856757));
#6167=CARTESIAN_POINT('',(44.2574837833344,163.916020057961,6.55043109856757));
#6168=CARTESIAN_POINT('Origin',(35.8574837833344,163.916020057961,6.55043109856757));
#6169=CARTESIAN_POINT('Origin',(43.2074837833344,163.916020057961,6.55043109856757));
#6170=CARTESIAN_POINT('Origin',(43.2074837833344,153.56546374957,6.55043109856757));
#6171=CARTESIAN_POINT('',(44.2574837833344,242.729514644633,6.55043109856757));
#6172=CARTESIAN_POINT('',(44.2574837833344,153.56546374957,6.55043109856757));
#6173=CARTESIAN_POINT('Origin',(43.2074837833344,242.729514644633,6.55043109856757));
#6174=CARTESIAN_POINT('Origin',(-1.41751621666558,242.729514644633,6.55043109856757));
#6175=CARTESIAN_POINT('',(-47.0925162166656,242.729514644633,6.55043109856757));
#6176=CARTESIAN_POINT('Origin',(-1.41751621666558,242.729514644633,6.55043109856757));
#6177=CARTESIAN_POINT('Origin',(-46.0425162166656,242.729514644633,6.55043109856757));
#6178=CARTESIAN_POINT('Origin',(-41.8425162166656,242.729514644633,6.55043109856758));
#6179=CARTESIAN_POINT('',(-36.5925162166656,242.729514644633,6.55043109856758));
#6180=CARTESIAN_POINT('Origin',(-41.8425162166656,242.729514644633,6.55043109856758));
#6181=CARTESIAN_POINT('',(-36.9000540964197,242.729514644633,7.29289321881346));
#6182=CARTESIAN_POINT('Origin',(-37.6425162166656,242.729514644633,6.55043109856758));
#6183=CARTESIAN_POINT('Origin',(-41.8425162166656,242.729514644633,7.29289321881345));
#6184=CARTESIAN_POINT('Origin',(-1.41751621666558,242.729514644633,6.55043109856758));
#6185=CARTESIAN_POINT('',(33.7574837833344,242.729514644633,6.55043109856758));
#6186=CARTESIAN_POINT('Origin',(-1.41751621666558,242.729514644633,6.55043109856758));
#6187=CARTESIAN_POINT('',(34.0650216630885,242.729514644633,7.29289321881344));
#6188=CARTESIAN_POINT('Origin',(34.8074837833344,242.729514644633,6.55043109856758));
#6189=CARTESIAN_POINT('Origin',(-1.41751621666557,242.729514644633,7.29289321881345));
#6190=CARTESIAN_POINT('Origin',(34.8074837833344,217.07846836984,6.55043109856757));
#6191=CARTESIAN_POINT('',(33.7574837833344,171.254159525072,6.55043109856757));
#6192=CARTESIAN_POINT('',(33.7574837833344,217.07846836984,6.55043109856757));
#6193=CARTESIAN_POINT('',(34.0650216630886,171.254159525072,7.29289321881345));
#6194=CARTESIAN_POINT('Origin',(34.8074837833344,171.254159525072,6.55043109856757));
#6195=CARTESIAN_POINT('',(34.0650216630886,217.07846836984,7.29289321881345));
#6196=CARTESIAN_POINT('Origin',(25.3574837833344,171.254159525072,6.55043109856757));
#6197=CARTESIAN_POINT('',(28.2446214526703,163.365912820113,6.55043109856757));
#6198=CARTESIAN_POINT('Origin',(25.3574837833344,171.254159525072,6.55043109856757));
#6199=CARTESIAN_POINT('',(28.3503243333115,163.077111074087,7.29289321881346));
#6200=CARTESIAN_POINT('Origin',(28.6055136613373,162.379881981993,6.55043109856757));
#6201=CARTESIAN_POINT('Origin',(25.3574837833344,171.254159525072,7.29289321881345));
#6202=CARTESIAN_POINT('Origin',(24.3253312253729,160.813313845282,6.55043109856761));
#6203=CARTESIAN_POINT('',(-236.312693265921,66.5366150571272,6.55043109856761));
#6204=CARTESIAN_POINT('',(23.9644390167059,161.799344683402,6.55043109856761));
#6205=CARTESIAN_POINT('',(-236.206990385279,66.2478133111009,7.29289321881348));
#6206=CARTESIAN_POINT('Origin',(-235.951801057254,65.5505842190073,6.55043109856761));
#6207=CARTESIAN_POINT('',(24.0701418973471,161.510542937376,7.29289321881347));
#6208=CARTESIAN_POINT('Origin',(-223.073596686219,30.3647133564755,6.55043109856758));
#6209=CARTESIAN_POINT('',(-223.073596686219,-8.15385555370434,6.55043109856758));
#6210=CARTESIAN_POINT('Origin',(-223.073596686219,30.3647133564755,6.55043109856758));
#6211=CARTESIAN_POINT('',(-223.073596686219,-7.84631767395021,7.29289321881345));
#6212=CARTESIAN_POINT('Origin',(-223.073596686219,-7.10385555370434,6.55043109856758));
#6213=CARTESIAN_POINT('Origin',(-223.073596686219,30.3647133564755,7.29289321881344));
#6214=CARTESIAN_POINT('Origin',(-167.659576568831,-7.10385555370433,6.55043109856758));
#6215=CARTESIAN_POINT('',(220.238564252888,-8.15385555370433,6.55043109856758));
#6216=CARTESIAN_POINT('',(-167.659576568831,-8.15385555370433,6.55043109856758));
#6217=CARTESIAN_POINT('Origin',(220.238564252888,-7.10385555370433,6.55043109856758));
#6218=CARTESIAN_POINT('',(-167.659576568831,-7.84631767395021,7.29289321881345));
#6219=CARTESIAN_POINT('Origin',(220.238564252888,30.3647133564755,6.55043109856758));
#6220=CARTESIAN_POINT('',(233.477660832589,66.5366150571272,6.55043109856758));
#6221=CARTESIAN_POINT('Origin',(220.238564252888,30.3647133564755,6.55043109856758));
#6222=CARTESIAN_POINT('Origin',(233.116768623922,65.5505842190073,6.55043109856758));
#6223=CARTESIAN_POINT('Origin',(175.392269128237,86.6780391745903,6.55043109856756));
#6224=CARTESIAN_POINT('',(35.4094204436694,139.030579725652,6.55043109856755));
#6225=CARTESIAN_POINT('',(175.753161336904,87.6640700127102,6.55043109856756));
#6226=CARTESIAN_POINT('Origin',(35.0485282350024,138.044548887532,6.55043109856755));
#6227=CARTESIAN_POINT('Origin',(38.2965581130053,146.918826430611,6.55043109856758));
#6228=CARTESIAN_POINT('Origin',(38.2965581130053,146.918826430611,6.55043109856758));
#6229=CARTESIAN_POINT('Origin',(14.7127325630778,156.735995158241,8.56035533905933));
#6230=CARTESIAN_POINT('',(28.2446214526703,163.365912820113,6.98535533905933));
#6231=CARTESIAN_POINT('',(-236.312693265921,66.5366150571272,6.98535533905933));
#6232=CARTESIAN_POINT('Origin',(-223.073596686219,30.3647133564755,8.56035533905933));
#6233=CARTESIAN_POINT('',(-223.073596686219,-8.15385555370434,6.98535533905933));
#6234=CARTESIAN_POINT('Origin',(-112.245556451442,-6.57885555370433,8.56035533905933));
#6235=CARTESIAN_POINT('Origin',(33.7574837833344,242.729514644633,-0.364644660940673));
#6236=CARTESIAN_POINT('',(33.7574837833344,242.729514644633,3.22027957955108));
#6237=CARTESIAN_POINT('',(33.7574837833344,242.729514644633,-0.364644660940673));
#6238=CARTESIAN_POINT('',(33.7574837833344,171.254159525072,3.22027957955108));
#6239=CARTESIAN_POINT('',(33.7574837833344,217.07846836984,3.22027957955108));
#6240=CARTESIAN_POINT('',(33.7574837833344,171.254159525072,-0.364644660940673));
#6241=CARTESIAN_POINT('Origin',(-1.41751621666558,242.729514644633,-0.364644660940673));
#6242=CARTESIAN_POINT('',(-36.5925162166656,242.729514644633,3.22027957955108));
#6243=CARTESIAN_POINT('',(-36.5925162166656,242.729514644633,-0.364644660940673));
#6244=CARTESIAN_POINT('Origin',(-1.41751621666558,242.729514644633,3.22027957955108));
#6245=CARTESIAN_POINT('Origin',(-41.8425162166656,242.729514644633,-0.364644660940673));
#6246=CARTESIAN_POINT('',(-47.0925162166656,242.729514644633,3.22027957955108));
#6247=CARTESIAN_POINT('',(-47.0925162166656,242.729514644633,-0.364644660940673));
#6248=CARTESIAN_POINT('Origin',(-41.8425162166656,242.729514644633,3.22027957955108));
#6249=CARTESIAN_POINT('Origin',(-1.41751621666558,242.729514644633,-0.364644660940673));
#6250=CARTESIAN_POINT('',(44.2574837833344,242.729514644633,3.22027957955108));
#6251=CARTESIAN_POINT('',(44.2574837833344,242.729514644633,-0.364644660940673));
#6252=CARTESIAN_POINT('Origin',(-1.41751621666558,242.729514644633,3.22027957955108));
#6253=CARTESIAN_POINT('Origin',(44.2574837833344,158.045508484272,-0.364644660940673));
#6254=CARTESIAN_POINT('',(44.2574837833344,163.916020057961,3.22027957955108));
#6255=CARTESIAN_POINT('',(44.2574837833344,163.916020057961,-0.364644660940673));
#6256=CARTESIAN_POINT('',(44.2574837833344,153.56546374957,3.22027957955108));
#6257=CARTESIAN_POINT('Origin',(35.8574837833344,163.916020057961,-0.364644660940673));
#6258=CARTESIAN_POINT('',(38.7446214526704,156.027773353002,3.22027957955108));
#6259=CARTESIAN_POINT('',(38.7446214526704,156.027773353002,-0.364644660940673));
#6260=CARTESIAN_POINT('Origin',(35.8574837833344,163.916020057961,3.22027957955108));
#6261=CARTESIAN_POINT('Origin',(13.8571277562847,146.918826430611,-0.364644660940673));
#6262=CARTESIAN_POINT('',(35.4094204436694,154.807073135571,3.22027957955109));
#6263=CARTESIAN_POINT('',(35.4094204436694,154.807073135571,-0.364644660940673));
#6264=CARTESIAN_POINT('',(9.94140251808604,145.485651447524,3.22027957955109));
#6265=CARTESIAN_POINT('Origin',(-167.659576568831,-7.10385555370433,3.22027957955108));
#6266=CARTESIAN_POINT('',(220.238564252888,-7.84631767395021,2.4778174593052));
#6267=CARTESIAN_POINT('',(220.238564252888,-8.15385555370433,3.22027957955108));
#6268=CARTESIAN_POINT('Origin',(220.238564252888,-7.10385555370433,3.22027957955108));
#6269=CARTESIAN_POINT('',(-223.073596686219,-8.15385555370434,3.22027957955108));
#6270=CARTESIAN_POINT('',(-167.659576568831,-8.15385555370433,3.22027957955108));
#6271=CARTESIAN_POINT('',(-223.073596686219,-7.84631767395021,2.4778174593052));
#6272=CARTESIAN_POINT('Origin',(-223.073596686219,-7.10385555370433,3.22027957955108));
#6273=CARTESIAN_POINT('',(-167.659576568831,-7.84631767395021,2.4778174593052));
#6274=CARTESIAN_POINT('Origin',(-223.073596686219,30.3647133564755,3.22027957955108));
#6275=CARTESIAN_POINT('',(-236.312693265921,66.5366150571272,3.22027957955108));
#6276=CARTESIAN_POINT('Origin',(-223.073596686219,30.3647133564755,3.22027957955108));
#6277=CARTESIAN_POINT('',(-236.206990385279,66.247813311101,2.47781745930521));
#6278=CARTESIAN_POINT('Origin',(-235.951801057254,65.5505842190073,3.22027957955108));
#6279=CARTESIAN_POINT('Origin',(-223.073596686219,30.3647133564755,2.47781745930521));
#6280=CARTESIAN_POINT('Origin',(24.3253312253729,160.813313845282,3.22027957955106));
#6281=CARTESIAN_POINT('',(28.2446214526703,163.365912820113,3.22027957955106));
#6282=CARTESIAN_POINT('',(23.9644390167059,161.799344683402,3.22027957955106));
#6283=CARTESIAN_POINT('',(28.3503243333115,163.077111074087,2.47781745930519));
#6284=CARTESIAN_POINT('Origin',(28.6055136613373,162.379881981993,3.22027957955106));
#6285=CARTESIAN_POINT('',(24.0701418973471,161.510542937376,2.4778174593052));
#6286=CARTESIAN_POINT('Origin',(25.3574837833344,171.254159525072,3.22027957955108));
#6287=CARTESIAN_POINT('Origin',(25.3574837833344,171.254159525072,3.22027957955108));
#6288=CARTESIAN_POINT('',(34.0650216630885,171.254159525072,2.47781745930522));
#6289=CARTESIAN_POINT('Origin',(34.8074837833344,171.254159525072,3.22027957955108));
#6290=CARTESIAN_POINT('Origin',(25.3574837833344,171.254159525072,2.4778174593052));
#6291=CARTESIAN_POINT('Origin',(34.8074837833344,217.07846836984,3.22027957955108));
#6292=CARTESIAN_POINT('',(34.0650216630886,242.729514644633,2.4778174593052));
#6293=CARTESIAN_POINT('Origin',(34.8074837833344,242.729514644633,3.22027957955108));
#6294=CARTESIAN_POINT('',(34.0650216630886,217.07846836984,2.4778174593052));
#6295=CARTESIAN_POINT('Origin',(-1.41751621666558,242.729514644633,3.22027957955108));
#6296=CARTESIAN_POINT('',(-36.9000540964197,242.729514644633,2.47781745930522));
#6297=CARTESIAN_POINT('Origin',(-37.6425162166656,242.729514644633,3.22027957955108));
#6298=CARTESIAN_POINT('Origin',(-1.41751621666557,242.729514644633,2.4778174593052));
#6299=CARTESIAN_POINT('Origin',(-41.8425162166656,242.729514644633,3.22027957955108));
#6300=CARTESIAN_POINT('',(-46.7849783369114,242.729514644633,2.47781745930519));
#6301=CARTESIAN_POINT('Origin',(-46.0425162166656,242.729514644633,3.22027957955108));
#6302=CARTESIAN_POINT('Origin',(-41.8425162166656,242.729514644633,2.47781745930521));
#6303=CARTESIAN_POINT('Origin',(-1.41751621666558,242.729514644633,3.22027957955108));
#6304=CARTESIAN_POINT('',(43.9499459035803,242.729514644633,2.4778174593052));
#6305=CARTESIAN_POINT('Origin',(43.2074837833344,242.729514644633,3.22027957955108));
#6306=CARTESIAN_POINT('Origin',(-1.41751621666557,242.729514644633,2.47781745930521));
#6307=CARTESIAN_POINT('Origin',(43.2074837833344,153.56546374957,3.22027957955108));
#6308=CARTESIAN_POINT('',(43.9499459035803,163.916020057961,2.47781745930521));
#6309=CARTESIAN_POINT('Origin',(43.2074837833344,163.916020057961,3.22027957955108));
#6310=CARTESIAN_POINT('',(43.9499459035803,153.56546374957,2.47781745930521));
#6311=CARTESIAN_POINT('Origin',(35.8574837833344,163.916020057961,3.22027957955108));
#6312=CARTESIAN_POINT('',(38.6389185720292,156.316575099028,2.47781745930519));
#6313=CARTESIAN_POINT('Origin',(38.3837292440034,157.013804191122,3.22027957955108));
#6314=CARTESIAN_POINT('Origin',(35.8574837833344,163.916020057961,2.47781745930521));
#6315=CARTESIAN_POINT('Origin',(9.58051030941905,146.471682285643,3.22027957955109));
#6316=CARTESIAN_POINT('',(35.3037175630282,155.095874881597,2.47781745930521));
#6317=CARTESIAN_POINT('Origin',(35.0485282350024,155.793103973691,3.22027957955109));
#6318=CARTESIAN_POINT('',(9.83569963744487,145.77445319355,2.47781745930521));
#6319=CARTESIAN_POINT('Origin',(38.2965581130053,146.918826430611,3.22027957955108));
#6320=CARTESIAN_POINT('',(35.4094204436694,139.030579725652,3.22027957955108));
#6321=CARTESIAN_POINT('Origin',(38.2965581130053,146.918826430611,3.22027957955108));
#6322=CARTESIAN_POINT('',(35.3037175630283,138.741777979626,2.4778174593052));
#6323=CARTESIAN_POINT('Origin',(35.0485282350024,138.044548887532,3.22027957955108));
#6324=CARTESIAN_POINT('Origin',(38.2965581130053,146.918826430611,2.4778174593052));
#6325=CARTESIAN_POINT('Origin',(175.392269128237,86.6780391745903,3.2202795795511));
#6326=CARTESIAN_POINT('',(233.477660832589,66.5366150571272,3.2202795795511));
#6327=CARTESIAN_POINT('',(175.753161336904,87.6640700127102,3.2202795795511));
#6328=CARTESIAN_POINT('',(233.371957951948,66.247813311101,2.47781745930521));
#6329=CARTESIAN_POINT('Origin',(233.116768623922,65.5505842190073,3.2202795795511));
#6330=CARTESIAN_POINT('',(175.647458456263,87.3752682666839,2.47781745930522));
#6331=CARTESIAN_POINT('Origin',(220.238564252888,30.3647133564755,3.22027957955108));
#6332=CARTESIAN_POINT('Origin',(220.238564252888,30.3647133564755,3.22027957955108));
#6333=CARTESIAN_POINT('Origin',(220.238564252888,30.3647133564755,2.4778174593052));
#6334=CARTESIAN_POINT('Origin',(42.6824837833344,149.085419014868,1.21035533905933));
#6335=CARTESIAN_POINT('',(41.4150216630885,163.916020057961,-0.0571067811865609));
#6336=CARTESIAN_POINT('',(41.1074837833344,163.916020057961,-0.364644660940673));
#6337=CARTESIAN_POINT('',(41.4150216630885,242.729514644633,-0.0571067811865476));
#6338=CARTESIAN_POINT('',(41.4150216630885,144.605374280166,-0.0571067811865454));
#6339=CARTESIAN_POINT('',(41.1074837833344,242.729514644633,-0.364644660940673));
#6340=CARTESIAN_POINT('Origin',(35.8574837833344,163.916020057961,1.21035533905933));
#6341=CARTESIAN_POINT('',(37.7676477073105,158.697064121335,-0.0571067811865803));
#6342=CARTESIAN_POINT('',(37.6619448266694,158.985865867362,-0.364644660940673));
#6343=CARTESIAN_POINT('Origin',(35.8574837833344,163.916020057961,-0.0571067811865417));
#6344=CARTESIAN_POINT('Origin',(5.48433896688692,145.531522721616,1.21035533905933));
#6345=CARTESIAN_POINT('',(34.4324466983096,157.476363903904,-0.0571067811865495));
#6346=CARTESIAN_POINT('',(34.3267438176684,157.765165649931,-0.364644660940673));
#6347=CARTESIAN_POINT('',(1.13297829632897,145.288592249681,-0.0571067811865433));
#6348=CARTESIAN_POINT('Origin',(38.2965581130053,146.918826430611,1.21035533905933));
#6349=CARTESIAN_POINT('',(34.4324466983096,136.361288957319,-0.0571067811865481));
#6350=CARTESIAN_POINT('',(34.3267438176685,136.072487211292,-0.364644660940673));
#6351=CARTESIAN_POINT('Origin',(38.2965581130053,146.918826430611,-0.0571067811865449));
#6352=CARTESIAN_POINT('Origin',(117.487323528218,107.312478711113,1.21035533905933));
#6353=CARTESIAN_POINT('',(232.50068708723,63.8673242887938,-0.0571067811865442));
#6354=CARTESIAN_POINT('',(233.477660832589,66.5366150571272,2.78535533905933));
#6355=CARTESIAN_POINT('',(59.3271886001739,127.249689155543,-0.0571067811865459));
#6356=CARTESIAN_POINT('Origin',(220.238564252888,30.3647133564755,1.21035533905933));
#6357=CARTESIAN_POINT('',(220.238564252888,-5.31139343345846,-0.0571067811865393));
#6358=CARTESIAN_POINT('',(220.238564252888,-5.00385555370432,-0.364644660940673));
#6359=CARTESIAN_POINT('Origin',(220.238564252888,30.3647133564755,-0.0571067811865655));
#6360=CARTESIAN_POINT('Origin',(-112.245556451442,-6.57885555370433,1.21035533905933));
#6361=CARTESIAN_POINT('',(-223.073596686219,-5.31139343345846,-0.0571067811865472));
#6362=CARTESIAN_POINT('',(-223.073596686219,-5.00385555370433,-0.364644660940673));
#6363=CARTESIAN_POINT('',(-56.831536334054,-5.31139343345846,-0.0571067811865396));
#6364=CARTESIAN_POINT('Origin',(25.3574837833344,171.254159525072,-0.364644660940673));
#6365=CARTESIAN_POINT('',(28.2446214526703,163.365912820113,-0.364644660940673));
#6366=CARTESIAN_POINT('Origin',(33.7574837833344,165.383647951383,-0.364644660940673));
#6367=CARTESIAN_POINT('',(-236.312693265921,66.5366150571272,-0.364644660940673));
#6368=CARTESIAN_POINT('Origin',(-223.073596686219,30.3647133564755,-0.364644660940673));
#6369=CARTESIAN_POINT('',(-223.073596686219,-8.15385555370434,-0.364644660940673));
#6370=CARTESIAN_POINT('Origin',(-223.073596686219,-8.15385555370433,-0.364644660940673));
#6371=CARTESIAN_POINT('',(220.238564252888,-8.15385555370433,-0.364644660940673));
#6372=CARTESIAN_POINT('Origin',(-175.340169474509,78.7897904264901,3.2202795795511));
#6373=CARTESIAN_POINT('',(-1.41751621666558,141.328230490924,3.22027957955108));
#6374=CARTESIAN_POINT('',(-232.703778622286,56.6763039517402,3.2202795795511));
#6375=CARTESIAN_POINT('',(-174.979277265842,77.8037595883702,3.2202795795511));
#6376=CARTESIAN_POINT('',(-232.809481584624,56.9651056678652,2.4778174593052));
#6377=CARTESIAN_POINT('Origin',(-233.064670830953,57.6623347898601,3.2202795795511));
#6378=CARTESIAN_POINT('',(-1.41751621666558,141.655720018896,2.47781745930522));
#6379=CARTESIAN_POINT('',(-175.084980146483,78.0925613343965,2.47781745930521));
#6380=CARTESIAN_POINT('Origin',(-1.41751621666558,142.446349678861,3.22027957955108));
#6381=CARTESIAN_POINT('Origin',(-223.073596686219,30.3647133564755,3.22027957955108));
#6382=CARTESIAN_POINT('',(-223.073596686219,2.34614444629548,3.22027957955108));
#6383=CARTESIAN_POINT('Origin',(-223.073596686219,30.3647133564755,3.22027957955108));
#6384=CARTESIAN_POINT('',(-223.073596686219,2.0386065665402,2.47781745930405));
#6385=CARTESIAN_POINT('Origin',(-223.073596686219,1.29614444629433,3.22027957955108));
#6386=CARTESIAN_POINT('Origin',(-223.073596686219,30.3647133564755,2.4778174593052));
#6387=CARTESIAN_POINT('Origin',(164.8245441355,1.29614444629549,3.22027957955108));
#6388=CARTESIAN_POINT('',(220.238564252888,2.34614444629549,3.22027957955108));
#6389=CARTESIAN_POINT('',(164.8245441355,2.34614444629549,3.22027957955108));
#6390=CARTESIAN_POINT('',(220.238564252888,2.03860656654136,2.4778174593052));
#6391=CARTESIAN_POINT('Origin',(220.238564252888,1.29614444629549,3.22027957955108));
#6392=CARTESIAN_POINT('',(164.8245441355,2.03860656654136,2.4778174593052));
#6393=CARTESIAN_POINT('Origin',(220.238564252888,30.3647133564755,3.22027957955108));
#6394=CARTESIAN_POINT('',(229.86873874592,56.6763066759282,3.22027957955108));
#6395=CARTESIAN_POINT('Origin',(220.238564252888,30.3647133564755,3.22027957955108));
#6396=CARTESIAN_POINT('',(229.974441626561,56.9651084219545,2.4778174593052));
#6397=CARTESIAN_POINT('Origin',(230.229630954587,57.6623375140482,3.22027957955108));
#6398=CARTESIAN_POINT('Origin',(220.238564252888,30.3647133564755,2.4778174593052));
#6399=CARTESIAN_POINT('Origin',(-0.959559763037515,142.278735330878,3.22027957955109));
#6400=CARTESIAN_POINT('',(-1.3204519717045,141.292704492758,3.22027957955109));
#6401=CARTESIAN_POINT('',(-1.21474909106333,141.581506238784,2.47781745930522));
#6402=CARTESIAN_POINT('Origin',(220.238564252888,30.3647133564755,1.21035533905933));
#6403=CARTESIAN_POINT('',(230.845712491279,59.3455974442617,-0.057106781186551));
#6404=CARTESIAN_POINT('',(230.951415371921,59.634399190288,-0.364644660940673));
#6405=CARTESIAN_POINT('',(220.238564252888,-0.496317673950389,-0.05710678118655));
#6406=CARTESIAN_POINT('Origin',(220.238564252888,30.3647133564755,-0.0571067811865462));
#6407=CARTESIAN_POINT('',(220.238564252888,-0.803855553704512,-0.364644660940673));
#6408=CARTESIAN_POINT('Origin',(-0.682049413742945,142.736224751772,1.21035533905933));
#6409=CARTESIAN_POINT('',(-1.41751621666559,144.355098526764,-0.0571067811865416));
#6410=CARTESIAN_POINT('',(-1.4175162166656,144.682588054736,-0.364644660940673));
#6411=CARTESIAN_POINT('',(-0.149349736422568,143.89094326476,-0.0571067811865444));
#6412=CARTESIAN_POINT('Origin',(-117.796114222398,100.41026148218,1.21035533905933));
#6413=CARTESIAN_POINT('',(-233.680753122736,59.3455944437069,-0.0571067811865416));
#6414=CARTESIAN_POINT('',(-233.786456085074,59.6343961598318,-0.364644660940673));
#6415=CARTESIAN_POINT('',(-60.5072482983137,122.727961629964,-0.0571067811865425));
#6416=CARTESIAN_POINT('Origin',(220.238564252888,2.34614444629549,-0.364644660940673));
#6417=CARTESIAN_POINT('',(-223.073596686219,2.34614444629548,6.55043109856758));
#6418=CARTESIAN_POINT('',(-223.073596686219,2.34614444629548,-0.364644660940673));
#6419=CARTESIAN_POINT('',(220.238564252888,2.34614444629549,6.55043109856758));
#6420=CARTESIAN_POINT('',(164.8245441355,2.34614444629549,6.55043109856758));
#6421=CARTESIAN_POINT('',(220.238564252888,2.34614444629549,-0.364644660940673));
#6422=CARTESIAN_POINT('Origin',(-223.073596686219,30.3647133564755,-0.364644660940673));
#6423=CARTESIAN_POINT('',(-232.703778622286,56.6763039517402,6.55043109856757));
#6424=CARTESIAN_POINT('',(-232.703778622286,56.6763039517402,-0.364644660940673));
#6425=CARTESIAN_POINT('Origin',(-223.073596686219,30.3647133564755,6.55043109856757));
#6426=CARTESIAN_POINT('Origin',(-232.703778622286,56.6763039517402,-0.364644660940673));
#6427=CARTESIAN_POINT('',(-1.41751621666558,141.328230490924,6.55043109856757));
#6428=CARTESIAN_POINT('',(-1.41751621666558,141.328230490924,-0.364644660940673));
#6429=CARTESIAN_POINT('',(-174.979277265842,77.8037595883702,6.55043109856757));
#6430=CARTESIAN_POINT('Origin',(-0.959559763037514,142.278735330878,6.55043109856757));
#6431=CARTESIAN_POINT('',(229.86873874592,56.6763066759282,6.55043109856756));
#6432=CARTESIAN_POINT('',(-1.3204519717045,141.292704492758,6.55043109856757));
#6433=CARTESIAN_POINT('',(229.974441626561,56.9651084219545,7.29289321881344));
#6434=CARTESIAN_POINT('Origin',(230.229630954587,57.6623375140481,6.55043109856756));
#6435=CARTESIAN_POINT('',(-1.41751621666558,141.655720018896,7.29289321881345));
#6436=CARTESIAN_POINT('',(-1.21474909106333,141.581506238784,7.29289321881343));
#6437=CARTESIAN_POINT('Origin',(-1.4175162166656,142.446349678861,6.55043109856757));
#6438=CARTESIAN_POINT('Origin',(220.238564252888,30.3647133564755,6.55043109856758));
#6439=CARTESIAN_POINT('Origin',(220.238564252888,30.3647133564755,6.55043109856758));
#6440=CARTESIAN_POINT('',(220.238564252888,2.03860656654136,7.29289321881345));
#6441=CARTESIAN_POINT('Origin',(220.238564252888,1.29614444629548,6.55043109856758));
#6442=CARTESIAN_POINT('Origin',(220.238564252888,30.3647133564755,7.29289321881346));
#6443=CARTESIAN_POINT('Origin',(164.8245441355,1.29614444629549,6.55043109856758));
#6444=CARTESIAN_POINT('',(-223.073596686219,2.03860656654135,7.29289321881345));
#6445=CARTESIAN_POINT('Origin',(-223.073596686219,1.29614444629548,6.55043109856758));
#6446=CARTESIAN_POINT('',(164.8245441355,2.03860656654136,7.29289321881345));
#6447=CARTESIAN_POINT('Origin',(-223.073596686219,30.3647133564755,6.55043109856757));
#6448=CARTESIAN_POINT('',(-232.809481584624,56.9651056678652,7.29289321881344));
#6449=CARTESIAN_POINT('Origin',(-233.064671109882,57.6623346877707,6.55043109856757));
#6450=CARTESIAN_POINT('Origin',(-223.073596686219,30.3647133564755,7.29289321881345));
#6451=CARTESIAN_POINT('Origin',(-175.340169474509,78.7897904264901,6.55043109856757));
#6452=CARTESIAN_POINT('',(-175.084980146483,78.0925613343965,7.29289321881344));
#6453=CARTESIAN_POINT('Origin',(-223.073596686219,30.3647133564755,8.56035533905933));
#6454=CARTESIAN_POINT('',(-233.680753122736,59.3455944437069,9.82781745930524));
#6455=CARTESIAN_POINT('',(-232.703778622286,56.6763039517402,6.98535533905933));
#6456=CARTESIAN_POINT('',(-223.073596686219,-0.496317673951606,9.82781745930641));
#6457=CARTESIAN_POINT('Origin',(-223.073596686219,30.3647133564755,9.82781745930519));
#6458=CARTESIAN_POINT('',(-223.073596686219,2.34614444629548,6.98535533905933));
#6459=CARTESIAN_POINT('Origin',(-117.796114222398,100.41026148218,8.56035533905933));
#6460=CARTESIAN_POINT('',(-1.41751621666558,144.355098526764,9.8278174593052));
#6461=CARTESIAN_POINT('',(-1.41751621666558,144.682588054736,10.1353553390593));
#6462=CARTESIAN_POINT('',(-60.5072482983137,122.727961629964,9.8278174593052));
#6463=CARTESIAN_POINT('Origin',(-0.682049413742945,142.736224751772,8.56035533905933));
#6464=CARTESIAN_POINT('',(230.845712491279,59.3455974442617,9.8278174593052));
#6465=CARTESIAN_POINT('',(229.86873874592,56.6763066759282,6.98535533905933));
#6466=CARTESIAN_POINT('',(-0.14934973642256,143.89094326476,9.8278174593052));
#6467=CARTESIAN_POINT('Origin',(220.238564252888,30.3647133564755,-0.364644660940673));
#6468=CARTESIAN_POINT('',(229.86873874592,56.6763066759282,-0.364644660940673));
#6469=CARTESIAN_POINT('Origin',(-1.41751621666558,141.328230490924,-0.364644660940673));
#6470=CARTESIAN_POINT('Origin',(-60.7624376263395,123.425190722057,9.08535533905933));
#6471=CARTESIAN_POINT('Origin',(-233.935942450762,60.0428235358006,9.08535533905933));
#6472=CARTESIAN_POINT('Origin',(-1.41751621666557,145.14572818673,9.08535533905933));
#6473=CARTESIAN_POINT('Origin',(-223.073596686219,30.3647133564755,9.08535533905933));
#6474=CARTESIAN_POINT('Origin',(-223.073596686219,-1.23877979419746,9.08535533905933));
#6475=CARTESIAN_POINT('Origin',(53.9965039007228,-1.23877979419627,9.08535533905933));
#6476=CARTESIAN_POINT('',(220.238564252888,-0.496317673950394,9.82781745930521));
#6477=CARTESIAN_POINT('Origin',(220.238564252888,-1.23877979419627,9.08535533905933));
#6478=CARTESIAN_POINT('',(53.9965039007228,-0.496317673950397,9.82781745930521));
#6479=CARTESIAN_POINT('Origin',(220.238564252888,30.3647133564755,9.08535533905933));
#6480=CARTESIAN_POINT('Origin',(231.100901819305,60.0428265363554,9.08535533905933));
#6481=CARTESIAN_POINT('Origin',(220.238564252888,30.3647133564755,9.8278174593052));
#6482=CARTESIAN_POINT('Origin',(0.105839591603256,144.588172356853,9.08535533905933));
#6483=CARTESIAN_POINT('Origin',(220.238564252888,30.3647133564755,8.56035533905933));
#6484=CARTESIAN_POINT('',(220.238564252888,2.34614444629549,6.98535533905933));
#6485=CARTESIAN_POINT('Origin',(35.8574837833344,163.916020057961,0.685355339059327));
#6486=CARTESIAN_POINT('',(37.5124583792847,159.394293213429,-0.364644660940673));
#6487=CARTESIAN_POINT('Origin',(37.5124583792847,159.394293213429,0.685355339059327));
#6488=CARTESIAN_POINT('',(40.6725595428426,163.916020057961,-0.364644660940673));
#6489=CARTESIAN_POINT('Origin',(35.8574837833344,163.916020057961,-0.364644660940673));
#6490=CARTESIAN_POINT('Origin',(40.6725595428426,163.916020057961,0.685355339059327));
#6491=CARTESIAN_POINT('Origin',(40.6725595428427,144.605374280166,0.685355339059327));
#6492=CARTESIAN_POINT('',(40.6725595428427,242.729514644633,-0.364644660940673));
#6493=CARTESIAN_POINT('Origin',(40.6725595428427,242.729514644633,0.685355339059327));
#6494=CARTESIAN_POINT('',(40.6725595428427,144.605374280166,-0.364644660940673));
#6495=CARTESIAN_POINT('Origin',(-1.41751621666558,242.729514644633,0.685355339059327));
#6496=CARTESIAN_POINT('',(-43.5075919761738,242.729514644633,-0.364644660940673));
#6497=CARTESIAN_POINT('',(-44.2500540964197,242.729514644633,-0.0571067811865507));
#6498=CARTESIAN_POINT('Origin',(-43.5075919761738,242.729514644633,0.685355339059327));
#6499=CARTESIAN_POINT('Origin',(-1.41751621666557,242.729514644633,-0.0571067811865495));
#6500=CARTESIAN_POINT('Origin',(-1.41751621666558,242.729514644633,-0.364644660940673));
#6501=CARTESIAN_POINT('Origin',(-41.8425162166656,242.729514644633,0.685355339059327));
#6502=CARTESIAN_POINT('',(-40.1774404571573,242.729514644633,-0.364644660940673));
#6503=CARTESIAN_POINT('',(-39.4349783369115,242.729514644633,-0.0571067811865647));
#6504=CARTESIAN_POINT('Origin',(-40.1774404571573,242.729514644633,0.685355339059327));
#6505=CARTESIAN_POINT('Origin',(-41.8425162166656,242.729514644633,-0.05710678118655));
#6506=CARTESIAN_POINT('Origin',(-41.8425162166656,242.729514644633,-0.364644660940673));
#6507=CARTESIAN_POINT('Origin',(-1.41751621666558,242.729514644633,0.685355339059327));
#6508=CARTESIAN_POINT('',(37.3424080238262,242.729514644633,-0.364644660940673));
#6509=CARTESIAN_POINT('',(36.5999459035803,242.729514644633,-0.057106781186546));
#6510=CARTESIAN_POINT('Origin',(37.3424080238262,242.729514644633,0.685355339059327));
#6511=CARTESIAN_POINT('Origin',(-1.41751621666557,242.729514644633,-0.0571067811865495));
#6512=CARTESIAN_POINT('Origin',(-1.41751621666558,242.729514644633,-0.364644660940673));
#6513=CARTESIAN_POINT('Origin',(37.3424080238262,165.776375820256,0.685355339059328));
#6514=CARTESIAN_POINT('',(37.3424080238262,171.254159525072,-0.364644660940673));
#6515=CARTESIAN_POINT('',(36.5999459035803,171.254159525072,-0.0571067811865432));
#6516=CARTESIAN_POINT('Origin',(37.3424080238262,171.254159525072,0.685355339059328));
#6517=CARTESIAN_POINT('',(36.5999459035803,165.776375820256,-0.0571067811865415));
#6518=CARTESIAN_POINT('',(37.3424080238262,165.776375820256,-0.364644660940673));
#6519=CARTESIAN_POINT('Origin',(25.3574837833344,171.254159525072,0.685355339059327));
#6520=CARTESIAN_POINT('',(29.476784526056,159.999392959686,-0.364644660940673));
#6521=CARTESIAN_POINT('',(29.2215951980301,160.69662205178,-0.0571067811865406));
#6522=CARTESIAN_POINT('Origin',(29.476784526056,159.999392959686,0.685355339059327));
#6523=CARTESIAN_POINT('Origin',(25.3574837833344,171.254159525072,-0.0571067811865533));
#6524=CARTESIAN_POINT('Origin',(25.3574837833344,171.254159525072,-0.364644660940673));
#6525=CARTESIAN_POINT('Origin',(5.6105125568344,151.264218287013,0.685355339059327));
#6526=CARTESIAN_POINT('',(-235.080530192535,63.1700951967001,-0.364644660940673));
#6527=CARTESIAN_POINT('',(-235.335719520561,63.8673242887938,-0.0571067811865371));
#6528=CARTESIAN_POINT('Origin',(-235.080530192535,63.1700951967001,0.685355339059327));
#6529=CARTESIAN_POINT('',(5.35532322880858,151.961447379107,-0.0571067811865431));
#6530=CARTESIAN_POINT('',(5.6105125568344,151.264218287013,-0.364644660940673));
#6531=CARTESIAN_POINT('Origin',(-223.073596686219,30.3647133564755,0.685355339059327));
#6532=CARTESIAN_POINT('',(-223.073596686219,-4.56893131321258,-0.364644660940673));
#6533=CARTESIAN_POINT('Origin',(-223.073596686219,-4.56893131321258,0.685355339059327));
#6534=CARTESIAN_POINT('Origin',(-223.073596686219,30.3647133564755,-0.0571067811865466));
#6535=CARTESIAN_POINT('Origin',(-223.073596686219,30.3647133564755,-0.364644660940673));
#6536=CARTESIAN_POINT('Origin',(-56.831536334054,-4.56893131321258,0.685355339059338));
#6537=CARTESIAN_POINT('',(220.238564252888,-4.56893131321258,-0.364644660940673));
#6538=CARTESIAN_POINT('Origin',(220.238564252888,-4.56893131321258,0.685355339059338));
#6539=CARTESIAN_POINT('',(-56.831536334054,-4.56893131321258,-0.364644660940673));
#6540=CARTESIAN_POINT('Origin',(220.238564252888,30.3647133564755,0.685355339059327));
#6541=CARTESIAN_POINT('',(232.245497759204,63.1700951967001,-0.364644660940673));
#6542=CARTESIAN_POINT('Origin',(232.245497759204,63.1700951967001,0.685355339059327));
#6543=CARTESIAN_POINT('Origin',(220.238564252888,30.3647133564755,-0.364644660940673));
#6544=CARTESIAN_POINT('Origin',(59.0719992721481,126.552460063449,0.685355339059327));
#6545=CARTESIAN_POINT('',(34.1772573702838,135.664059865225,-0.364644660940673));
#6546=CARTESIAN_POINT('Origin',(34.1772573702838,135.664059865225,0.685355339059327));
#6547=CARTESIAN_POINT('',(59.0719992721481,126.552460063449,-0.364644660940673));
#6548=CARTESIAN_POINT('Origin',(38.2965581130053,146.918826430611,0.685355339059327));
#6549=CARTESIAN_POINT('',(34.1772573702838,158.173592995998,-0.364644660940673));
#6550=CARTESIAN_POINT('Origin',(34.1772573702838,158.173592995998,0.685355339059327));
#6551=CARTESIAN_POINT('Origin',(38.2965581130053,146.918826430611,-0.364644660940673));
#6552=CARTESIAN_POINT('Origin',(0.877788968303155,145.985821341775,0.685355339059327));
#6553=CARTESIAN_POINT('',(0.877788968303155,145.985821341775,-0.364644660940673));
#6554=CARTESIAN_POINT('Origin',(-223.073596686219,30.3647133564755,1.21035533905933));
#6555=CARTESIAN_POINT('',(-235.23001663992,63.5785225427675,-0.364644660940673));
#6556=CARTESIAN_POINT('Origin',(-1.41751621666558,140.125329545464,-0.364644660940673));
#6557=CARTESIAN_POINT('',(-1.41751621666559,145.14572818673,-0.364644660940673));
#6558=CARTESIAN_POINT('',(231.100901819305,60.0428265363553,-0.364644660940673));
#6559=CARTESIAN_POINT('',(0.10583959160325,144.588172356853,-0.364644660940673));
#6560=CARTESIAN_POINT('',(-233.935942647994,60.0428234636124,-0.364644660940673));
#6561=CARTESIAN_POINT('',(-60.7624376263395,123.425190722057,-0.364644660940673));
#6562=CARTESIAN_POINT('',(-223.073596686219,-1.23877979419625,-0.364644660940673));
#6563=CARTESIAN_POINT('Origin',(-223.073596686219,30.3647133564755,-0.364644660940673));
#6564=CARTESIAN_POINT('',(220.238564252888,-1.23877979419627,-0.364644660940673));
#6565=CARTESIAN_POINT('',(53.9965039007228,-1.23877979419625,-0.364644660940673));
#6566=CARTESIAN_POINT('Origin',(220.238564252888,30.3647133564755,-0.364644660940673));
#6567=CARTESIAN_POINT('Origin',(0.10583959160325,144.588172356853,0.685355339059327));
#6568=CARTESIAN_POINT('Origin',(231.100901819305,60.0428265363553,0.685355339059327));
#6569=CARTESIAN_POINT('Origin',(-1.4175162166656,145.14572818673,0.685355339059327));
#6570=CARTESIAN_POINT('Origin',(220.238564252888,30.3647133564755,0.685355339059327));
#6571=CARTESIAN_POINT('Origin',(220.238564252888,-1.23877979419627,0.685355339059327));
#6572=CARTESIAN_POINT('Origin',(53.9965039007228,-1.23877979419625,0.685355339059328));
#6573=CARTESIAN_POINT('',(-223.073596686219,-0.496317673950383,-0.0571067811865412));
#6574=CARTESIAN_POINT('Origin',(-223.073596686219,-1.23877979419625,0.685355339059328));
#6575=CARTESIAN_POINT('',(53.9965039007228,-0.496317673950377,-0.0571067811865413));
#6576=CARTESIAN_POINT('Origin',(-223.073596686219,30.3647133564755,0.685355339059327));
#6577=CARTESIAN_POINT('Origin',(-233.935942647994,60.0428234636124,0.685355339059327));
#6578=CARTESIAN_POINT('Origin',(-223.073596686219,30.3647133564755,-0.0571067811865374));
#6579=CARTESIAN_POINT('Origin',(-60.7624376263395,123.425190722057,0.685355339059327));
#6580=CARTESIAN_POINT('Origin',(-223.073596686219,30.3647133564755,1.21035533905933));
#6581=CARTESIAN_POINT('',(-223.073596686219,-0.803855553704514,-0.364644660940673));
#6582=CARTESIAN_POINT('Origin',(-1.41751621666558,242.729514644633,1.21035533905933));
#6583=CARTESIAN_POINT('',(-43.9425162166656,242.729514644633,-0.364644660940673));
#6584=CARTESIAN_POINT('Origin',(-41.8425162166656,242.729514644633,1.21035533905933));
#6585=CARTESIAN_POINT('',(-39.7425162166656,242.729514644633,-0.364644660940673));
#6586=CARTESIAN_POINT('Origin',(-1.41751621666558,242.729514644633,1.21035533905933));
#6587=CARTESIAN_POINT('',(36.9074837833344,242.729514644633,-0.364644660940673));
#6588=CARTESIAN_POINT('Origin',(35.3324837833344,191.427422095048,1.21035533905933));
#6589=CARTESIAN_POINT('',(36.9074837833344,171.254159525072,-0.364644660940673));
#6590=CARTESIAN_POINT('Origin',(25.3574837833344,171.254159525072,1.21035533905933));
#6591=CARTESIAN_POINT('',(29.3272980786713,160.407820305753,-0.364644660940673));
#6592=CARTESIAN_POINT('Origin',(14.7127325630778,156.735995158241,1.21035533905933));
#6593=CARTESIAN_POINT('Origin',(220.238564252888,30.3647133564755,-0.364644660940673));
#6594=CARTESIAN_POINT('',(233.477660832589,66.5366150571272,-0.364644660940673));
#6595=CARTESIAN_POINT('Origin',(233.477660832589,66.5366150571272,-0.364644660940673));
#6596=CARTESIAN_POINT('',(35.4094204436694,139.030579725652,-0.364644660940673));
#6597=CARTESIAN_POINT('Origin',(109.410524018111,0.77114444629549,1.21035533905933));
#6598=CARTESIAN_POINT('Origin',(109.410524018111,0.771144446295485,8.56035533905933));
#6599=CARTESIAN_POINT('Origin',(-41.8425162166656,242.729514644633,8.56035533905933));
#6600=CARTESIAN_POINT('',(-36.5925162166656,242.729514644633,6.98535533905933));
#6601=CARTESIAN_POINT('Origin',(-1.41751621666558,242.729514644633,8.56035533905933));
#6602=CARTESIAN_POINT('',(33.7574837833344,242.729514644633,6.98535533905933));
#6603=CARTESIAN_POINT('Origin',(35.3324837833344,191.427422095048,8.56035533905933));
#6604=CARTESIAN_POINT('',(33.7574837833344,171.254159525072,6.98535533905933));
#6605=CARTESIAN_POINT('Origin',(25.3574837833344,171.254159525072,8.56035533905933));
#6606=CARTESIAN_POINT('Origin',(38.2965581130053,146.918826430611,-0.364644660940673));
#6607=CARTESIAN_POINT('',(0.,0.,0.));
#6608=CARTESIAN_POINT('Origin',(625.700444574212,143.704838386168,1.5));
#6609=CARTESIAN_POINT('',(625.,143.961204596699,0.));
#6610=CARTESIAN_POINT('',(845.788184071986,63.1516271302976,0.));
#6611=CARTESIAN_POINT('',(625.700444574212,143.704838386168,0.));
#6612=CARTESIAN_POINT('',(845.272623773891,61.7430116472691,1.5));
#6613=CARTESIAN_POINT('Origin',(845.788184071986,63.1516271302976,1.5));
#6614=CARTESIAN_POINT('',(625.,142.363891471074,1.5));
#6615=CARTESIAN_POINT('',(625.184884276116,142.296222903139,1.5));
#6616=CARTESIAN_POINT('Origin',(625.,143.961204596699,1.5));
#6617=CARTESIAN_POINT('Origin',(836.101029018623,36.6843513430284,1.5));
#6618=CARTESIAN_POINT('',(836.101029018623,8.49999999999983,0.));
#6619=CARTESIAN_POINT('',(836.101029018623,9.99999999999983,1.5));
#6620=CARTESIAN_POINT('Origin',(836.101029018623,8.49999999999983,1.5));
#6621=CARTESIAN_POINT('Origin',(836.101029018623,36.6843513430284,1.5));
#6622=CARTESIAN_POINT('Origin',(836.101029018623,36.6843513430284,0.));
#6623=CARTESIAN_POINT('Origin',(730.550514509311,8.49999999999984,1.5));
#6624=CARTESIAN_POINT('',(413.898970981377,8.49999999999983,0.));
#6625=CARTESIAN_POINT('',(413.898970981377,9.99999999999982,1.5));
#6626=CARTESIAN_POINT('Origin',(413.898970981377,8.49999999999983,1.5));
#6627=CARTESIAN_POINT('',(730.550514509311,9.99999999999983,1.5));
#6628=CARTESIAN_POINT('',(730.550514509311,8.49999999999984,0.));
#6629=CARTESIAN_POINT('Origin',(413.898970981377,36.6843513430284,1.5));
#6630=CARTESIAN_POINT('',(404.211808440939,63.1516243899908,0.));
#6631=CARTESIAN_POINT('',(404.727369137504,61.7430090528043,1.5));
#6632=CARTESIAN_POINT('Origin',(404.211808440939,63.1516243899908,1.5));
#6633=CARTESIAN_POINT('Origin',(413.898970981377,36.6843513430284,1.5));
#6634=CARTESIAN_POINT('Origin',(413.898970981377,36.6843513430284,0.));
#6635=CARTESIAN_POINT('Origin',(514.16323999454,103.394397177033,1.5));
#6636=CARTESIAN_POINT('',(514.678800292636,101.985781694004,1.5));
#6637=CARTESIAN_POINT('',(514.16323999454,103.394397177033,0.));
#6638=CARTESIAN_POINT('Origin',(413.898970981377,36.6843513430284,0.));
#6639=CARTESIAN_POINT('',(404.727369137504,61.7430090528043,10.5));
#6640=CARTESIAN_POINT('',(404.727369137504,61.7430090528043,0.));
#6641=CARTESIAN_POINT('',(413.898970981377,9.99999999999982,10.5));
#6642=CARTESIAN_POINT('Origin',(413.898970981377,36.6843513430284,10.5));
#6643=CARTESIAN_POINT('',(413.898970981377,9.99999999999982,0.));
#6644=CARTESIAN_POINT('Origin',(404.727369137504,61.7430090528043,0.));
#6645=CARTESIAN_POINT('',(625.,142.363891471074,10.5));
#6646=CARTESIAN_POINT('',(625.,142.363891471074,0.));
#6647=CARTESIAN_POINT('',(514.678800292636,101.985781694004,10.5));
#6648=CARTESIAN_POINT('Origin',(625.,142.363891471074,0.));
#6649=CARTESIAN_POINT('',(845.272623773891,61.7430116472691,10.5));
#6650=CARTESIAN_POINT('',(845.272623773891,61.7430116472691,0.));
#6651=CARTESIAN_POINT('',(625.184884276116,142.296222903139,10.5));
#6652=CARTESIAN_POINT('Origin',(625.,141.218271523018,0.));
#6653=CARTESIAN_POINT('',(413.898970981378,6.99999999999874,0.));
#6654=CARTESIAN_POINT('',(403.696248541313,64.5602400188612,0.));
#6655=CARTESIAN_POINT('Origin',(413.898970981377,36.6843513430284,0.));
#6656=CARTESIAN_POINT('',(625.,145.558517722325,0.));
#6657=CARTESIAN_POINT('',(513.647679696444,104.803012660061,0.));
#6658=CARTESIAN_POINT('',(846.303744370082,64.560242613326,0.));
#6659=CARTESIAN_POINT('',(625.700444574212,145.302151511793,0.));
#6660=CARTESIAN_POINT('',(836.101029018623,6.99999999999982,0.));
#6661=CARTESIAN_POINT('Origin',(836.101029018623,36.6843513430284,0.));
#6662=CARTESIAN_POINT('',(730.550514509311,6.99999999999955,0.));
#6663=CARTESIAN_POINT('Origin',(644.033995127692,154.122368075616,9.5));
#6664=CARTESIAN_POINT('',(665.5,161.979033009539,8.));
#6665=CARTESIAN_POINT('',(665.5,160.381719883914,9.5));
#6666=CARTESIAN_POINT('Origin',(665.5,161.979033009539,9.5));
#6667=CARTESIAN_POINT('',(646.980721033028,155.200884465976,8.));
#6668=CARTESIAN_POINT('',(644.033995127692,154.122368075616,8.));
#6669=CARTESIAN_POINT('',(647.496281331124,153.792268982948,9.5));
#6670=CARTESIAN_POINT('Origin',(646.980721033028,155.200884465976,9.5));
#6671=CARTESIAN_POINT('',(644.549555425788,152.713752592588,9.5));
#6672=CARTESIAN_POINT('Origin',(649.730375956205,147.688268556491,9.5));
#6673=CARTESIAN_POINT('',(646.980721033028,140.175652647006,8.));
#6674=CARTESIAN_POINT('',(647.496281331124,141.584268130035,9.5));
#6675=CARTESIAN_POINT('Origin',(646.980721033028,140.175652647006,9.5));
#6676=CARTESIAN_POINT('Origin',(649.730375956205,147.688268556491,9.5));
#6677=CARTESIAN_POINT('Origin',(649.730375956205,147.688268556491,8.));
#6678=CARTESIAN_POINT('Origin',(628.781754001758,146.836565423219,9.5));
#6679=CARTESIAN_POINT('',(847.163011533575,66.9079350850399,8.));
#6680=CARTESIAN_POINT('',(847.67857183167,68.3165505680684,9.5));
#6681=CARTESIAN_POINT('Origin',(847.163011533575,66.9079350850399,9.5));
#6682=CARTESIAN_POINT('',(629.297314299854,148.245180906247,9.5));
#6683=CARTESIAN_POINT('',(628.781754001758,146.836565423219,8.));
#6684=CARTESIAN_POINT('Origin',(836.101029018623,36.6843513430284,9.5));
#6685=CARTESIAN_POINT('',(836.101029018623,4.5,8.));
#6686=CARTESIAN_POINT('',(836.101029018623,3.,9.5));
#6687=CARTESIAN_POINT('Origin',(836.101029018623,4.5,9.5));
#6688=CARTESIAN_POINT('Origin',(836.101029018623,36.6843513430284,9.5));
#6689=CARTESIAN_POINT('Origin',(836.101029018623,36.6843513430284,8.));
#6690=CARTESIAN_POINT('Origin',(730.550514509311,4.49999999999999,9.5));
#6691=CARTESIAN_POINT('',(413.898970981377,4.49999999999998,8.));
#6692=CARTESIAN_POINT('',(413.898970981377,2.99999999999999,9.5));
#6693=CARTESIAN_POINT('Origin',(413.898970981377,4.49999999999998,9.5));
#6694=CARTESIAN_POINT('',(730.550514509311,3.,9.5));
#6695=CARTESIAN_POINT('',(730.550514509311,4.49999999999999,8.));
#6696=CARTESIAN_POINT('Origin',(413.898970981377,36.6843513430284,9.5));
#6697=CARTESIAN_POINT('',(402.836988466425,66.9079350850399,8.));
#6698=CARTESIAN_POINT('',(402.321428168329,68.3165505680684,9.5));
#6699=CARTESIAN_POINT('Origin',(402.836988466425,66.9079350850399,9.5));
#6700=CARTESIAN_POINT('Origin',(413.898970981377,36.6843513430284,9.5));
#6701=CARTESIAN_POINT('Origin',(413.898970981377,36.6843513430284,8.));
#6702=CARTESIAN_POINT('Origin',(512.788416077254,107.150706429008,9.5));
#6703=CARTESIAN_POINT('',(661.5,161.579888460046,8.));
#6704=CARTESIAN_POINT('',(661.5,163.177201585671,9.5));
#6705=CARTESIAN_POINT('Origin',(661.5,161.579888460046,9.5));
#6706=CARTESIAN_POINT('',(512.272855779158,108.559321912036,9.5));
#6707=CARTESIAN_POINT('',(512.788416077254,107.150706429008,8.));
#6708=CARTESIAN_POINT('Origin',(625.,141.218271523018,8.));
#6709=CARTESIAN_POINT('',(661.5,238.936543046035,8.));
#6710=CARTESIAN_POINT('',(661.5,238.936543046035,8.));
#6711=CARTESIAN_POINT('',(665.5,238.936543046035,8.));
#6712=CARTESIAN_POINT('',(665.5,160.381719883914,8.));
#6713=CARTESIAN_POINT('',(584.5,238.936543046035,8.));
#6714=CARTESIAN_POINT('Origin',(625.,238.936543046035,8.));
#6715=CARTESIAN_POINT('',(588.5,238.936543046035,8.));
#6716=CARTESIAN_POINT('Origin',(586.5,238.936543046035,8.));
#6717=CARTESIAN_POINT('Origin',(625.,238.936543046035,8.));
#6718=CARTESIAN_POINT('',(625.,147.15583084795,8.));
#6719=CARTESIAN_POINT('',(403.180688243217,65.9688555018897,8.));
#6720=CARTESIAN_POINT('',(623.783995127692,146.710766994821,8.));
#6721=CARTESIAN_POINT('',(846.819304668178,65.9688580963544,8.));
#6722=CARTESIAN_POINT('',(736.867877057349,106.211629440322,8.));
#6723=CARTESIAN_POINT('',(836.101029018623,5.49999999999982,8.));
#6724=CARTESIAN_POINT('Origin',(836.101029018623,36.6843513430284,8.));
#6725=CARTESIAN_POINT('',(413.898970981378,5.49999999999883,8.));
#6726=CARTESIAN_POINT('',(519.449485490689,5.49999999999901,8.));
#6727=CARTESIAN_POINT('Origin',(413.898970981377,36.6843513430284,8.));
#6728=CARTESIAN_POINT('Origin',(665.5,238.936543046035,12.));
#6729=CARTESIAN_POINT('',(665.5,160.381719883914,10.5));
#6730=CARTESIAN_POINT('',(665.5,160.381719883914,12.));
#6731=CARTESIAN_POINT('',(665.500000000584,159.47177169685,11.8540105183191));
#6732=CARTESIAN_POINT('Origin',(665.5,158.784406758289,10.5));
#6733=CARTESIAN_POINT('',(665.5,160.381719883914,11.9893989540991));
#6734=CARTESIAN_POINT('Ctrl Pts',(665.5,159.471771696091,11.8540105212781));
#6735=CARTESIAN_POINT('Ctrl Pts',(665.5,159.756388642979,11.9270455716326));
#6736=CARTESIAN_POINT('Ctrl Pts',(665.5,160.076221337013,11.9715682762713));
#6737=CARTESIAN_POINT('Ctrl Pts',(665.5,160.381719883914,11.9893989540991));
#6738=CARTESIAN_POINT('',(665.5,160.754616579954,12.));
#6739=CARTESIAN_POINT('Ctrl Pts',(665.5,160.754616579954,12.));
#6740=CARTESIAN_POINT('Ctrl Pts',(665.5,160.635292624747,12.));
#6741=CARTESIAN_POINT('Ctrl Pts',(665.5,160.509765692829,11.9968724546742));
#6742=CARTESIAN_POINT('Ctrl Pts',(665.5,160.381719883914,11.9893989540991));
#6743=CARTESIAN_POINT('',(665.5,238.936543046035,12.));
#6744=CARTESIAN_POINT('',(665.5,190.077407284526,12.));
#6745=CARTESIAN_POINT('',(665.5,238.936543046035,12.));
#6746=CARTESIAN_POINT('Origin',(665.5,160.381719883914,12.));
#6747=CARTESIAN_POINT('',(647.496281331124,153.792268982948,10.5));
#6748=CARTESIAN_POINT('',(647.496281331124,153.792268982948,12.));
#6749=CARTESIAN_POINT('',(644.549555425788,152.713752592588,10.5));
#6750=CARTESIAN_POINT('Origin',(623.783995127692,146.710766994821,9.5));
#6751=CARTESIAN_POINT('',(403.696248541313,64.5602400188612,9.5));
#6752=CARTESIAN_POINT('Origin',(403.180688243217,65.9688555018897,9.5));
#6753=CARTESIAN_POINT('',(625.,145.558517722325,9.5));
#6754=CARTESIAN_POINT('',(624.299555425788,145.302151511793,9.5));
#6755=CARTESIAN_POINT('Origin',(625.,147.15583084795,9.5));
#6756=CARTESIAN_POINT('Origin',(413.898970981377,36.6843513430284,9.5));
#6757=CARTESIAN_POINT('',(413.898970981378,6.99999999999874,9.5));
#6758=CARTESIAN_POINT('Origin',(413.898970981378,5.49999999999883,9.5));
#6759=CARTESIAN_POINT('Origin',(413.898970981377,36.6843513430284,9.5));
#6760=CARTESIAN_POINT('Origin',(519.449485490689,5.49999999999901,9.5));
#6761=CARTESIAN_POINT('',(836.101029018623,6.99999999999982,9.5));
#6762=CARTESIAN_POINT('Origin',(836.101029018623,5.49999999999982,9.5));
#6763=CARTESIAN_POINT('',(519.449485490689,6.99999999999901,9.5));
#6764=CARTESIAN_POINT('Origin',(836.101029018623,36.6843513430284,9.5));
#6765=CARTESIAN_POINT('',(846.303744370082,64.560242613326,9.5));
#6766=CARTESIAN_POINT('Origin',(846.819304668178,65.9688580963544,9.5));
#6767=CARTESIAN_POINT('Origin',(836.101029018623,36.6843513430284,9.5));
#6768=CARTESIAN_POINT('Origin',(736.867877057349,106.211629440322,9.5));
#6769=CARTESIAN_POINT('',(736.352316759253,104.803013957294,9.5));
#6770=CARTESIAN_POINT('Origin',(836.101029018623,36.6843513430284,12.));
#6771=CARTESIAN_POINT('',(846.303744370082,64.560242613326,10.5));
#6772=CARTESIAN_POINT('',(846.303744370082,64.560242613326,12.));
#6773=CARTESIAN_POINT('',(836.101029018623,6.99999999999982,10.5));
#6774=CARTESIAN_POINT('Origin',(836.101029018623,36.6843513430284,10.5));
#6775=CARTESIAN_POINT('',(836.101029018623,6.99999999999982,12.));
#6776=CARTESIAN_POINT('Origin',(846.303744370082,64.560242613326,12.));
#6777=CARTESIAN_POINT('',(625.,145.558517722325,10.5));
#6778=CARTESIAN_POINT('',(625.,145.558517722325,12.));
#6779=CARTESIAN_POINT('',(736.352316759253,104.803013957294,10.5));
#6780=CARTESIAN_POINT('Origin',(625.,145.558517722325,12.));
#6781=CARTESIAN_POINT('',(403.696248541313,64.5602400188612,10.5));
#6782=CARTESIAN_POINT('',(403.696248541313,64.5602400188612,12.));
#6783=CARTESIAN_POINT('',(624.299555425788,145.302151511793,10.5));
#6784=CARTESIAN_POINT('Origin',(645.065115723884,151.305137109559,10.5));
#6785=CARTESIAN_POINT('',(663.6517146204,158.107925083373,12.));
#6786=CARTESIAN_POINT('Ctrl Pts',(663.651714620401,158.107925083373,12.));
#6787=CARTESIAN_POINT('Ctrl Pts',(663.655175055134,158.110261044985,12.));
#6788=CARTESIAN_POINT('Ctrl Pts',(663.65863494534,158.112597816733,11.9999989914374));
#6789=CARTESIAN_POINT('Ctrl Pts',(664.392380701542,158.608411373797,11.99956993521));
#6790=CARTESIAN_POINT('Ctrl Pts',(664.998050813647,159.068651190212,11.952233573044));
#6791=CARTESIAN_POINT('Ctrl Pts',(665.500000005554,159.471771690488,11.8540105176088));
#6792=CARTESIAN_POINT('',(648.01184162922,152.383653499919,12.));
#6793=CARTESIAN_POINT('Origin',(648.01184162922,152.383653499919,10.5));
#6794=CARTESIAN_POINT('',(645.065115723884,151.305137109559,12.));
#6795=CARTESIAN_POINT('Origin',(649.730375956205,147.688268556491,10.5));
#6796=CARTESIAN_POINT('',(647.496281331124,141.584268130035,10.5));
#6797=CARTESIAN_POINT('',(648.01184162922,142.992883613063,12.));
#6798=CARTESIAN_POINT('Origin',(648.01184162922,142.992883613063,10.5));
#6799=CARTESIAN_POINT('Origin',(649.730375956205,147.688268556491,12.));
#6800=CARTESIAN_POINT('Origin',(649.730375956205,147.688268556491,10.5));
#6801=CARTESIAN_POINT('Origin',(630.818911989695,147.688268556491,12.));
#6802=CARTESIAN_POINT('',(847.67857183167,68.3165505680684,10.5));
#6803=CARTESIAN_POINT('',(847.67857183167,68.3165505680684,12.));
#6804=CARTESIAN_POINT('',(629.297314299854,148.245180906247,10.5));
#6805=CARTESIAN_POINT('',(647.496281331124,141.584268130035,12.));
#6806=CARTESIAN_POINT('Origin',(649.730375956205,147.688268556491,12.));
#6807=CARTESIAN_POINT('Origin',(654.,166.816794406445,10.5));
#6808=CARTESIAN_POINT('',(662.370215318472,156.869960964469,12.));
#6809=CARTESIAN_POINT('Origin',(654.,166.816794406445,12.));
#6810=CARTESIAN_POINT('',(663.336009393681,155.722249413472,10.5));
#6811=CARTESIAN_POINT('Origin',(662.370215318472,156.869960964469,10.5));
#6812=CARTESIAN_POINT('',(668.5,166.816794406445,10.5));
#6813=CARTESIAN_POINT('Origin',(654.,166.816794406445,10.5));
#6814=CARTESIAN_POINT('',(667.,166.816794406445,12.));
#6815=CARTESIAN_POINT('Origin',(667.,166.816794406445,10.5));
#6816=CARTESIAN_POINT('Origin',(654.,166.816794406445,12.));
#6817=CARTESIAN_POINT('Origin',(625.,141.218271523018,12.));
#6818=CARTESIAN_POINT('',(665.972085535374,136.419344692264,12.));
#6819=CARTESIAN_POINT('',(629.81287459795,149.653796389276,12.));
#6820=CARTESIAN_POINT('Origin',(670.096567920139,147.688268556491,12.));
#6821=CARTESIAN_POINT('Origin',(413.898970981378,6.99999999999874,12.));
#6822=CARTESIAN_POINT('',(413.898970981378,6.99999999999874,10.5));
#6823=CARTESIAN_POINT('',(519.449485490689,6.99999999999901,10.5));
#6824=CARTESIAN_POINT('',(413.898970981378,6.99999999999874,12.));
#6825=CARTESIAN_POINT('Origin',(413.898970981377,36.6843513430284,12.));
#6826=CARTESIAN_POINT('Origin',(413.898970981377,36.6843513430284,10.5));
#6827=CARTESIAN_POINT('Origin',(625.700444574212,143.704838386168,10.5));
#6828=CARTESIAN_POINT('Origin',(845.788184071986,63.1516271302975,10.5));
#6829=CARTESIAN_POINT('',(625.,143.961204596699,12.));
#6830=CARTESIAN_POINT('Origin',(625.,143.9612045967,10.5));
#6831=CARTESIAN_POINT('Origin',(625.,143.961204596699,10.5));
#6832=CARTESIAN_POINT('Origin',(836.101029018623,36.6843513430284,10.5));
#6833=CARTESIAN_POINT('',(836.101029018623,9.99999999999983,10.5));
#6834=CARTESIAN_POINT('Origin',(836.101029018623,8.49999999999981,10.5));
#6835=CARTESIAN_POINT('Origin',(836.101029018623,36.6843513430284,10.5));
#6836=CARTESIAN_POINT('Origin',(730.550514509311,8.49999999999983,10.5));
#6837=CARTESIAN_POINT('Origin',(413.898970981378,8.49999999999883,10.5));
#6838=CARTESIAN_POINT('',(730.550514509311,9.99999999999983,10.5));
#6839=CARTESIAN_POINT('Origin',(413.898970981377,36.6843513430284,10.5));
#6840=CARTESIAN_POINT('',(404.211808440939,63.1516243899908,12.));
#6841=CARTESIAN_POINT('Origin',(404.211808440939,63.1516243899908,10.5));
#6842=CARTESIAN_POINT('Origin',(404.211808839409,63.1516245358328,10.5));
#6843=CARTESIAN_POINT('Origin',(514.16323999454,103.394397177033,10.5));
#6844=CARTESIAN_POINT('Origin',(836.101029018623,9.99999999999983,0.));
#6845=CARTESIAN_POINT('',(836.101029018623,9.99999999999983,0.));
#6846=CARTESIAN_POINT('Origin',(836.101029018623,36.6843513430284,0.));
#6847=CARTESIAN_POINT('Origin',(738.242704518937,109.967937395064,10.5));
#6848=CARTESIAN_POINT('',(848.709692427862,71.1337815341253,10.5));
#6849=CARTESIAN_POINT('Origin',(848.194132129766,69.7251660510968,10.5));
#6850=CARTESIAN_POINT('',(666.487645833469,137.827960175292,10.5));
#6851=CARTESIAN_POINT('',(738.758264817033,111.376552878093,10.5));
#6852=CARTESIAN_POINT('Origin',(665.972085535374,136.419344692264,10.5));
#6853=CARTESIAN_POINT('Origin',(670.096567920139,147.688268556491,10.5));
#6854=CARTESIAN_POINT('Origin',(670.096567920139,147.688268556491,10.5));
#6855=CARTESIAN_POINT('Origin',(667.,149.751690065307,10.5));
#6856=CARTESIAN_POINT('',(668.5,238.936543046035,10.5));
#6857=CARTESIAN_POINT('',(667.,238.936543046035,12.));
#6858=CARTESIAN_POINT('Origin',(667.,238.936543046035,10.5));
#6859=CARTESIAN_POINT('',(667.,149.751690065307,12.));
#6860=CARTESIAN_POINT('',(668.5,149.751690065307,10.5));
#6861=CARTESIAN_POINT('Origin',(625.,238.936543046035,10.5));
#6862=CARTESIAN_POINT('',(581.5,238.936543046035,10.5));
#6863=CARTESIAN_POINT('',(583.,238.936543046035,12.));
#6864=CARTESIAN_POINT('Origin',(583.,238.936543046035,10.5));
#6865=CARTESIAN_POINT('Origin',(625.,238.936543046035,12.));
#6866=CARTESIAN_POINT('Origin',(625.,238.936543046035,10.5));
#6867=CARTESIAN_POINT('Origin',(586.5,238.936543046035,10.5));
#6868=CARTESIAN_POINT('',(591.5,238.936543046035,10.5));
#6869=CARTESIAN_POINT('',(590.,238.936543046035,12.));
#6870=CARTESIAN_POINT('Origin',(590.,238.936543046035,10.5));
#6871=CARTESIAN_POINT('Origin',(586.5,238.936543046035,12.));
#6872=CARTESIAN_POINT('Origin',(586.5,238.936543046035,10.5));
#6873=CARTESIAN_POINT('Origin',(625.,238.936543046035,10.5));
#6874=CARTESIAN_POINT('',(658.5,238.936543046035,10.5));
#6875=CARTESIAN_POINT('',(660.,238.936543046035,12.));
#6876=CARTESIAN_POINT('Origin',(660.,238.936543046035,10.5));
#6877=CARTESIAN_POINT('Origin',(625.,238.936543046035,12.));
#6878=CARTESIAN_POINT('Origin',(625.,238.936543046035,10.5));
#6879=CARTESIAN_POINT('Origin',(660.,190.077407284526,10.5));
#6880=CARTESIAN_POINT('',(658.5,175.407434030856,10.5));
#6881=CARTESIAN_POINT('',(660.,175.407434030856,12.));
#6882=CARTESIAN_POINT('Origin',(660.,175.407434030856,10.5));
#6883=CARTESIAN_POINT('',(660.,190.077407284526,12.));
#6884=CARTESIAN_POINT('',(658.5,190.077407284526,10.5));
#6885=CARTESIAN_POINT('Origin',(644.,175.407434030856,10.5));
#6886=CARTESIAN_POINT('',(648.983749548258,161.790817694915,10.5));
#6887=CARTESIAN_POINT('',(649.499309846354,160.382202211886,12.));
#6888=CARTESIAN_POINT('Origin',(649.499309846354,160.382202211886,10.5));
#6889=CARTESIAN_POINT('Origin',(644.,175.407434030856,12.));
#6890=CARTESIAN_POINT('Origin',(644.,175.407434030856,10.5));
#6891=CARTESIAN_POINT('Origin',(640.362141694994,157.037953058996,10.5));
#6892=CARTESIAN_POINT('',(402.321428168329,68.3165505680684,10.5));
#6893=CARTESIAN_POINT('',(401.290307572138,71.1337815341253,10.5));
#6894=CARTESIAN_POINT('Origin',(401.805867870234,69.7251660510968,10.5));
#6895=CARTESIAN_POINT('',(661.5,163.177201585671,10.5));
#6896=CARTESIAN_POINT('',(512.272855779158,108.559321912036,10.5));
#6897=CARTESIAN_POINT('',(661.5,164.774514711296,12.));
#6898=CARTESIAN_POINT('Origin',(661.5,164.774514711296,10.5));
#6899=CARTESIAN_POINT('',(511.757295481063,109.967937395064,12.));
#6900=CARTESIAN_POINT('',(639.846581396898,158.446568542024,10.5));
#6901=CARTESIAN_POINT('Origin',(413.898970981377,36.6843513430284,10.5));
#6902=CARTESIAN_POINT('',(413.898970981377,2.99999999999999,10.5));
#6903=CARTESIAN_POINT('',(413.898970981377,-3.88578058618805E-15,10.5));
#6904=CARTESIAN_POINT('Origin',(413.898970981377,1.49999999999999,10.5));
#6905=CARTESIAN_POINT('Origin',(413.898970981377,36.6843513430284,10.5));
#6906=CARTESIAN_POINT('Origin',(413.898970981377,36.6843513430284,10.5));
#6907=CARTESIAN_POINT('Origin',(519.449485490689,1.5,10.5));
#6908=CARTESIAN_POINT('',(836.101029018623,3.,10.5));
#6909=CARTESIAN_POINT('',(836.101029018623,0.,10.5));
#6910=CARTESIAN_POINT('Origin',(836.101029018623,1.5,10.5));
#6911=CARTESIAN_POINT('',(730.550514509311,3.,10.5));
#6912=CARTESIAN_POINT('',(519.449485490689,0.,10.5));
#6913=CARTESIAN_POINT('Origin',(836.101029018623,36.6843513430284,10.5));
#6914=CARTESIAN_POINT('Origin',(836.101029018623,36.6843513430284,10.5));
#6915=CARTESIAN_POINT('Origin',(836.101029018623,36.6843513430284,10.5));
#6916=CARTESIAN_POINT('Origin',(625.,238.936543046035,0.));
#6917=CARTESIAN_POINT('',(591.5,238.936543046035,1.5));
#6918=CARTESIAN_POINT('',(591.5,238.936543046035,0.));
#6919=CARTESIAN_POINT('',(658.5,238.936543046035,1.5));
#6920=CARTESIAN_POINT('Origin',(625.,238.936543046035,1.5));
#6921=CARTESIAN_POINT('',(658.5,238.936543046035,0.));
#6922=CARTESIAN_POINT('Origin',(586.5,238.936543046035,0.));
#6923=CARTESIAN_POINT('',(581.5,238.936543046035,1.5));
#6924=CARTESIAN_POINT('',(581.5,238.936543046035,0.));
#6925=CARTESIAN_POINT('Origin',(586.5,238.936543046035,1.5));
#6926=CARTESIAN_POINT('Origin',(625.,238.936543046035,0.));
#6927=CARTESIAN_POINT('',(668.5,238.936543046035,1.5));
#6928=CARTESIAN_POINT('',(668.5,238.936543046035,0.));
#6929=CARTESIAN_POINT('Origin',(625.,238.936543046035,1.5));
#6930=CARTESIAN_POINT('Origin',(668.5,158.285108607597,0.));
#6931=CARTESIAN_POINT('',(668.5,166.816794406445,1.5));
#6932=CARTESIAN_POINT('',(668.5,166.816794406445,0.));
#6933=CARTESIAN_POINT('',(668.5,149.751690065307,1.5));
#6934=CARTESIAN_POINT('Origin',(654.,166.816794406445,0.));
#6935=CARTESIAN_POINT('',(663.336009393681,155.722249413472,1.5));
#6936=CARTESIAN_POINT('',(663.336009393681,155.722249413472,0.));
#6937=CARTESIAN_POINT('Origin',(654.,166.816794406445,1.5));
#6938=CARTESIAN_POINT('Origin',(670.096567920139,147.688268556491,0.));
#6939=CARTESIAN_POINT('',(666.487645833469,137.827960175292,1.5));
#6940=CARTESIAN_POINT('',(666.487645833469,137.827960175292,0.));
#6941=CARTESIAN_POINT('Origin',(670.096567920139,147.688268556491,1.5));
#6942=CARTESIAN_POINT('Origin',(848.709692427862,71.1337815341253,0.));
#6943=CARTESIAN_POINT('',(848.709692427862,71.1337815341253,1.5));
#6944=CARTESIAN_POINT('',(848.709692427862,71.1337815341253,0.));
#6945=CARTESIAN_POINT('',(738.758264817033,111.376552878093,1.5));
#6946=CARTESIAN_POINT('Origin',(670.096567920139,147.688268556491,1.5));
#6947=CARTESIAN_POINT('',(662.370215318472,156.869960964469,0.));
#6948=CARTESIAN_POINT('Origin',(662.370215318472,156.869960964469,1.5));
#6949=CARTESIAN_POINT('',(665.972085535374,136.419344692264,0.));
#6950=CARTESIAN_POINT('Origin',(665.972085535374,136.419344692264,1.5));
#6951=CARTESIAN_POINT('Origin',(670.096567920139,147.688268556491,0.));
#6952=CARTESIAN_POINT('Origin',(654.,166.816794406445,1.5));
#6953=CARTESIAN_POINT('',(667.,166.816794406445,0.));
#6954=CARTESIAN_POINT('Origin',(667.,166.816794406445,1.5));
#6955=CARTESIAN_POINT('Origin',(654.,166.816794406445,0.));
#6956=CARTESIAN_POINT('Origin',(644.,175.407434030856,1.5));
#6957=CARTESIAN_POINT('',(649.499309846354,160.382202211886,0.));
#6958=CARTESIAN_POINT('',(648.983749548258,161.790817694915,1.5));
#6959=CARTESIAN_POINT('Origin',(649.499309846354,160.382202211886,1.5));
#6960=CARTESIAN_POINT('',(658.5,175.407434030856,1.5));
#6961=CARTESIAN_POINT('Origin',(644.,175.407434030856,1.5));
#6962=CARTESIAN_POINT('',(660.,175.407434030856,0.));
#6963=CARTESIAN_POINT('Origin',(660.,175.407434030856,1.5));
#6964=CARTESIAN_POINT('Origin',(644.,175.407434030856,0.));
#6965=CARTESIAN_POINT('Origin',(658.5,238.936543046035,0.));
#6966=CARTESIAN_POINT('',(658.5,190.077407284526,1.5));
#6967=CARTESIAN_POINT('',(658.5,175.407434030856,0.));
#6968=CARTESIAN_POINT('Origin',(644.,175.407434030856,0.));
#6969=CARTESIAN_POINT('',(648.983749548258,161.790817694915,0.));
#6970=CARTESIAN_POINT('Origin',(658.5,165.273812861988,0.));
#6971=CARTESIAN_POINT('',(401.290307572138,71.1337815341253,1.5));
#6972=CARTESIAN_POINT('',(639.846581396898,158.446568542024,1.5));
#6973=CARTESIAN_POINT('',(401.290307572138,71.1337815341253,0.));
#6974=CARTESIAN_POINT('Origin',(413.898970981377,36.6843513430284,0.));
#6975=CARTESIAN_POINT('',(413.898970981377,-3.88578058618805E-15,1.5));
#6976=CARTESIAN_POINT('Origin',(413.898970981377,36.6843513430284,1.5));
#6977=CARTESIAN_POINT('',(413.898970981377,-3.88578058618805E-15,0.));
#6978=CARTESIAN_POINT('Origin',(625.,141.218271523018,0.));
#6979=CARTESIAN_POINT('',(648.01184162922,142.992883613063,0.));
#6980=CARTESIAN_POINT('',(738.242704518937,109.967937395064,0.));
#6981=CARTESIAN_POINT('',(648.01184162922,152.383653499919,0.));
#6982=CARTESIAN_POINT('Origin',(649.730375956205,147.688268556491,0.));
#6983=CARTESIAN_POINT('',(656.499309846354,155.490109233812,0.));
#6984=CARTESIAN_POINT('',(627.724571718731,144.958411445848,0.));
#6985=CARTESIAN_POINT('',(667.,170.515341052782,0.));
#6986=CARTESIAN_POINT('Origin',(651.,170.515341052782,0.));
#6987=CARTESIAN_POINT('',(667.,149.751690065307,0.));
#6988=CARTESIAN_POINT('Origin',(625.,141.218271523018,0.));
#6989=CARTESIAN_POINT('',(660.,173.310822754539,0.));
#6990=CARTESIAN_POINT('',(660.,190.077407284526,0.));
#6991=CARTESIAN_POINT('',(651.468189250162,161.102821901625,0.));
#6992=CARTESIAN_POINT('Origin',(647.,173.310822754539,0.));
#6993=CARTESIAN_POINT('',(641.346581396898,157.398262903866,0.));
#6994=CARTESIAN_POINT('Origin',(660.,190.077407284526,1.5));
#6995=CARTESIAN_POINT('',(661.5,238.936543046035,1.5));
#6996=CARTESIAN_POINT('Origin',(660.,238.936543046035,1.5));
#6997=CARTESIAN_POINT('',(661.5,173.310822754539,1.5));
#6998=CARTESIAN_POINT('',(661.5,190.077407284526,1.5));
#6999=CARTESIAN_POINT('Origin',(660.,173.310822754539,1.5));
#7000=CARTESIAN_POINT('Origin',(647.,173.310822754539,1.5));
#7001=CARTESIAN_POINT('',(651.983749548258,159.694206418597,1.5));
#7002=CARTESIAN_POINT('Origin',(651.468189250162,161.102821901625,1.5));
#7003=CARTESIAN_POINT('Origin',(647.,173.310822754539,1.5));
#7004=CARTESIAN_POINT('Origin',(641.346581396898,157.398262903866,1.5));
#7005=CARTESIAN_POINT('',(402.321428168329,68.3165505680684,1.5));
#7006=CARTESIAN_POINT('Origin',(401.805867870234,69.7251660510968,1.5));
#7007=CARTESIAN_POINT('',(641.862141694994,155.989647420837,1.5));
#7008=CARTESIAN_POINT('Origin',(413.898970981377,36.6843513430284,1.5));
#7009=CARTESIAN_POINT('',(413.898970981377,2.99999999999999,1.5));
#7010=CARTESIAN_POINT('Origin',(413.898970981377,1.49999999999999,1.5));
#7011=CARTESIAN_POINT('Origin',(413.898970981377,36.6843513430284,1.5));
#7012=CARTESIAN_POINT('Origin',(519.449485490689,1.49999999999999,1.5));
#7013=CARTESIAN_POINT('',(836.101029018623,3.,1.5));
#7014=CARTESIAN_POINT('',(836.101029018623,0.,1.5));
#7015=CARTESIAN_POINT('Origin',(836.101029018623,1.5,1.5));
#7016=CARTESIAN_POINT('',(519.449485490689,0.,1.5));
#7017=CARTESIAN_POINT('',(519.449485490689,3.,1.5));
#7018=CARTESIAN_POINT('Origin',(836.101029018623,36.6843513430284,1.5));
#7019=CARTESIAN_POINT('',(847.67857183167,68.3165505680684,1.5));
#7020=CARTESIAN_POINT('Origin',(848.194132129766,69.7251660510968,1.5));
#7021=CARTESIAN_POINT('Origin',(836.101029018623,36.6843513430284,1.5));
#7022=CARTESIAN_POINT('Origin',(836.101029018623,36.6843513430284,1.5));
#7023=CARTESIAN_POINT('Origin',(738.242704518937,109.967937395064,1.5));
#7024=CARTESIAN_POINT('',(647.496281331124,141.584268130035,1.5));
#7025=CARTESIAN_POINT('Origin',(648.01184162922,142.992883613063,1.5));
#7026=CARTESIAN_POINT('',(737.727144220841,108.559321912036,1.5));
#7027=CARTESIAN_POINT('Origin',(649.730375956205,147.688268556491,1.5));
#7028=CARTESIAN_POINT('',(647.496281331124,153.792268982948,1.5));
#7029=CARTESIAN_POINT('Origin',(648.01184162922,152.383653499919,1.5));
#7030=CARTESIAN_POINT('Origin',(649.730375956205,147.688268556491,1.5));
#7031=CARTESIAN_POINT('Origin',(627.724571718731,144.958411445848,1.5));
#7032=CARTESIAN_POINT('',(655.983749548259,156.898724716841,1.5));
#7033=CARTESIAN_POINT('Origin',(656.499309846354,155.490109233812,1.5));
#7034=CARTESIAN_POINT('',(627.209011420636,146.367026928876,1.5));
#7035=CARTESIAN_POINT('Origin',(651.,170.515341052782,1.5));
#7036=CARTESIAN_POINT('',(665.5,170.515341052782,1.5));
#7037=CARTESIAN_POINT('Origin',(667.,170.515341052782,1.5));
#7038=CARTESIAN_POINT('Origin',(651.,170.515341052782,1.5));
#7039=CARTESIAN_POINT('Origin',(667.,150.799995703466,1.5));
#7040=CARTESIAN_POINT('',(665.5,238.936543046035,1.5));
#7041=CARTESIAN_POINT('Origin',(667.,238.936543046035,1.5));
#7042=CARTESIAN_POINT('',(665.5,150.799995703466,1.5));
#7043=CARTESIAN_POINT('Origin',(625.,238.936543046035,1.5));
#7044=CARTESIAN_POINT('',(584.5,238.936543046035,1.5));
#7045=CARTESIAN_POINT('Origin',(583.,238.936543046035,1.5));
#7046=CARTESIAN_POINT('Origin',(625.,238.936543046035,1.5));
#7047=CARTESIAN_POINT('Origin',(586.5,238.936543046035,1.5));
#7048=CARTESIAN_POINT('',(588.5,238.936543046035,1.5));
#7049=CARTESIAN_POINT('Origin',(590.,238.936543046035,1.5));
#7050=CARTESIAN_POINT('Origin',(586.5,238.936543046035,1.5));
#7051=CARTESIAN_POINT('Origin',(625.,238.936543046035,1.5));
#7052=CARTESIAN_POINT('Origin',(625.,238.936543046035,1.5));
#7053=CARTESIAN_POINT('Origin',(847.67857183167,68.3165505680683,0.));
#7054=CARTESIAN_POINT('',(847.67857183167,68.3165505680684,2.5));
#7055=CARTESIAN_POINT('',(847.67857183167,68.3165505680684,0.));
#7056=CARTESIAN_POINT('',(647.496281331124,141.584268130035,2.5));
#7057=CARTESIAN_POINT('',(737.727144220841,108.559321912036,2.5));
#7058=CARTESIAN_POINT('',(647.496281331124,141.584268130035,5.55111512312578E-16));
#7059=CARTESIAN_POINT('Origin',(836.101029018623,36.6843513430284,0.));
#7060=CARTESIAN_POINT('',(836.101029018623,3.,2.5));
#7061=CARTESIAN_POINT('',(836.101029018623,3.,0.));
#7062=CARTESIAN_POINT('Origin',(836.101029018623,36.6843513430284,2.5));
#7063=CARTESIAN_POINT('Origin',(413.898970981377,3.,0.));
#7064=CARTESIAN_POINT('',(413.898970981377,2.99999999999999,2.5));
#7065=CARTESIAN_POINT('',(413.898970981377,2.99999999999999,0.));
#7066=CARTESIAN_POINT('',(519.449485490689,3.,2.5));
#7067=CARTESIAN_POINT('Origin',(413.898970981377,36.6843513430284,0.));
#7068=CARTESIAN_POINT('',(402.321428168329,68.3165505680684,2.5));
#7069=CARTESIAN_POINT('',(402.321428168329,68.3165505680684,0.));
#7070=CARTESIAN_POINT('Origin',(413.898970981377,36.6843513430284,2.5));
#7071=CARTESIAN_POINT('Origin',(661.5,163.177201585671,1.11022302462516E-15));
#7072=CARTESIAN_POINT('',(651.983749548258,159.694206418597,2.5));
#7073=CARTESIAN_POINT('',(651.983749548258,159.694206418597,5.55111512312578E-16));
#7074=CARTESIAN_POINT('',(641.862141694994,155.989647420837,2.5));
#7075=CARTESIAN_POINT('Origin',(647.,173.310822754539,5.55111512312578E-16));
#7076=CARTESIAN_POINT('',(661.5,173.310822754539,2.5));
#7077=CARTESIAN_POINT('',(661.5,173.310822754539,5.55111512312578E-16));
#7078=CARTESIAN_POINT('Origin',(647.,173.310822754539,2.5));
#7079=CARTESIAN_POINT('Origin',(661.5,238.936543046035,0.));
#7080=CARTESIAN_POINT('',(661.5,238.936543046035,2.5));
#7081=CARTESIAN_POINT('',(661.5,238.936543046035,0.));
#7082=CARTESIAN_POINT('',(661.5,190.077407284526,2.5));
#7083=CARTESIAN_POINT('Origin',(642.377701993089,154.581031937809,2.5));
#7084=CARTESIAN_POINT('',(652.499309846354,158.285590935569,4.));
#7085=CARTESIAN_POINT('Origin',(652.499309846354,158.285590935569,2.5));
#7086=CARTESIAN_POINT('',(402.836988466425,66.9079350850399,4.));
#7087=CARTESIAN_POINT('',(642.377701993089,154.581031937809,4.));
#7088=CARTESIAN_POINT('Origin',(402.836988466425,66.9079350850399,2.5));
#7089=CARTESIAN_POINT('Origin',(413.898970981377,36.6843513430284,2.5));
#7090=CARTESIAN_POINT('',(413.898970981377,4.49999999999999,4.));
#7091=CARTESIAN_POINT('Origin',(413.898970981377,4.49999999999999,2.5));
#7092=CARTESIAN_POINT('Origin',(413.898970981377,36.6843513430284,4.));
#7093=CARTESIAN_POINT('Origin',(519.449485490689,4.49999999999999,2.5));
#7094=CARTESIAN_POINT('',(836.101029018623,4.5,4.));
#7095=CARTESIAN_POINT('Origin',(836.101029018623,4.5,2.5));
#7096=CARTESIAN_POINT('',(519.449485490689,4.49999999999999,4.));
#7097=CARTESIAN_POINT('Origin',(836.101029018623,36.6843513430284,2.5));
#7098=CARTESIAN_POINT('',(847.163011533575,66.9079350850399,4.));
#7099=CARTESIAN_POINT('Origin',(847.163011533575,66.9079350850399,2.5));
#7100=CARTESIAN_POINT('Origin',(836.101029018623,36.6843513430284,4.));
#7101=CARTESIAN_POINT('Origin',(737.211583922746,107.150706429007,2.5));
#7102=CARTESIAN_POINT('',(646.980721033028,140.175652647006,4.));
#7103=CARTESIAN_POINT('Origin',(646.980721033028,140.175652647006,2.5));
#7104=CARTESIAN_POINT('',(737.211583922746,107.150706429007,4.));
#7105=CARTESIAN_POINT('Origin',(649.730375956205,147.688268556491,2.5));
#7106=CARTESIAN_POINT('',(646.980721033028,155.200884465976,4.));
#7107=CARTESIAN_POINT('',(647.496281331124,153.792268982948,2.5));
#7108=CARTESIAN_POINT('Origin',(646.980721033028,155.200884465976,2.5));
#7109=CARTESIAN_POINT('Origin',(649.730375956205,147.688268556491,2.5));
#7110=CARTESIAN_POINT('Origin',(649.730375956205,147.688268556491,4.));
#7111=CARTESIAN_POINT('Origin',(626.69345112254,147.775642411905,2.5));
#7112=CARTESIAN_POINT('',(655.468189250163,158.307340199869,4.));
#7113=CARTESIAN_POINT('',(655.983749548259,156.898724716841,2.5));
#7114=CARTESIAN_POINT('Origin',(655.468189250163,158.307340199869,2.5));
#7115=CARTESIAN_POINT('',(627.209011420636,146.367026928876,2.5));
#7116=CARTESIAN_POINT('',(626.69345112254,147.775642411905,4.));
#7117=CARTESIAN_POINT('Origin',(651.,170.515341052782,2.5));
#7118=CARTESIAN_POINT('',(664.,170.515341052782,4.));
#7119=CARTESIAN_POINT('',(665.5,170.515341052782,2.5));
#7120=CARTESIAN_POINT('Origin',(664.,170.515341052782,2.5));
#7121=CARTESIAN_POINT('Origin',(651.,170.515341052782,2.5));
#7122=CARTESIAN_POINT('Origin',(651.,170.515341052782,4.));
#7123=CARTESIAN_POINT('Origin',(664.,150.799995703466,2.5));
#7124=CARTESIAN_POINT('',(664.,238.936543046035,4.));
#7125=CARTESIAN_POINT('',(665.5,238.936543046035,2.5));
#7126=CARTESIAN_POINT('Origin',(664.,238.936543046035,2.5));
#7127=CARTESIAN_POINT('',(665.5,150.799995703466,2.5));
#7128=CARTESIAN_POINT('',(664.,150.799995703466,4.));
#7129=CARTESIAN_POINT('Origin',(625.,238.936543046035,2.5));
#7130=CARTESIAN_POINT('',(586.,238.936543046035,4.));
#7131=CARTESIAN_POINT('',(584.5,238.936543046035,2.5));
#7132=CARTESIAN_POINT('Origin',(586.,238.936543046035,2.5));
#7133=CARTESIAN_POINT('Origin',(625.,238.936543046035,2.5));
#7134=CARTESIAN_POINT('Origin',(625.,238.936543046035,4.));
#7135=CARTESIAN_POINT('Ctrl Pts',(584.5,238.936543046035,2.5));
#7136=CARTESIAN_POINT('Ctrl Pts',(584.5,236.936543046035,2.5));
#7137=CARTESIAN_POINT('Ctrl Pts',(586.5,236.936543046035,2.5));
#7138=CARTESIAN_POINT('Ctrl Pts',(588.5,236.936543046035,2.5));
#7139=CARTESIAN_POINT('Ctrl Pts',(588.5,238.936543046035,2.5));
#7140=CARTESIAN_POINT('Ctrl Pts',(584.5,238.936543046035,4.00000000000006));
#7141=CARTESIAN_POINT('Ctrl Pts',(584.5,236.936543046035,4.00000000000006));
#7142=CARTESIAN_POINT('Ctrl Pts',(586.5,236.936543046035,4.00000000000006));
#7143=CARTESIAN_POINT('Ctrl Pts',(588.5,236.936543046035,4.00000000000006));
#7144=CARTESIAN_POINT('Ctrl Pts',(588.5,238.936543046035,4.00000000000006));
#7145=CARTESIAN_POINT('Ctrl Pts',(586.,238.936543046035,4.));
#7146=CARTESIAN_POINT('Ctrl Pts',(586.,238.436543046035,4.));
#7147=CARTESIAN_POINT('Ctrl Pts',(586.5,238.436543046035,4.));
#7148=CARTESIAN_POINT('Ctrl Pts',(587.,238.436543046035,4.));
#7149=CARTESIAN_POINT('Ctrl Pts',(587.,238.936543046035,4.));
#7150=CARTESIAN_POINT('',(587.,238.936543046035,4.));
#7151=CARTESIAN_POINT('',(588.5,238.936543046035,2.5));
#7152=CARTESIAN_POINT('Origin',(587.,238.936543046035,2.5));
#7153=CARTESIAN_POINT('Origin',(586.5,238.936543046035,2.5));
#7154=CARTESIAN_POINT('Origin',(586.5,238.936543046035,4.));
#7155=CARTESIAN_POINT('Origin',(625.,238.936543046035,2.5));
#7156=CARTESIAN_POINT('',(663.,238.936543046035,4.));
#7157=CARTESIAN_POINT('Origin',(663.,238.936543046035,2.5));
#7158=CARTESIAN_POINT('Origin',(625.,238.936543046035,2.5));
#7159=CARTESIAN_POINT('Origin',(625.,238.936543046035,4.));
#7160=CARTESIAN_POINT('Origin',(663.,190.077407284526,2.5));
#7161=CARTESIAN_POINT('',(663.,173.310822754539,4.));
#7162=CARTESIAN_POINT('Origin',(663.,173.310822754539,2.5));
#7163=CARTESIAN_POINT('',(663.,190.077407284526,4.));
#7164=CARTESIAN_POINT('Origin',(647.,173.310822754539,2.5));
#7165=CARTESIAN_POINT('Origin',(647.,173.310822754539,4.));
#7166=CARTESIAN_POINT('Origin',(665.5,160.381719883914,0.));
#7167=CARTESIAN_POINT('',(665.5,170.515341052782,5.55111512312578E-16));
#7168=CARTESIAN_POINT('',(665.5,238.936543046035,0.));
#7169=CARTESIAN_POINT('Origin',(625.,238.936543046035,0.));
#7170=CARTESIAN_POINT('',(584.5,238.936543046035,0.));
#7171=CARTESIAN_POINT('Origin',(586.5,238.936543046035,0.));
#7172=CARTESIAN_POINT('',(588.5,238.936543046035,0.));
#7173=CARTESIAN_POINT('Origin',(625.,238.936543046035,0.));
#7174=CARTESIAN_POINT('Origin',(625.,141.218271523018,4.));
#7175=CARTESIAN_POINT('',(403.696248541313,64.5602400188612,4.));
#7176=CARTESIAN_POINT('',(625.,145.558517722325,4.));
#7177=CARTESIAN_POINT('',(624.299555425788,145.302151511793,4.));
#7178=CARTESIAN_POINT('',(413.898970981378,6.99999999999874,4.));
#7179=CARTESIAN_POINT('Origin',(413.898970981377,36.6843513430284,4.));
#7180=CARTESIAN_POINT('',(836.101029018623,6.99999999999982,4.));
#7181=CARTESIAN_POINT('',(519.449485490689,6.999999999999,4.));
#7182=CARTESIAN_POINT('',(846.303744370082,64.560242613326,4.));
#7183=CARTESIAN_POINT('Origin',(836.101029018623,36.6843513430284,4.));
#7184=CARTESIAN_POINT('',(736.352316759253,104.803013957294,4.));
#7185=CARTESIAN_POINT('Origin',(625.,141.218271523018,12.));
#7186=CARTESIAN_POINT('',(661.5,238.936543046035,12.));
#7187=CARTESIAN_POINT('',(661.5,152.197736554344,12.));
#7188=CARTESIAN_POINT('',(588.5,238.936543046035,12.));
#7189=CARTESIAN_POINT('Origin',(625.,238.936543046035,12.));
#7190=CARTESIAN_POINT('',(584.5,238.936543046035,12.));
#7191=CARTESIAN_POINT('Origin',(586.5,238.936543046035,12.));
#7192=CARTESIAN_POINT('Origin',(625.,238.936543046035,12.));
#7193=CARTESIAN_POINT('Origin',(649.730375956205,147.688268556491,5.55111512312578E-16));
#7194=CARTESIAN_POINT('',(647.496281331124,153.792268982948,5.55111512312578E-16));
#7195=CARTESIAN_POINT('Origin',(651.,170.515341052782,5.55111512312578E-16));
#7196=CARTESIAN_POINT('',(655.983749548259,156.898724716841,5.55111512312578E-16));
#7197=CARTESIAN_POINT('Origin',(630.818911989695,147.688268556491,1.11022302462516E-15));
#7198=CARTESIAN_POINT('Origin',(413.898970981377,36.6843513430284,0.));
#7199=CARTESIAN_POINT('',(413.898970981378,6.99999999999874,0.));
#7200=CARTESIAN_POINT('',(403.696248541313,64.5602400188612,0.));
#7201=CARTESIAN_POINT('Origin',(836.101029018623,6.99999999999981,0.));
#7202=CARTESIAN_POINT('',(836.101029018623,6.99999999999982,0.));
#7203=CARTESIAN_POINT('Origin',(836.101029018623,36.6843513430284,0.));
#7204=CARTESIAN_POINT('',(846.303744370082,64.560242613326,0.));
#7205=CARTESIAN_POINT('Origin',(625.,145.558517722325,0.));
#7206=CARTESIAN_POINT('',(625.,145.558517722325,0.));
#7207=CARTESIAN_POINT('Origin',(403.696248541313,64.5602400188612,0.));
#7208=CARTESIAN_POINT('Origin',(402.321428168329,68.3165505680684,12.));
#7209=CARTESIAN_POINT('',(661.5,163.177201585671,12.));
#7210=CARTESIAN_POINT('',(402.321428168329,68.3165505680684,12.));
#7211=CARTESIAN_POINT('Origin',(413.898970981377,36.6843513430284,12.));
#7212=CARTESIAN_POINT('',(413.898970981377,2.99999999999999,12.));
#7213=CARTESIAN_POINT('Origin',(836.101029018623,3.,12.));
#7214=CARTESIAN_POINT('',(836.101029018623,3.,12.));
#7215=CARTESIAN_POINT('Origin',(836.101029018623,36.6843513430284,12.));
#7216=CARTESIAN_POINT('Origin',(625.,238.936543046035,12.));
#7217=CARTESIAN_POINT('',(584.5,238.936543046035,12.));
#7218=CARTESIAN_POINT('Origin',(586.5,238.936543046035,12.));
#7219=CARTESIAN_POINT('',(588.5,238.936543046035,12.));
#7220=CARTESIAN_POINT('Origin',(625.,238.936543046035,12.));
#7221=CARTESIAN_POINT('',(661.5,238.936543046035,12.));
#7222=CARTESIAN_POINT('Origin',(661.5,163.177201585671,12.));
#7223=CARTESIAN_POINT('Origin',(836.101029018623,36.6843513430284,0.));
#7224=CARTESIAN_POINT('',(836.101029018623,0.,0.));
#7225=CARTESIAN_POINT('Origin',(413.898970981377,0.,0.));
#7226=CARTESIAN_POINT('',(0.,0.,0.));
#7227=CARTESIAN_POINT('',(0.,0.,0.));
#7228=UNCERTAINTY_MEASURE_WITH_UNIT(LENGTH_MEASURE(0.01),#7236,
'DISTANCE_ACCURACY_VALUE',
'Maximum model space distance between geometric entities at asserted c
onnectivities');
#7229=UNCERTAINTY_MEASURE_WITH_UNIT(LENGTH_MEASURE(0.01),#7236,
'DISTANCE_ACCURACY_VALUE',
'Maximum model space distance between geometric entities at asserted c
onnectivities');
#7230=UNCERTAINTY_MEASURE_WITH_UNIT(LENGTH_MEASURE(0.01),#7236,
'DISTANCE_ACCURACY_VALUE',
'Maximum model space distance between geometric entities at asserted c
onnectivities');
#7231=UNCERTAINTY_MEASURE_WITH_UNIT(LENGTH_MEASURE(0.01),#7236,
'DISTANCE_ACCURACY_VALUE',
'Maximum model space distance between geometric entities at asserted c
onnectivities');
#7232=(
GEOMETRIC_REPRESENTATION_CONTEXT(3)
GLOBAL_UNCERTAINTY_ASSIGNED_CONTEXT((#7228))
GLOBAL_UNIT_ASSIGNED_CONTEXT((#7236,#7238,#7239))
REPRESENTATION_CONTEXT('','3D')
);
#7233=(
GEOMETRIC_REPRESENTATION_CONTEXT(3)
GLOBAL_UNCERTAINTY_ASSIGNED_CONTEXT((#7229))
GLOBAL_UNIT_ASSIGNED_CONTEXT((#7236,#7238,#7239))
REPRESENTATION_CONTEXT('','3D')
);
#7234=(
GEOMETRIC_REPRESENTATION_CONTEXT(3)
GLOBAL_UNCERTAINTY_ASSIGNED_CONTEXT((#7230))
GLOBAL_UNIT_ASSIGNED_CONTEXT((#7236,#7238,#7239))
REPRESENTATION_CONTEXT('','3D')
);
#7235=(
GEOMETRIC_REPRESENTATION_CONTEXT(3)
GLOBAL_UNCERTAINTY_ASSIGNED_CONTEXT((#7231))
GLOBAL_UNIT_ASSIGNED_CONTEXT((#7236,#7238,#7239))
REPRESENTATION_CONTEXT('','3D')
);
#7236=(
LENGTH_UNIT()
NAMED_UNIT(*)
SI_UNIT(.MILLI.,.METRE.)
);
#7237=(
LENGTH_UNIT()
NAMED_UNIT(*)
SI_UNIT($,.METRE.)
);
#7238=(
NAMED_UNIT(*)
PLANE_ANGLE_UNIT()
SI_UNIT($,.RADIAN.)
);
#7239=(
NAMED_UNIT(*)
SI_UNIT($,.STERADIAN.)
SOLID_ANGLE_UNIT()
);
#7240=SHAPE_DEFINITION_REPRESENTATION(#7243,#7248);
#7241=SHAPE_DEFINITION_REPRESENTATION(#7244,#7249);
#7242=SHAPE_DEFINITION_REPRESENTATION(#7245,#7250);
#7243=PRODUCT_DEFINITION_SHAPE('',$,#7252);
#7244=PRODUCT_DEFINITION_SHAPE('',$,#7253);
#7245=PRODUCT_DEFINITION_SHAPE('',$,#7254);
#7246=PRODUCT_DEFINITION_SHAPE($,$,#17);
#7247=PRODUCT_DEFINITION_SHAPE($,$,#18);
#7248=SHAPE_REPRESENTATION('',(#4020,#4602,#4603),#7232);
#7249=SHAPE_REPRESENTATION('',(#4021),#7233);
#7250=SHAPE_REPRESENTATION('',(#4313),#7234);
#7251=PRODUCT_DEFINITION_CONTEXT('part definition',#7262,'design');
#7252=PRODUCT_DEFINITION('hanger','hanger v5',#7255,#7251);
#7253=PRODUCT_DEFINITION('Component3','Component3',#7256,#7251);
#7254=PRODUCT_DEFINITION('Component2','Component2',#7257,#7251);
#7255=PRODUCT_DEFINITION_FORMATION('',$,#7264);
#7256=PRODUCT_DEFINITION_FORMATION('',$,#7265);
#7257=PRODUCT_DEFINITION_FORMATION('',$,#7266);
#7258=PRODUCT_RELATED_PRODUCT_CATEGORY('hanger v5','hanger v5',(#7264));
#7259=PRODUCT_RELATED_PRODUCT_CATEGORY('Component3','Component3',(#7265));
#7260=PRODUCT_RELATED_PRODUCT_CATEGORY('Component2','Component2',(#7266));
#7261=APPLICATION_PROTOCOL_DEFINITION('international standard',
'automotive_design',2009,#7262);
#7262=APPLICATION_CONTEXT(
'Core Data for Automotive Mechanical Design Process');
#7263=PRODUCT_CONTEXT('part definition',#7262,'mechanical');
#7264=PRODUCT('hanger','hanger v5',$,(#7263));
#7265=PRODUCT('Component3','Component3',$,(#7263));
#7266=PRODUCT('Component2','Component2',$,(#7263));
#7267=PRESENTATION_STYLE_ASSIGNMENT((#7269));
#7268=PRESENTATION_STYLE_ASSIGNMENT((#7270));
#7269=SURFACE_STYLE_USAGE(.BOTH.,#7271);
#7270=SURFACE_STYLE_USAGE(.BOTH.,#7272);
#7271=SURFACE_SIDE_STYLE('',(#7273));
#7272=SURFACE_SIDE_STYLE('',(#7274));
#7273=SURFACE_STYLE_FILL_AREA(#7275);
#7274=SURFACE_STYLE_FILL_AREA(#7276);
#7275=FILL_AREA_STYLE('Steel - Satin',(#7277));
#7276=FILL_AREA_STYLE('Red PETG',(#7278));
#7277=FILL_AREA_STYLE_COLOUR('Steel - Satin',#7279);
#7278=FILL_AREA_STYLE_COLOUR('Red PETG',#7280);
#7279=COLOUR_RGB('Steel - Satin',0.627450980392157,0.627450980392157,0.627450980392157);
#7280=COLOUR_RGB('Red PETG',0.964705882352941,0.32156862745098,0.);
ENDSEC;
END-ISO-10303-21;
